7.484856985936093610e-01
2.612997294054845987e-02
1.442398771519623202e-01
1.342935306825635833e-01
1.514950322963618812e-01
9.849038257346161007e-01
1.860544867527327839e-01
4.064591177638902653e-01
3.495739100739982813e-02
2.346988527793574808e-01
1.661688157247621644e+00
3.554631880293245283e-01
2.343813290165800978e-01
1.000638655185149412e-01
1.094136058669921002e-01
6.986558065559408170e+00
1.193122156047451560e-01
1.458634916870812648e-01
3.609931547428233550e-02
2.562998409035546765e-01
1.521261036440032743e+00
1.400475148746688388e-02
2.976929859398495803e-02
8.533200539804797202e-01
1.048749382746527910e-03
2.695611005352886030e-02
3.661323120988318469e-01
3.248224479423490046e-02
8.744376078504801503e-03
7.136150975012199582e-02
1.488294483075293106e+00
1.914104187472802865e+00
4.573480832680791863e-01
1.030708929581763966e-01
5.747620219987628065e-01
2.388397344687890056e-01
7.475091054573665961e-01
3.688177516833277547e-01
6.843712805791113407e-01
4.001277370945439671e-01
3.283792973419293326e-01
3.330134867318295666e-01
8.140461715591458536e-02
3.477640533104016107e-01
1.166338198475602994e-01
4.917008596480312299e-01
2.013405242379114890e-01
1.264244156064257309e-03
9.810441795299959522e-02
4.602085906326536940e-02
6.029425249138168144e-03
5.875461184560038658e-02
1.298702124370449199e-02
4.509480774042049639e-02
2.694569092524211062e-01
1.654530681049259100e-01
1.001321323217249509e-01
4.563835497253968754e+00
1.093282528797801384e-01
2.028260169324951068e-01
6.771334523485125767e-02
7.920476232217460444e-02
2.270190989959863705e-03
2.857986149978807844e-01
1.475571257185468665e+00
1.325502574723460281e-01
6.466851424675944315e+00
6.428739544225926805e-02
7.043250642097879100e-01
5.345131456586937890e-01
5.193051461398779933e-01
2.114868936551339285e-01
1.569082994553011312e-01
1.249807809180051577e-01
1.741239726763764706e-01
1.745792370669572158e-01
7.747062098330301239e-02
1.202970890609796409e-02
4.192080732342327865e-02
8.554511850315295318e-02
4.013857949284386217e-01
2.084364022780688386e-01
3.673468228059783014e-01
9.861146056937855064e-01
1.492399517255534602e-01
2.703979104691031310e+00
1.086066739033785700e+00
3.937999378390791283e-02
4.401718514658636144e-02
1.546064710997552549e-01
1.939402064606575993e-01
1.513889963337744227e-01
2.377296437143855690e-01
2.489862747413618682e-01
1.305153287170778553e-01
5.193174378296070426e-01
2.235976038503538765e-01
5.664422906444530614e-01
3.742767170257145781e-01
4.613659304268735023e-02
7.671693969797376278e-01
3.050618259958390865e-01
2.776813532513903310e-02
6.766511721827002390e-02
3.943040411460047578e-01
8.325125853025062972e-02
1.046076240707071725e-01
2.756599550440377855e-02
3.496890842485994577e-01
1.529901047440442308e-01
2.080230364118801911e-01
2.170044927393952161e+00
7.842805810013267487e-02
5.847194511381910154e-01
8.112364761268404667e-01
1.980666324326874894e-01
3.344724716082480565e-01
2.050884250465208891e-01
1.893058490661929938e-01
2.826992304756356100e-01
4.133400890414256484e-02
1.383782393570311076e+00
2.026457520758143394e-01
4.066435429777345290e-01
2.960984447824886734e-02
2.482613314098320034e-01
3.026816368050045947e-01
3.753391983461500797e-02
7.648551634833374857e-01
3.841700310616821823e-01
2.813769867858712526e-01
3.597603958092796539e-01
3.769372895254676226e-01
4.703860751536961260e-01
3.588165251427976460e-02
1.934234747872706217e-01
7.273514375569065660e-01
1.423288701343794482e+00
2.719206383063154167e-02
5.265597324838987986e-02
9.832854437345598386e-01
3.852135133361291874e-01
3.302861923662107624e-01
6.274859352385012135e-02
1.024853202418872095e-01
1.166195844943894999e-01
2.017682656699111010e-01
1.237410023922622983e-02
1.722201166768315417e-01
9.730735896406199348e-02
9.959498401570156256e-02
1.157792018703098121e-02
3.835322445008848558e-02
1.721636635000737825e-01
6.521461016758964835e-01
1.912052421629073518e-02
8.421222004162974561e-02
3.145503584485450504e-03
4.306484922984455954e-01
1.090232125564299243e-01
4.782356781773349219e-01
3.070786852855672197e-02
5.295533109269866534e-01
1.527907254997273312e-01
6.350097560655068030e+00
1.416668897077159872e-01
1.195967857203142706e-02
1.303288520601387501e-01
2.272452611720567756e-02
5.224070837364146874e-02
9.135136205084300534e-03
1.012548505889522138e-01
7.523934996319525670e-01
6.106483903635594179e-02
3.854968237034305661e-02
6.086109642391148711e-01
6.483974799634167029e-03
4.220991212458916064e-01
4.809402736491750208e-01
8.217238883962320328e-02
4.532922444442168408e-01
3.486687703788100834e-02
3.072789231802115426e-02
6.367979603006883316e-02
1.828889923412584106e-02
1.127928699696272075e+00
2.060341966919689016e-01
6.324028016770498473e-02
7.809419242741710843e-02
7.912147696327992419e-02
2.554047338382434695e-01
2.824978650951201920e-03
4.155623820714758089e-03
1.581528885912913962e-02
2.539451538303230116e-01
2.270958361057115182e-01
4.815240194166912069e-01
5.178370642319129157e-03
2.160726200378007278e-01
6.239122509325610855e-01
2.972572383297720777e-01
1.591796339023360041e+00
3.411430725991930757e-01
1.095091210592776254e-01
5.621318117416785887e-01
2.918182689679745256e-01
5.104581911952425083e-02
9.411329891934785974e-02
1.397795630569097280e+00
3.264246868959361780e+00
2.225078917961970937e-01
8.111282045238745741e-01
5.660139681204032214e-02
1.035150455311061313e+00
4.315445297191355389e-01
2.667792850436591090e-01
1.181078157470751844e-01
1.884380242149683582e+00
2.920820334709391730e+00
1.940456033186998275e-01
2.552712689620857400e-01
6.228966892271876020e-03
2.673986217700807799e-01
5.412979181085655789e+00
6.204005239780280290e-02
3.200265533587707267e-01
2.919209198121611171e-01
8.237014798646991043e-02
3.572887122203745047e-01
2.460070171279531981e-01
8.760111065565846789e-02
3.396412675386512731e-02
3.649244334267994216e-01
3.255080237161378509e-02
2.142258741988675996e-01
2.059171751838179409e-01
1.216615362060348565e-01
9.777618684150417294e-02
2.510293432945290282e-01
2.719793518542236443e-02
4.187140417394553948e-02
1.222756761532453745e-01
8.455772935244339206e-02
2.116891466168457081e-01
1.077673902309406739e-01
4.963920501085477416e-02
4.919926986134069424e-01
3.386574091313269141e-01
9.539853579510831905e-01
8.266471940801460583e-02
2.063344276591848325e-02
6.074397668791609028e-01
9.420758576852177046e-02
2.198145697940627197e-01
2.461515859127354766e-01
6.570627654197950251e-01
1.326112734814203775e-01
7.006982467758970934e-01
3.021328657674519635e-01
1.678817834417175581e-01
1.070112967187679676e-01
4.145013462184647390e-01
9.294292220304371105e-03
9.812321416836672361e-02
1.121558235849892338e+00
3.320008784278379865e-01
1.126771634151320783e-01
1.097935856909377714e-02
1.845774814173765377e-01
2.446499877984275040e-01
2.380624506341450300e-02
1.082006859685385319e-01
2.723492402323853590e+00
8.913608018051856485e-02
1.249059604938604073e-01
4.628651264378185748e-01
1.059205083649060464e-03
2.742664622702188360e-01
7.122508937779378213e-01
2.203640467449587526e+00
3.678016801784931428e-02
1.006771825235394657e-01
9.023262345478422208e-01
6.789008554523898176e-02
1.256366429149429476e-01
2.195727163541892971e-02
2.935855283144062078e-01
9.563078915615889075e-01
1.763426464191551746e-01
5.018183296609108890e-01
4.484637525750355125e-01
1.494600581915467644e-02
1.182134066781694193e+00
3.525307330780617643e-01
1.695220824795283521e-02
5.108103738087312884e-01
6.126222318991120241e-01
1.250469643631416938e-01
1.775904051051071797e-01
4.721922158953818782e-02
8.670406530679278134e+00
5.128768746868889866e-02
8.620350162440996999e-02
1.960988836759060550e-01
1.823309703842784790e-01
4.777633827489033425e-01
1.686049925353486079e-02
4.385727770560720468e-02
2.037666537628989027e-02
6.576731981624285295e-01
4.003112942336200519e-01
4.215838736248845642e+00
4.932866103485399750e-02
1.904110343013464546e-01
2.290192134793034295e-01
4.370945828856262483e-02
1.253205354422445850e-01
4.551664331313754475e-01
3.227336662566994419e-02
3.720121812793902860e-02
4.014897091309248545e-01
2.416493534234976370e-01
1.337309549909553863e-01
7.564017036695078744e+00
1.496772079080943008e-01
5.031933965591610380e-02
3.817900304133176742e-02
1.097910376294857077e-01
1.915185758641988478e-01
4.066616512656796578e-01
4.838869896997904374e-01
3.017093954696787428e+00
2.230367019945857926e-02
5.402886077295129472e-03
4.968587756830395580e-02
4.035372444775480946e-03
1.846244060350813246e-03
4.312599501590177326e-02
6.830224224457864812e-01
6.853075740716689512e-02
2.631551899689006380e-01
5.867644906135394134e-01
1.172855772881287839e+00
8.801651866830451088e-02
6.847911329267329650e-02
1.218626034463595464e-01
6.508536702799906370e-01
7.508491545187562233e-02
3.692948276121741369e-01
5.967316771234765227e-02
1.077612755768409203e+00
1.194238635779596880e+00
4.135608045061810178e-02
9.084833008925700948e-02
1.031279593266022226e-01
1.400007374644558072e-02
2.479563162701029500e-01
9.391859176161031220e-02
3.645930989255352084e-01
1.264163256728025042e-01
8.707920189259510391e-02
3.511507004817648325e-01
2.531823138290372199e-01
6.921834048291711228e-02
1.295751349818734521e-01
6.602344259022905337e-01
1.628792041028773452e-01
2.343368430688647364e-01
1.612877383805166598e-01
3.918101035849488184e-02
1.078053811884593927e+00
2.688720255462484943e+00
1.151123621043313783e+00
3.320018646010372554e-01
7.161137880227232133e-02
4.902963014417396209e-02
3.478416758017498916e-02
2.320081515979766917e-01
1.958605447898809360e-01
1.096763135833631470e-01
2.330843536629749468e-01
7.564769385967748394e-02
5.156522546790037742e-02
6.018227249212665386e-02
1.500718104525550767e-01
4.839903546620434593e-02
2.953950778686638690e-01
1.801728330954335267e-01
1.922063415776844924e-03
7.578564826654098363e-01
2.218352946595696651e-01
1.440787243012036978e+00
9.626879734117409215e-02
1.664352659134917811e-01
1.133211696444434979e-01
1.730775766471680521e+00
4.966137774090434442e-02
2.718152357219262516e+00
1.251342930448250124e-01
2.885569598639288469e-02
2.181577019651241914e-02
1.093669315340067422e-01
9.542066786182751059e+00
4.909820949602572981e-01
1.440314515502561232e-01
1.617872798180802207e-01
8.855316966739314177e-02
3.479732616440629034e+00
2.561874785286537559e-01
9.138785167666179099e-01
1.431325836880240343e-01
1.253826792716940863e+00
7.734563452986325388e-03
3.820968049378859477e-01
3.081146076415209462e-02
1.596327373333120969e-01
1.008688334096322498e-01
1.592793754486302449e+00
1.218446937843850747e-01
1.700873643394786860e-01
1.791811534484647195e-01
9.945498072806015222e-02
5.323085117856209969e-01
8.574889955112452444e-02
2.210391198657402079e-01
4.635938494324399195e-01
9.629135961126948640e-02
1.765828097160644650e-02
1.007110489779130313e+00
3.025725084236767504e-02
1.401036245858207518e+00
1.216011073371295464e-01
2.515740434633520831e-02
3.576856759344970160e-01
2.159662021588618863e+00
1.011938232509195013e+00
2.031219457957220142e-01
4.302545080378646913e-01
5.538583190503395398e-02
3.913868513493100332e-02
5.375897958318473502e-02
2.241130974885444438e+00
7.248513470634951328e-02
1.309417491775727305e-01
1.864159494104900838e-01
4.313133906658964678e-01
1.361390862536115132e-01
2.577811204110207893e-02
3.176614125632148261e-02
1.028690970972627045e-01
2.389329261283723860e-01
1.496539124418632682e-01
3.510715492151791212e-02
7.298891234305937559e-01
3.604142645900659803e-02
6.073069492592624019e-02
3.415194715907137607e-02
2.416154630228216915e-01
3.809433035714257509e-02
7.773099625776684618e-02
1.564671337637285053e-01
7.848842168340615100e-01
1.930493332152637782e-03
2.039993112017797136e-02
7.211568465249032500e-02
9.542027584500347714e-01
1.879776299265649708e-01
1.281680774143958979e-01
1.630782695468125931e-01
1.753725831694269086e-02
1.083772298931209299e-01
1.149302740132996659e-01
6.873623812086332441e-02
1.812055854459943660e+00
1.195422339103302881e-02
1.371173964409456714e-01
2.630423878452167186e-01
5.686004037126354271e-01
1.689088905242309702e-01
9.775800599966685822e-02
3.462430499974358256e-01
1.230405321629381016e-01
5.935528076882593540e-01
6.247737479980076669e-01
2.826833921579853914e+00
8.357942509081636717e-02
5.499770778710182106e-02
6.240885558421735424e-02
7.353788535059925247e-01
1.239938777458601399e-01
1.902051077445786609e-01
2.272799950350693710e+00
5.274702172167461400e-01
2.317923476660928017e+00
1.001438738215156832e+00
2.109112458672060819e-01
1.437995373076382255e-01
9.943660894225109237e-02
3.610077237913381643e-01
4.636965698224786436e-01
1.385038323122050608e-01
2.161786795169952369e-01
3.962692634829040328e-02
6.383561912720817633e-01
3.803429640273035817e-02
4.850881868454858248e-01
9.006703507456806368e-02
1.985675020594837581e-02
4.598755779053124160e-01
4.190001832920543512e-01
2.226996609283965256e+00
5.321029252919243224e-02
3.967167263642202846e-01
8.765702169104362673e-02
5.184433665419851955e-01
6.319140923537924781e-01
4.756926673407451123e-01
4.477074809644832620e-01
1.865587947162216098e+00
8.441901207565317977e-02
3.696939487420035364e-02
2.567687599644540519e+00
9.018783501366511857e-01
7.633285247264741669e-01
2.443642029665050952e+00
1.554567407601862294e-01
5.843892182319392059e-02
1.674272563102353339e-01
4.635487849995198993e-03
2.400860999161127940e-01
3.370302393397828222e+00
2.464526237019498342e-02
2.714469394748550424e-02
3.593488722611297703e-01
8.475370451491659463e-03
9.845798377223025089e-02
9.574763604878712420e-02
3.268822136365936298e-02
1.000587159372413604e-01
1.018045472826179798e-01
9.283108205938545021e-01
1.160141815176178245e-02
9.077542472910535842e-01
4.411762009318802996e-02
2.164336253656448106e-01
4.299062413429674545e-01
3.835617005043468614e-02
1.340925452618962899e+00
1.777136337825789836e-01
7.729619424319728038e-02
5.697113169260784385e-03
1.888287675363957696e-01
3.787595227864891667e-01
1.984310642456398877e-01
5.757219863682860178e-02
1.938291955729936622e-01
3.154519943654249259e-02
9.718671399400637123e-02
1.427752917210910188e-01
4.361006361557915323e-01
7.427890593100114347e-02
2.238176152162827393e-01
3.209656019470440852e-02
2.940581923226748828e-01
3.853430546940819768e-02
6.376029241419438331e-02
3.964023603757481362e-02
1.611313708603838712e+00
3.402428968793525521e-01
1.576898748858828747e-01
1.343682255257851565e+00
1.209757247975721262e-01
1.512220194494685033e-01
7.554316230574706359e-02
1.041789513108968696e-01
1.594663719818664449e-01
2.608495929342703468e-01
9.251856670406538585e-01
1.147438474721921425e-01
1.400149842141456928e-02
1.844547544608394540e+00
8.479727527438282175e-01
1.568330583907095732e-01
1.463355990209787683e+00
2.559574437077004050e-01
2.236124082071190289e-01
7.200248032989427227e-02
2.833242634252225445e-01
4.071751024338529090e-01
1.163272512704550121e-01
2.705138736101358674e-02
4.567252018494075139e-01
3.634719801161417907e-01
9.538751740402036383e-03
4.698576570806349273e-01
4.477862739888317789e-02
9.558297584923342027e-02
8.487360599398834360e-01
6.740505788163585199e-02
7.718349157173717834e-02
3.744070117572121381e-01
4.524929369670276924e-01
3.512116568601007793e-02
1.395407269386642578e-02
1.720943578088207415e+00
2.389227224193604671e-01
3.190462344979439480e-01
1.960600746806995254e+00
3.634387942012437644e+00
1.141606513202485240e-02
1.618976634943588844e-01
3.137079578466364094e-01
3.792272873755500595e-01
2.117417192383052801e-02
1.426351787805532345e-01
3.240694309297036113e-02
5.851991842193753762e-02
7.905426505256167857e-01
7.368225721844573473e-02
6.855043701672634826e-02
5.449814645304995597e-01
1.285661859352874303e-01
6.633611459226136653e-02
3.946205244378250820e-02
1.957080661141289701e-01
3.035923612904222260e-02
1.312966615240920565e-01
1.420617876735507101e-01
6.458625675926755738e-01
6.674684604151048806e-01
5.693890030692617676e-01
1.425451287401261757e-01
2.278415800957461990e+00
1.065056757995828551e+00
1.106031907110636842e-01
7.898106178017429146e-02
1.016342983001326861e+00
1.961927673639868308e-01
6.077691724398806006e-01
2.117718345128232274e-02
9.507650156751276671e-02
2.640956996375673667e-03
1.542441117169639775e-01
5.188372180392794020e-01
1.448332988115833830e-01
6.990687185490823685e-01
1.198168114498920689e+00
1.990008491326762385e-01
3.717501013818691469e-01
6.879583285640400447e-02
8.043641941243632326e-03
1.204263898445407266e+00
5.381703749264226538e-02
2.490901415357612073e-02
1.924001236807827420e-01
8.458742804083023259e+00
1.872104855730233053e-01
1.199412444588899840e+00
1.653413825142969307e+00
2.157262397386590924e-01
9.007788721552195677e-01
1.032128570601875683e-01
7.900842953641959432e-02
8.521901529988629154e-02
5.035387323354347799e-01
8.757984992973330204e-03
2.016861707861621333e-01
1.378672844565069847e-03
2.186747102547693944e-01
7.693489331549968613e-02
2.521438944169940855e-01
9.161044713589349200e-03
1.470093688765534923e+00
1.563006221485062630e-01
2.804930179170057603e-01
1.675656917967960347e-01
1.351570421642102726e+00
4.684373490164850939e-01
1.296898567637198851e-01
2.716096786018576403e-02
1.339669857234565276e-01
1.198480876575233334e-01
3.399712041073136848e-01
1.615003581744650363e-01
3.078733235078134900e-01
1.806373171820388202e-01
1.214598741686163420e-02
8.168160244579303342e-01
6.794316934246438788e-02
6.299091300976992214e-01
2.354241927985628591e-01
3.935772856448045975e-01
1.493460288393245461e-01
6.901749067099822998e-02
1.107107953897286778e+00
5.797495762672242314e-01
7.718324432981628069e-01
3.457784382369796794e-01
9.885276009550376664e-01
4.209557743647743266e-01
6.033012868555943653e-01
1.763160871336686142e-01
9.933679905311244562e-01
1.524580502678555827e-01
1.558980923682180830e-01
1.446097048029466592e-01
4.072812240400496692e-03
1.440171869543910577e-01
1.040820587455889706e-01
4.544139236826602035e-01
3.961319699753621665e-02
1.739318410567528839e-01
3.441464971951537777e-01
1.526243170052757336e-01
3.378849425004862850e-01
6.154153633209401286e-02
5.436882065386417634e-02
4.944144516671606510e-02
2.747909051498014232e-01
7.082973946382404955e-03
6.250132294923524956e-01
1.711560796408502227e-01
2.202686905164043529e-01
2.467965920892021825e-01
2.291896166686443748e-01
3.300135730737211587e-02
4.882871870997408659e-02
9.241340228734132300e-02
5.100569455199598368e-01
4.992711467905892875e-02
1.057410932031945583e+00
2.614372595519859344e-01
2.986221141319383432e-01
8.401651236796475741e-01
4.972652075090510104e-01
8.942794324475393797e-01
2.128743950808489604e-01
3.309111473939783110e-01
2.154669733636009610e-01
3.671625947288579828e-01
1.039525893882792540e-01
3.314887886310889376e-01
4.991513756009712255e-01
1.032626279369522893e+00
8.359710452646051948e-03
7.238393544028977333e-02
3.558379237723514610e-01
8.428615593400934358e-02
4.924556923601743352e-01
6.020381149042617480e-02
2.507932267840219664e-02
9.448919939227645726e-02
8.876719504046855225e-02
7.541967577239271081e-02
1.138299378800399636e-01
3.279526409598944037e-01
4.113329934640383989e-01
2.080056926962866315e-01
3.559345601413859139e-01
9.950571524254425704e-02
6.741520933196631926e-02
4.660538651081953809e-02
8.134300682479907174e-02
1.538807405851358445e-02
5.558607583103588601e-01
5.386998470601143257e-02
8.681857231361587990e-02
2.855543836965854232e-02
2.712576360074427373e-01
1.026961513931236858e-01
3.427362958358777245e-01
2.696143191111994089e-02
1.469037165755772943e-02
3.863723655212797148e+00
6.060587365609216431e-02
7.195648877248235209e+00
5.660838887539765274e-01
9.735890545464338797e-02
1.248846437435335993e-01
1.272595229121574745e-01
2.053041350717204061e-01
2.803908900135009263e-01
1.254184803233455714e-01
7.625322876323384347e-02
2.560930961161803632e-01
3.279168842455376098e-01
4.211126057303647002e-02
1.765246964149211895e-01
2.824467437827019034e-02
1.558853915570098184e-02
4.509535715479853768e-01
2.768181148633745980e-01
1.951411971647731558e-01
6.237039715982879706e-02
4.801253660215282215e-02
8.537243233176120549e-01
3.951167061566687178e-01
9.534789785786491612e-01
5.677599549499555698e-01
5.125707008170411749e-02
2.403490560155693290e-01
7.411039671978356669e-01
8.968734777783563539e-01
5.381871383561876582e-02
3.124146699318609832e-02
1.551840782326311396e-01
2.216871552314585714e-01
9.837275952570208037e-01
2.292766899894324695e+00
7.594758045102275590e-01
1.752580021155938916e-01
2.725812177676061390e-02
7.623768226566925155e-02
1.027639747367183332e-01
2.041389392548929177e-02
4.264826783779407937e-01
7.231311769589608973e-01
3.514726496272275735e-01
4.550575638739492446e-01
9.447841909639531632e-02
4.125676686982521213e-02
1.411233564788922368e-01
5.720209690843013339e-01
1.940731660618384424e+00
1.969349475152716578e-01
4.232907020645336471e-02
3.258659800496753745e-01
2.407226661378307764e-01
1.774810491443792604e-01
6.596027725984489332e-02
5.898352148382875193e-02
1.075888061048036956e-02
1.050399292709930030e-02
1.875988401721310206e+00
9.030780956581710428e-02
1.502378926051623799e-02
6.587529534302094536e-01
5.895915289283882865e-01
2.237202500779638392e-01
2.998969701955469525e-01
6.007219571689779158e-01
5.436409477203130863e-02
7.161803918687484893e-01
7.574679664469199381e-01
8.231485883231108233e-03
2.477764569220648749e-02
9.655857229981522002e-03
2.951236240522527310e-01
2.328142391712650361e-01
1.353315194516515885e-01
2.489335988036194824e-01
1.328017231517207186e+00
2.363318268809657188e-02
5.487641661845266139e-01
4.505674302418261057e-02
6.238998971372330948e-02
1.964716829066899928e+00
8.073944488855429036e-01
1.334509473492066223e-01
4.339601684851433772e-02
1.141325900763490164e-01
3.569683698368807372e-03
5.191740761414099792e-01
1.700151589280699815e-01
1.063229307144809344e+00
3.059971045650339283e-01
3.382368173203706418e-02
1.425703672984171902e-02
3.296950179386005930e-02
9.797751922020604687e-02
2.208326582311758157e-01
3.288379088419088325e-02
7.098717059226508086e-01
1.278167377108687386e-01
2.414725576125867634e-01
8.829375359089948472e-02
7.770243353758413685e-01
1.375881788353363055e-01
6.526554368352968649e-02
6.351463670129169070e-02
4.065334874608471649e-01
2.549174169029474468e-01
1.282765066575056352e-02
1.787855042112861115e-01
1.435288641760380512e+00
6.734638454957497800e-01
2.086380615999071930e-01
5.238999923054923347e-01
6.389086501521759609e-02
3.424092135312656549e+00
5.831039667659596720e-02
1.322187400344007613e-01
3.779985839738147363e-02
4.148044205158222253e-01
1.819322640346130449e-01
9.177841424825692804e-03
4.345442033945045579e-01
1.899452263722480050e-01
9.423110384012906016e-02
2.762348914574889180e-01
2.827337772468719798e-02
2.002766083377984785e-01
8.759542629756082721e-02
1.558861689330210132e-01
8.860409260808811693e-02
4.752520718632003427e-01
1.779465362498060810e-01
3.968566459052751128e-02
4.975145478416716505e-01
1.975871796358411314e-01
2.220939335229942524e-01
1.175998480056591688e+00
2.088088581001134869e-01
1.005599839884734781e+00
2.974682349279271221e-01
3.472163031658462296e-02
1.651445764041195238e-02
2.049106936291131553e-01
6.306011329887323269e-02
7.128165712966448575e-02
1.875412667820016699e-01
2.113867605311862408e-01
4.144627625045738117e-02
1.171715016810243870e-01
1.389552688566224065e-03
5.398104639927045478e-02
5.006683075624723811e-01
8.582731579341588285e-03
1.688580139245449141e-01
1.804238136610973042e-01
8.035665174488154650e-02
4.037568446873830652e+00
3.761228909227886663e-01
7.118812810208129116e-02
1.584489668282527686e-01
3.435419346070180818e-02
1.825260138815439914e+00
2.311331389144924975e-01
3.234188048434427643e-01
4.703682301435620494e-01
3.897803299546526070e-03
1.746932729478828383e-01
9.033428257749995249e-02
1.758011828971206905e-02
2.774157554163539707e+00
7.226780084450175334e-02
1.235394322263391853e+00
1.107286155101195463e-01
1.073541709593434090e+00
1.996263318966175759e-01
1.091573827047450373e-01
2.853206458183730199e-01
6.753687045326146610e-01
2.282783742460062493e-01
1.168332330930697660e+00
1.401068809626484224e-01
7.740796318902863904e-01
1.911764871591896744e-02
3.154517711977316563e-01
3.569797536647578012e-02
7.044902891150748303e-01
7.494262574045626457e-02
3.741387378148456899e-01
2.838171947928692096e-01
1.085286927433020410e-01
1.108052364562319481e+00
2.391529661139638885e-01
1.259523931328223045e-01
6.735621280993603355e-02
2.874663953345663603e-01
3.899007451577449213e-01
1.576315112537564692e-02
2.751279931262444814e-02
4.418939162471134836e-03
6.200574955045301540e-02
2.838217627354761019e-01
6.112459304910706770e-01
1.786170945130597376e-01
6.844288109525198394e-01
5.797827001237740134e-03
1.699250351047793872e+00
2.110938750074843884e-01
4.926031807406184293e-01
2.864231446153170033e-02
1.436032810828048456e-01
7.161002855834284163e-03
8.421988355808032733e-02
1.451156414431252484e-01
8.997497096711396525e-01
1.620058559451979241e-01
6.774025820492575456e-02
1.299888479672925423e-01
1.186754453751978911e-01
7.951497052843101709e-01
4.497760374986764509e-02
3.441302668058654479e-02
9.956447773002465862e-01
1.165358049650606187e+00
1.320493799014642311e-01
1.247210989978624063e-02
2.134236822184456261e-01
1.947288192880896496e+00
2.203455859416579288e-01
5.975326194273023611e-02
2.253360796401120691e-01
4.240292135414607672e-02
5.688078751988492193e-02
4.270616347385032541e-02
3.024348260904605526e-02
2.493808628926059145e-01
1.619872650563383698e-01
2.160205436255739631e-02
2.301498377861202482e-01
1.542288279357922343e-01
1.996824205308401004e-02
5.331042177032092877e-02
3.656733060371207267e-01
4.873388613951044057e-01
1.578560963929399319e-01
3.318391869405430961e-01
2.031157793906120113e-01
1.789289484473799777e-02
1.870185262793771785e-01
5.007424982997369378e-01
1.082478722819469642e-02
1.274229605025437362e+00
4.061382124294399820e-01
5.660322711801811790e-01
1.629186278004567945e-01
2.616642913898692968e-01
4.257197050776702629e-01
3.701156323443125507e-01
2.043998902610550950e-01
4.771265784449943426e-01
1.938890950895386212e+00
2.180009109008171631e-01
1.016991906652009621e-02
2.624135436942490185e-01
1.983003089097862492e+00
1.005050603593449637e-01
1.334833821581557500e-01
2.190897556457885656e-02
2.592106338159216317e-01
8.930644136881353834e-01
1.071044065252289984e-01
6.029846476647585801e-02
4.815144823798042095e-01
1.879036250440711819e-01
1.030706019673781754e-01
1.868246420012731612e-01
5.243357751471471734e-02
3.441330898735576321e-02
1.236290253967729180e+00
2.592668091290878385e-01
4.485091284356798602e-02
7.503125022086593043e-02
5.429374567765987009e-02
1.856366077558448818e-02
9.528841219351692760e-03
1.672528206606290091e+00
2.492917331687618254e-01
8.429740809251116962e-02
1.185363533343342990e+00
3.404080421069846096e-01
3.833191169703948908e-01
7.176652600365975194e-03
9.005403685464366190e-03
1.011888898695259033e-02
3.807106364400067444e-01
8.019645787324736208e-01
4.034262722738653911e-02
1.613551107175011656e-01
8.881205270511484395e-02
1.398464310357640239e-01
6.606884321040397412e-02
2.622984740001664816e-01
7.726522290759053890e-02
5.912276331541281571e-02
1.882472691130858133e-01
1.058418582126959689e-01
3.642924642032966620e+00
8.118639072868912843e-01
1.406710545634771159e-01
5.692774351713612152e-02
3.461953489481937041e-01
9.388706792509023125e-02
6.022400191914906165e-01
1.631348341290604353e-01
2.136980349072949981e+00
1.521040887556042165e-01
1.290723419028350083e-01
4.652309286831261548e-01
1.596941335636864745e-01
6.093323282874704705e-02
2.537214822933653649e-02
4.127166049697894579e-01
3.262725391777548944e-02
1.610392108668641520e-02
1.009605857448568678e+00
1.400694737943478270e-02
3.680468732394127085e-01
8.877214741641541451e-01
5.760060075197672713e-01
1.412879533659759934e+00
2.268209778002864274e-01
2.933025306764643902e-01
2.271662842441055929e-01
1.531346499783427517e-01
2.890513068532257410e-02
5.544306865415035701e-02
1.758733048958768697e+00
8.211805172911516848e-02
5.347217146881767524e-01
1.603464776735805675e+00
1.596323769515010926e-01
9.554191930904319674e-02
1.061686727811391867e-01
1.004889475255120734e-01
6.486106461820684288e-02
3.439146288947206864e-01
2.380767848702234346e-01
1.880618180019485441e-01
6.864196218033201402e-02
8.053351252733158550e-01
2.902013985486827721e-02
1.226277261787503264e-01
1.744030018846618249e-02
7.815168031441596663e-02
1.195621289202989823e+00
3.711382893842150865e-02
2.320167131696842522e-01
8.878722557890735001e-02
7.401693041386149530e-02
1.168909336828430456e+00
2.121124250381492826e-01
1.366421737725379559e-01
3.381876359382440106e-02
1.229087881087644607e-01
3.660583784688889453e-01
5.795439309791105414e-02
5.227740271683108814e-02
2.903154849406263671e-01
7.441177163590809718e-01
6.669005683495397852e-02
1.758938813086704731e-02
2.347394177694735531e-02
4.350974532580019483e-02
9.785220187020533533e-01
1.086800315509866555e-01
1.443339406188237986e-02
3.547432932610049550e-01
5.046727198856927610e-02
4.147713630793971595e-01
1.118782957460169730e-01
2.519309297460501917e-01
7.280831534895064461e-02
3.860780489855084596e-01
2.624368281995221430e+00
6.948188094019800420e-01
9.923751501200754610e-02
2.469287570812905008e-01
7.514729859689663893e-01
5.416857666638318081e-03
8.793399584939448621e-02
1.299132887709990358e+00
5.415478047889740743e-02
3.973515750889375919e-01
5.086846194608540123e-02
9.613805717457905853e-02
4.568120889304887910e+00
2.911438701934136383e-03
3.644339435399223337e+00
2.218251061598976726e-01
1.380673524713791900e-01
3.597822268266336332e-01
2.619072566744857777e-01
4.118339518553479905e-01
9.781167417391216645e-01
5.597273586628703085e-02
1.347413928301171904e+00
4.987592179708179585e-01
2.177004009159192455e-01
8.338334459619703432e-02
9.304611529168410611e-01
8.016647696642743848e-02
2.644612297780539814e-02
2.335764937548588660e-01
5.168630569829800736e-01
1.130826084871571074e-01
3.691688726263492870e-01
1.071024148946529558e-01
2.689634099290897362e-01
1.868804944420146830e-01
6.834281369700516418e-02
2.007031783420947235e-01
1.496316408677302645e+00
4.620591719513342938e-02
5.141771637179197441e-02
1.543118689621840456e-01
2.396722761832763837e-01
5.257137090436662941e-02
2.638647623233220663e-01
3.154851257830807443e-01
1.937628733384327839e+00
7.593159087967787935e-01
4.139054232860299165e-01
3.070263116542727710e-02
5.872705211857154328e-01
2.017089033950882071e-01
8.869592886239042739e-01
1.144293306510056757e-01
2.924012950802103106e+00
1.830401815316346215e-01
1.273331010292644283e+00
1.111596486347839474e-01
1.181891219233682788e-02
2.357650817488923800e-02
1.158615410766710152e-01
1.060839993646450763e-01
8.597445587188966343e+00
1.681669904998755738e-01
1.867867241018754398e-01
7.873936454529628648e-02
2.298411899645551870e-01
5.177274731448387041e-02
3.006730224303086896e-01
1.166700916686208428e-01
1.449753099818401787e-02
1.074702753563445135e-01
4.116469732293202843e-02
8.158770261888485809e-02
1.834474835197270060e-01
1.552921322610995025e+00
1.433016120485894218e+00
1.263777367853862743e-01
3.979533370014800564e-01
3.361430774777949826e-01
1.872800769713843516e-02
3.322794890167943826e-01
4.437877181107992008e-01
1.648268757706326526e-01
2.061597749967311599e-01
3.906317038388616991e-01
8.028228279761832897e-02
1.015964065309829523e-01
1.891373646740724390e-01
1.142305146977541819e+00
1.016042738366182974e+00
1.325885971049030054e+00
6.398597943154719914e-02
1.084212844045775725e-01
4.888123171569482284e-01
1.983377514133875807e-01
5.624461596410796904e-01
7.648210515119994307e-03
4.143667165601278707e-02
1.768341360875001489e-01
1.288808570315158830e+00
2.147200643905157209e-03
4.002951987250857324e-01
4.926269849378833166e-01
3.541950957006144041e+00
1.135369135512132477e+00
3.307477131916925495e-01
5.806309219263492416e-01
4.666808507763390290e-01
5.503864349479451606e-02
3.734650330881710834e-01
4.348399070405983835e-02
2.431493828146492064e-01
2.579720912133408595e-01
4.229303048808810139e-01
3.019327619698497847e-03
1.596545858185016709e-01
3.452153647366706379e-01
9.707713031407395610e-01
4.998523833889743084e-01
2.765321864387409456e-01
1.282156267836765950e-01
1.546759634728830379e+00
6.322025011026781265e-03
2.977081852045270968e-02
3.561025571716553654e-03
9.571135267424477067e-02
4.357185756971025392e-01
2.815327831245371670e-01
7.527968615834750021e-02
8.439996748545132085e-03
5.469155017331261970e-02
5.221074675967199985e-01
8.793612408768375355e-02
1.727190151040043586e+00
3.619757306938899133e-02
1.089997767489931518e-01
1.424900852132344187e-01
4.111555647866818042e-01
1.086110959655176011e-01
1.998058582505657377e+00
1.459934645494525562e-01
3.563495839107450741e-02
1.019822195539797464e-02
1.050410092652878102e-01
1.254816668912890794e-02
2.949659903836580055e-01
8.176674833274194532e-01
5.654067829372261045e+00
5.134188428252486891e-02
2.227123538247635093e-01
6.064247868577250511e-01
1.378151788161123270e-01
5.889036756143731788e-01
2.549633156748171842e-02
1.107773671692934142e-01
2.780625597964153428e+00
9.393019596894872647e-01
1.197283226366948755e-01
7.758270996273633480e-02
7.267405044740276043e-01
5.191141644956764195e-02
4.261712900151719968e-02
7.010731728829987242e-02
2.556604915238590015e-01
4.856031427177818355e-02
1.780369359228136661e-01
2.605867678480093819e-01
6.728806745528305155e-01
3.623462486521532300e-02
3.087026147732797043e-01
3.816762904163340520e-01
1.572030595398983821e-01
2.093680881139670102e-01
8.663586445190282759e-02
1.203272507269500385e-01
3.681322229267906532e-01
2.567839411727934062e-01
1.697773187100023451e-01
1.568751222079236840e-01
3.141806403713973822e-02
3.078806203193576799e-02
7.144888900576754076e-02
4.816350569553391747e-02
3.890627470712061942e-01
2.960569955197789663e-02
5.188218446346434809e-02
6.554466646502848937e-02
4.966257817520078888e-01
7.005210711264344692e-01
1.617480677454306681e+00
9.587974282061477449e-03
6.556105271282552938e-01
3.176704520038443058e-01
1.181350133804818237e-01
7.165703380862910032e-01
2.358106554961953094e+00
1.260063364323551205e-01
2.453050328387590129e-01
7.843077981390203512e-02
1.234972707697142534e-02
1.367225064988926153e-01
4.255944981240762925e-01
9.866097963079445074e-03
5.929844739313058222e-01
3.424298752987191274e-02
1.115079471704354813e-02
1.929214355968841832e-02
2.548817041661376459e-01
2.230953926735122217e-01
2.005776004325537931e-02
1.273303924365226381e-01
1.025957440291262041e-01
5.711852715430679739e-01
9.591347467022194595e-02
2.557171701611333711e-02
2.744527051411629545e-02
2.241592958484937143e-02
3.086743208798356942e-03
1.161782119804129598e+00
1.135647391668060252e-01
7.622370777060129277e-02
2.004820184537436378e-01
1.869301013815617002e-02
1.226250079017450756e-01
1.270475459034156929e+00
3.474805620522893324e-01
1.202531999405469509e-01
4.649925247010625734e-02
1.052147669777960537e-01
1.167704783781248423e+00
1.669993338713815847e-02
9.530568620457964268e-01
8.634872971778780049e-02
5.376758079832701792e-02
2.022089645807739478e-01
3.853357694703670178e-01
1.705664269485996365e-01
2.207780997711117077e-01
1.255409716581475099e-01
1.539136118986783597e-01
2.337895174466890769e-01
1.033686889531603564e-01
1.453526627614351863e-01
3.451470333770741139e-02
7.651315325021780245e-01
3.516485696014272633e-01
2.840395179089479916e-01
3.623574708514214482e-01
1.849498790058238251e-01
1.600525185141668527e-02
1.667597841707992856e+00
5.856246737110033102e-02
1.825512138813800700e-01
2.834980151472610288e-01
3.066872761034378225e-02
2.679860511695010272e-01
1.245662854689487231e+00
2.729603342070571204e-01
3.627922345485649069e-01
9.525690991709460098e-01
2.538310389758857699e-01
2.122292415650633701e-01
1.379593462129690140e-01
3.445331353650609579e-02
1.140081915164030901e+00
3.989684673849597241e-02
8.349711390759173568e-01
1.381911159456868932e-01
6.096677998277959254e-02
2.408212800005468945e-01
1.112575877169402934e-02
6.458675071320203465e-01
6.434495014689127490e-02
1.202177944753883704e-01
2.574065815613121311e-01
1.650408962604780483e-01
2.403407729710680188e-02
2.128443837551075579e-01
8.463304698164077211e-02
3.362489635913708946e-02
1.120251374871879396e-01
5.099190492468520797e-02
7.660872734738739809e-02
7.955195999743108759e-02
1.805918379791375816e-01
5.409432069286101985e-02
1.278213811749141435e-02
3.867543172544130048e-01
2.988229139568229081e-02
2.780307619119660179e-01
1.910363446735490189e-01
8.633904796131310899e-01
1.813193034128555814e+00
2.497800823764066147e-01
7.336747764275711528e-03
1.304639876293387513e-01
1.467657213342454525e-01
1.223159922135247935e-01
1.048429700334016168e+00
5.697269137161560248e-01
2.500582396479533176e-01
3.142038377070752730e-01
2.220430827856187395e-02
1.234156585878822127e-01
1.012089004812769255e-01
3.587948236620944753e-01
4.493938366178356625e-01
7.425367000213590751e-01
2.495445505273936534e-02
1.001860242430445136e-01
1.935123894153738533e-01
1.331224579512890749e-01
3.073404329550614711e-01
1.032822818712239715e-01
2.318352659263585858e-01
3.321966937690667282e-02
6.641081862243633505e-02
4.922130884971145370e-01
9.950681085829946593e-01
2.218932124079479318e-01
2.074058088708958386e-02
5.804982157536012904e-02
7.458944325744130965e-02
1.437438716385350812e+00
2.901788632073857427e-02
3.005297627060520282e-01
2.268059037110474463e-01
1.239567922102252640e-01
4.706100510030322148e-01
1.327383449351895173e-01
3.408440231391964836e-01
4.939418225635555659e-02
6.176479825937274404e-01
2.370156569810459857e-01
1.164007769085769056e-01
5.555638568751646300e-01
7.467777557582774839e-02
4.364319965240039956e-01
4.442154174229038244e-01
2.854614463679908121e-02
2.306657547566274835e-01
1.249387376609790434e-01
6.916629780759077362e-02
3.007103186703783404e-01
4.378341448742176789e-01
1.033011425255043192e-01
4.965605728470948166e-02
2.828341570023753040e-02
1.288890564327040411e-01
7.419569902654313820e-01
2.664146601384947965e-02
4.472525929419913227e-01
6.330666111675979646e-02
6.799420096392226887e-01
2.767849362937889190e-01
6.108373263791282842e-02
1.558338864186861739e-01
1.269766108671519789e-01
1.447082011556844738e-01
1.016027823221581361e-01
3.769540771857136235e-02
1.380380789728315530e-02
5.828730680247955209e-02
2.499393800958663314e-01
4.608191189114798636e-01
2.766752658974346718e-02
1.995122813509774273e-01
2.462385557373190231e-02
1.004112366108673438e-01
2.747993672970702184e-01
2.589141667965383919e-01
7.601915099925281478e-03
7.170887157661482991e-01
1.827236119819712276e-02
3.398186649660498992e-01
3.886210731619524905e-01
5.291340905159359204e-03
9.632812994102759596e-01
3.721389175509260544e-02
1.154894053676119164e-01
6.024402659757765316e-02
7.077181913289064541e-01
1.960992443419933839e-01
1.197631071895694094e-01
2.575930496086592872e-02
9.405239824583369601e-02
8.642808257242612369e-02
1.141402328168821256e-01
6.105117881170679661e-02
5.758107206916324855e-02
3.554602065969572067e-01
6.196876244055067318e-01
9.029018514339183232e-01
8.114322854977346067e-02
3.863869246365163757e-03
1.235625639317823876e-01
8.384968605800416364e-02
1.395313318066747632e-01
1.371629122336294415e+00
1.054570142042007552e-01
1.134392580971441022e+00
8.528937565130025877e-01
1.666592385396517439e+00
2.083780951070761389e-01
4.490202871752061592e-02
4.372739312041719062e-01
7.370681742850075935e-01
1.410882529906790361e-01
1.250763516909989548e-01
6.132999246610294775e-02
1.176098332518585865e-01
1.245851923070393635e-01
4.042491018379690826e-01
6.713150673940580793e-02
8.539459333499717364e-02
2.963485557295532091e-01
2.627301217902782149e-01
1.826086848553115927e-01
4.765176506790211319e-02
2.493012337532919120e-01
3.079767835146724475e-01
2.827805431416819948e-01
1.718304172305739341e-01
2.505543499062853896e-01
5.488129157950098758e-02
1.054860228118748577e-01
1.693937691736370488e-01
4.248462245593847442e+00
5.984068290039205040e-01
2.334305085081119779e-01
5.487696428626197553e-01
3.583967496203285807e-01
2.031405595610027426e-01
8.974548922658215355e-02
2.470686354582694311e-01
4.423761282132484401e-02
3.945319782932807384e-01
2.756749970050167975e-01
5.449248860385372817e-01
2.800722106554860424e-01
2.258781519327474618e-01
5.614106641587568447e-01
1.891135016557749515e-01
9.023492599269115066e-01
6.037706380696949982e-01
5.093357549004239315e-01
2.843738032757442413e-01
1.672878269220801723e-03
1.704761793306217854e-01
8.244106509001293548e-02
8.410644767248104392e-01
8.935560289836168568e-01
6.929425996814268796e-02
1.333122038521633232e-02
4.861543510717590832e-01
9.814170201058236565e-03
3.569648274908330254e-01
4.104395655158215583e-01
6.369563718137237485e-02
6.384334762448222733e-01
3.965883533168929921e-03
1.869271699559088562e-01
1.966854584738934597e-01
4.372422625653873962e-01
9.527937762500954255e-02
3.347860771590480677e-01
1.562109112954954693e-01
1.180818732743680044e-01
4.471305351016529039e-01
6.414382586319068436e-01
7.300342290128035427e-02
3.466537693116654717e-01
2.914056530893170335e-02
1.563838530558119833e-01
1.425363432090757387e-01
2.507126242985073250e-01
1.229703102709966966e-01
8.726689685960110909e-02
9.049872855610655020e-02
2.496559216908048051e-01
1.102367566614170236e-01
3.210777030137682786e+00
4.385920272744133763e-01
9.535077699858578171e-02
7.389254750517139092e-01
2.629546848883421717e-01
2.196826107898616209e-01
2.278040035938622143e-01
6.313481067984612338e-02
1.254362232644437025e+00
1.554789236406205026e-02
5.358620106257174637e-02
2.300712593692317842e-01
4.027184102543490685e-01
9.607923982314059419e-02
1.026046534226723178e-01
1.356577702183607015e-01
2.896328056212973401e-01
2.450724085417253506e-01
1.518578752721713547e-02
3.186657419769688415e-01
5.481448643944589749e-01
3.400431358832583517e-01
8.279399247588722921e-02
1.199334265877202536e-02
2.099815051764933674e-02
3.706615031119594450e-01
9.395082282849609445e-02
1.113919866051801821e-01
2.951534570986480421e-01
6.213976112385637129e-02
4.476477933571865742e-01
3.545412419491383166e-02
2.532367739974936138e-02
1.452920265710880177e+00
4.662214239230642182e-02
5.267546092196952190e-02
1.708544875273595720e-01
1.218420629445129966e-01
8.923628102085345848e-01
1.324905521922816465e-01
5.662306135951445524e-02
4.036293503917465775e-01
3.403667005955372110e-02
7.356392729094216043e-02
1.770486445302429601e+00
6.778435753655343010e-02
1.654173610746204892e-01
3.135465710379901072e-01
2.221112475293008093e-01
2.757607338246846895e-01
5.051797536041290754e-02
2.208322675362549004e-01
1.619140849166598659e-02
6.822616239636651592e-02
4.301628851004575815e-01
5.615096586908070453e-01
1.044326673884351381e-01
2.906727631146078794e-01
4.899699936467887679e-02
1.069976459093934379e-01
2.052876089544935501e-01
2.528485905336900763e-01
1.768476489424458675e+00
8.534114889668138748e-02
1.093781609833143209e+00
5.928336950144739603e+00
4.241452314121372802e-01
3.070813308156299937e-01
2.394953513956585567e-01
1.180302313452178398e+00
3.901682712756865956e-01
9.063145276087250513e-02
8.429961313848986781e-02
6.777282450427543625e-02
9.658332357227272791e-02
9.419670909132062953e-01
6.634046752713318451e-02
8.496797420284860625e-01
3.083663692878706453e-01
1.127101109606502671e+00
9.905556861880443487e-02
1.285640725249439509e-01
1.617030508949871270e-01
3.256575060703308933e-01
8.209426987155848954e-02
5.376547440788485843e-02
1.348879404629097639e-02
6.206116719243220947e-01
1.622966487896307028e-02
4.661173565805838415e-01
5.932435110025709862e-02
2.872903583399108451e-01
2.803559177881735476e+00
8.317691242822326803e-02
9.563733245303004948e-02
1.685934393642115614e-01
6.138116371522990278e-01
6.712251614655502518e-02
4.036638832613235195e-01
1.625271899949552568e+00
7.106683170067049082e-02
6.987971785587075990e-01
7.192738830973108288e-02
3.357726776783764855e-01
3.275265771250458480e-01
1.866725685180245786e-01
1.349984914407108327e+00
3.697514852847632039e-01
6.446668088065349300e-02
4.235004795526239874e-01
3.148552260504544176e+00
7.272546305327291627e+00
3.538246167014471033e-01
1.953857786467401436e-01
4.878288303823187788e-01
5.187085159461575223e-01
2.290636013011272398e-01
1.189588023285146658e-02
2.873776968945863583e-02
1.518296628573645668e+00
2.939419848904661237e+00
2.899314056777755888e-01
2.079251095498837326e-02
1.094708780761701750e-01
2.681749900166640055e-01
6.809753166205891051e-02
6.652946407881124569e-02
3.536530559517279682e-01
1.054603860967331386e-01
1.344270424503642147e-01
1.668457930960466351e-01
1.274387228417217521e-01
2.295198371825547812e-02
3.806247822864872732e-01
1.089542248531085306e-01
6.656769193822281716e-02
1.374199303156180829e-01
1.206392824304604594e-01
1.464228829503264884e-01
1.309744587792122383e-01
4.391880578807092622e-02
7.829294665447260604e-01
3.972962823861968251e-02
5.685277309104790344e-01
3.487035337484631348e-01
1.570847028645722954e-01
2.156043638833414142e-02
8.941806138470063947e-02
7.959041298689781274e-02
7.403597340290092588e-02
3.598028722835797666e-01
2.657493558499723463e+00
1.006934479343299493e+00
4.997377209818257976e-02
3.685142884185722834e-02
3.596128190316678630e-01
8.577173923954521662e-02
9.854012193569872124e-02
9.100205975226804966e-02
6.196470355148576276e-02
2.677694528578527383e-02
9.276203996295889764e-01
3.547978504045556924e-02
3.401280692155105867e-01
1.542053139812938900e-01
2.722749529031325000e-02
1.012864734675831685e-01
2.672573004472043601e-01
4.456630083089333644e-02
4.200207154075787791e-02
1.651774669373658744e-01
2.228943464900288163e-01
6.822629966469820895e-01
7.375786745651956300e-02
2.221612579539326227e+00
1.018419240017092581e-02
5.162913108885990726e-02
2.356708281883566902e-02
3.121107961657931806e-03
3.685473033292075429e-01
3.798959836443265292e-01
1.036859494352901229e-01
4.418258048086566303e-01
6.283682427065935550e-02
2.135932802568029920e-01
5.414745814861293347e-03
2.952642726287784888e-02
1.174845683526224011e-01
4.244794190586526766e-02
8.285964297783508792e-02
3.180315388006423050e-02
4.928495679002949381e-01
5.042535171085164858e-02
8.004222744664565847e-02
1.625405071060138928e-01
1.136211127193450729e-02
1.066253760497240244e-01
9.593567701986177587e-01
1.600484467793676924e-01
1.267385352000557075e-01
2.469940127402882601e-01
1.782219347970730727e-01
8.109554813319552746e-01
1.667793177203294452e-01
1.611924527037229826e-01
5.193355476156716333e-02
6.582470571932187431e-01
1.330574874044097577e-01
1.132148145253253080e-01
6.637909495176495811e-02
3.255168386856554380e-02
7.350224009073021147e-02
7.380517766855743123e-02
1.124185888764972219e-01
7.314460196719251017e-02
1.613348645573974283e-01
3.891494346002111193e-01
2.743074838538715060e-02
3.477101527225343047e-02
2.648525477794675953e-01
5.205282198137351629e-02
7.859491521663739683e-03
2.898645460125561790e-01
1.464086850161472775e+00
1.042807191321906413e-01
2.765058347826670482e-01
1.896602750823771777e-01
1.881838819574559729e-01
9.687034947829804843e-02
3.035861739833428663e-01
3.670755917945307117e-02
3.595796447943606644e-01
3.083592908779055342e-01
3.283360520064887433e-01
5.636516587051828425e-02
2.511555732219361223e-02
4.017317298402536263e-01
7.335907766659989504e-02
2.952971945242188201e-01
8.304799312080019646e+00
7.582170409858651761e-02
1.293639006953997139e+00
4.078550549166325645e+00
5.633171745434925048e-01
4.841398950381843314e-01
1.781796255851461064e-01
5.539021021458979260e-02
1.398962754055224460e-02
8.105228864497708574e-02
3.944479234317913030e-01
3.513533305703264720e-02
3.163483104867433338e-01
1.969581334958425689e-01
3.849270524714757946e-01
2.307083959196889467e+00
1.900014108921956602e-01
3.765707199160668317e-01
3.025623359190976025e+00
1.196114364033681599e-01
5.238017322918758767e-02
1.444836163773689508e-01
1.315854341402740824e+00
5.823558700426524626e-02
8.434058274423915369e-02
5.552883416962635377e-02
1.529095197637987402e-01
8.554250639993630223e-01
3.046962022647259349e-01
2.910396892686117343e-01
2.212324486165290482e-01
1.251832537057012140e-01
3.752996954386756290e+00
3.585759867653383060e-01
3.653060017769185208e-01
5.372488103915692426e-01
3.077993885571527269e-02
1.281741376677202060e-01
1.947347798848310663e-01
9.943119722461782328e-02
3.265934002168085493e-01
3.860991552282105888e-01
2.940462570733207853e-02
1.218122358070068550e-01
3.268639219973156207e-01
7.540784655027027439e-01
9.916474348186443688e-02
2.472797172859140385e-02
1.475431876319465152e-01
2.379453201936075901e-01
1.315982598409981774e+00
3.125631224972525435e-01
1.039188377918014883e+00
5.181702093635877533e-03
1.179689074660853904e-01
5.517841796235208873e-01
1.294426793730999448e-01
2.865886047516032903e-02
3.004475787774270046e-01
9.209830017382945044e+00
3.107682456576351671e-01
1.400088286563479570e-02
1.898871550109297868e-01
3.176648365954884423e-01
1.156938009381537624e-01
9.599068611637745496e-01
9.531683124566854570e-02
7.459734037916825045e-02
7.683002373323993828e-02
3.985792699602246081e-02
2.924630350671742485e-01
7.995374895002390625e-01
3.124106340842715546e-01
2.205718376798004310e-01
2.746495268431330961e-01
6.308622608384522046e-01
2.418816223342017957e-01
3.287935390016662462e-01
1.703504817153381479e-01
1.474467514999813211e-01
7.891126728297219450e-02
8.031281574642903931e-02
1.032155110477535609e-01
1.094274953880274570e-01
2.030656532619150856e-01
1.344489098153109907e-01
1.777894695038321482e-01
1.540504991034884474e-01
3.031378180845235026e-01
4.375485718911164557e-01
1.241883648283585856e-01
8.848823093344641844e-02
2.412410105681189465e-01
4.785731701733939580e-01
2.182388928286921603e-01
6.677319650620901215e-02
1.244948619556429936e-01
5.210289083485896561e-02
3.589815313020131016e-01
6.110516317555980681e-02
9.936522449527707135e-02
7.562230953716403414e-02
2.611476952933543538e-01
2.347494146165092499e-01
1.620883343180719582e-01
2.206249120974506928e-01
7.141208634623461560e-01
5.367723176635967874e-01
1.370946092034608099e-01
7.915585996610613462e-01
1.748038217400285754e+00
4.747785014092863881e-02
1.988931627145858749e-01
1.592976957316255326e+00
2.463663114863421169e-02
6.262044180871377819e-01
4.668125698586900185e-02
4.362315669891309727e-02
5.379079771129177123e-01
1.066442948947725761e-01
1.644525444668772374e-01
2.546871274753823022e-01
3.747080601580703441e+00
2.231489617641060075e-01
1.411693885803455006e-01
4.732838488961104706e-01
5.063323572764362179e-01
1.497754885309093842e+00
2.460497666551910267e+00
1.116553330594540538e+00
1.868334407833101285e-02
1.168938546505074449e-01
5.042748009430878670e-02
9.238630912161847897e-02
5.766909290235888719e-01
1.085370967626618555e+00
4.924614316291262561e-01
5.138482683593661449e-01
5.237767914349680809e-02
8.550843107205116644e-02
1.743340845979364159e-02
1.331009113876064354e-01
1.158841337411603778e+00
2.630142518691837641e-02
8.656552884865168496e-01
7.271770122834364525e-02
1.783805110692125551e+00
4.197556025887074771e-01
4.021172349631897402e-01
1.968625387806854574e-02
6.904652419504069272e-01
3.477109512865874108e-01
3.321172894290675970e-01
9.747851590450890003e-01
4.322203047283785238e-01
2.830197547147673132e-01
2.250378676068514605e-01
1.190526553151672884e+00
2.826012516715064593e-01
2.400512579974437011e-01
3.701110029311687616e-02
2.545160687107100514e-02
2.098511129723378277e-01
6.370725512445626557e-03
2.586262427922496610e-01
9.624503732864217453e-02
3.974355797954455261e-01
1.858364790335080285e-01
2.605096387452883633e+00
1.582572399114336725e-01
1.023313892481863413e-01
5.880044962056747704e-02
4.051233588858541013e-01
6.788264843672120463e-01
4.951778597747666377e-01
3.890652637942348946e-02
2.414130875572002011e-01
5.237637729071056153e-02
1.637080581668160784e-01
4.599842655351784604e-01
3.514752296611077520e-02
3.982366161514988012e-01
1.960110184948817280e-01
2.158125268879707293e-01
1.844074475068918639e-01
4.619349378996799316e-01
3.159492211359993807e-01
1.314908516069279720e-01
1.280145254259796306e-01
5.207876045886538491e-02
2.749024469998263331e+00
3.641361954674487311e+00
2.759911519924188594e-01
2.522681095039657206e-01
3.472525866614717405e-01
4.156207839467834786e-02
4.986428911877968106e-01
1.736461712538708513e+00
8.289932786821052613e-02
9.403869208173355754e-03
8.779354834990797940e-01
2.785431798582105878e-01
3.370094732150318295e-01
6.536486339169460084e-03
2.866991189151135710e-02
1.053624660659441825e-01
6.304064400083922992e-01
3.248140222517793552e-01
4.405603126599172414e-02
6.362193249218922597e-02
3.578868154424890702e-01
5.510926449634732105e-01
9.497743413695845793e-02
8.385083740074092407e-02
1.384316831511916146e-01
1.504803099247366827e-01
1.166862980395493299e+00
4.220443193893270301e-02
4.305502959755903580e-01
1.503213631915494841e-01
6.786442146512120313e-03
3.992599279670513979e-01
1.355044169285304079e-01
1.005486789629463223e-01
4.681010850120516723e-03
1.903812237378676997e-02
9.601729404533627665e-01
7.071285493711496062e-02
1.488989354448343738e-01
1.800086015586679800e+00
3.833309667970347112e-02
5.577141522268066337e-03
3.918044763596681967e+00
2.398899326187456105e-01
7.864131864126630567e-02
3.107952467315491796e-01
1.464602601080043365e-01
1.195660677986313480e+00
8.751450421034796812e-02
3.793403105895341160e-02
3.729196100077374759e-02
2.080883735198515438e+00
2.017401032451440479e-01
1.915675016922047669e-01
1.996025902818124656e-02
3.025826653168040004e-01
2.603658167047533389e-01
3.460266421513931712e-01
3.968984659422421929e-02
1.347941981892234908e+00
5.682360157421417757e-02
3.386307821009957308e-01
1.527816675807761593e-01
2.281665308558445127e-01
8.267508499240338038e-01
4.349061795878627068e-01
3.101668835071558564e-02
1.237648855539312254e-01
2.357578375910953927e-01
3.727738680042538277e-01
6.069188982485562711e-01
5.933734056281228519e-02
6.364338944296374923e-01
4.333887318529325294e-02
1.788912286074573199e-02
1.930570068315765331e-01
5.473912910280384105e-03
1.833215894321539752e+00
8.948211422523854042e-01
1.426574399750029920e-01
9.268987252340026017e-02
1.185730840170277217e-01
1.968006916542363038e-01
2.214981817626156257e-01
1.043719800497898559e-01
2.435198972643426787e-02
6.352491847000335534e-02
5.336405928843347690e-02
1.648075280726270520e-01
2.493023960836857067e-01
5.289226209688430158e-01
1.472675847177983277e+00
3.179859655172421751e-01
2.615941103217980235e-01
3.072115193624750940e-01
3.336067826123791935e-01
1.407735670781050108e-01
1.083628495837183764e-01
5.837675792850553769e-02
7.020699941142906353e-02
2.805124022936900663e-01
1.931690767119925711e-02
2.473182437367419939e-01
1.125743709045782526e-01
7.724103336541637832e-02
2.697795644830734973e-01
4.968146614612740930e-02
5.683598183678189031e-01
1.645908491943325336e-01
3.654542690522219472e-01
4.160297680220943484e-01
7.103899585810966588e-01
1.593820550366493172e-01
4.608940775572639703e-01
4.429369454282406360e-01
2.128262298597631830e-01
1.486894675374404451e-01
2.086265025334965717e-01
2.712558122692260154e-01
1.974963484821981585e-01
9.894527314030028553e-02
2.956905729203086475e-01
4.964514663490545154e-01
3.759896701524259588e-01
4.667069591768950587e-02
1.873992758313093310e-01
1.277996977288461677e-01
6.756250506667025313e-01
6.056853788476147804e-02
5.450335083544092241e-01
2.777236541254136243e-02
4.709929971918980773e-01
3.607904494271930301e-02
4.846934088064140944e-01
1.549836434128589735e-01
2.507384009875949227e-01
2.140795757838617475e-01
4.285703102494241579e-01
9.346239168146563969e-01
4.031222162942330045e-01
1.115667206767481795e-01
3.184405584020645330e-01
4.198386569871541685e-01
1.561574589498336205e-02
4.391812178579816983e-01
4.625923079380554470e-01
3.158773571136658798e-01
4.658069335052240217e-02
8.094725690748894031e-01
1.374397351437509629e-01
2.229450032071334797e-01
8.801048580354817186e-02
1.157486878433849620e-01
1.746220938250223065e-02
3.084762413940941306e-01
5.113951176467673027e-02
4.677498857399070564e-02
1.554482732195590078e+00
5.029331076366133635e-02
3.943667598817170161e-02
3.672677017538193006e-02
1.731305120580828028e-01
2.064824228403919909e-02
1.090856596976973458e-01
4.928437057664023652e-02
1.676203020538409860e-01
9.374650354023546239e-02
3.303740303933270783e-01
1.016928625070881553e+00
1.685697136081006631e-01
3.008590663032746360e-01
8.002079613471389796e-02
2.515262843953392502e-01
4.766950460556595298e-02
1.992567647041262879e-02
6.042416800387598319e-02
5.302797901516620449e-01
1.835997854161827147e-01
2.136248881377130093e+00
4.296520095724775529e-02
2.082298973859682267e-02
3.403096999326980787e-02
4.276743276501725199e-02
4.498451763211351317e-01
6.955255232312131108e-02
7.644110967145709146e-02
4.049483447539975467e-01
1.503683634856059215e-01
3.053195776996548982e-01
1.242157687154268192e-01
1.883512193367707088e-01
1.772666537911291029e-01
8.672036278855178582e-01
7.527778907659811169e-01
9.415371806040052916e-03
1.520836470511182925e-01
6.839299682089775567e-01
3.836509603573879934e-01
3.528359168137027879e+00
5.409378687734922586e-01
1.724307683471091104e-02
1.006720186084455494e-02
9.349709674047117919e-03
2.624467454659826782e-01
1.265993845765204517e-01
1.344709287280851095e-01
4.228927392284884818e-02
6.478195040344340849e-02
4.793871650617514968e-01
1.590656595951913180e-02
8.832763357383055861e-03
2.236203443220489417e-01
7.056574776823326678e-02
2.058177031225443265e-01
2.073879109290426362e-02
7.256137902617444679e-02
1.019259083197634030e+00
3.190371982437729265e-02
4.194116196444485745e+00
7.497650595249107097e-02
1.003653802918606647e-01
9.479266865755030247e-02
2.279574925278465003e-01
7.471366143003115023e-02
1.117599964990121819e+00
1.492723738096310600e-02
1.934213635822162658e+00
5.024380926543297043e-01
1.396159019267059764e-01
5.082083261489144660e-02
3.254740107568360880e-02
1.207867048813883876e-01
6.011378989954336838e-01
3.282817881617268729e-01
1.418965058313540251e+00
4.112807943222727275e-02
5.613458136369511298e-01
1.043353342796743688e-01
9.469487075885500704e-02
5.918459356818972505e-01
1.196679664963406532e-02
1.166040799420857976e-01
1.067432686801814135e-01
6.294112620082434884e-01
6.750922368366713000e-02
6.614596135205921823e-02
6.302421661816850346e-03
2.637505377047690350e-02
4.514810629966028999e-02
7.896044018592898173e-01
2.508283715171946149e-01
7.271527375331453269e-02
3.597554614682597213e-02
4.573806791808016775e-02
2.793199349692498251e-02
1.300566031307180126e-01
1.337852896714435691e-01
1.407507520059315953e-01
7.125350792674435552e-02
3.018955024901521234e-01
5.587243758528921689e-02
9.871543169630722092e-01
2.218776850028627290e-01
2.996846981062393223e-01
3.252766690128480742e-02
7.599895269683967225e-01
1.640525419409512298e-02
1.322771456215169616e-01
7.091535665443747805e-01
5.628370057265994625e-02
1.798423225608639445e-02
8.020653258558349541e-02
5.091071184588517873e-02
1.475423050253390711e+00
1.968105901086317222e-02
9.142734028479877761e-02
8.459433364741866801e-02
1.500443883419708024e+00
1.204859148347147801e+00
2.069195602288066427e-01
4.671876133765881511e-02
1.314366286792917893e-01
1.844010801051302884e-01
1.498857277888810367e-02
7.525090546428149230e-01
2.189023455842361576e-01
9.230854246099987753e-03
8.681350614890515072e-02
3.826532961352536316e-02
9.997941402331841920e-02
8.225750340549527195e-02
7.003950328058654307e-02
1.002859656335544636e-02
3.492545567820562469e-02
1.909387354171792825e-02
1.546251713947567261e-02
3.834319429298112258e-02
2.272578020735215587e-01
3.385618908805980709e-01
1.082476965212218062e-01
6.470761027020047011e-03
1.926253126488221834e-01
2.216534166007769480e-01
6.735612468492344074e-02
6.417922867722372082e-01
1.722459388726431118e-01
2.200459621527339066e-02
6.655529206252179808e-01
3.194228838969725287e-02
2.627606814135897140e-01
7.754753438390188380e-02
1.091144403314552536e+00
2.286870376658756143e-01
2.840555593641440682e-02
6.088729562383100591e-01
2.908933334665953496e-01
1.080755330832176009e-01
8.399235737970614860e-03
1.471062181262651869e+00
1.260899713593299221e-01
2.856984305145060521e-01
1.449003998415765881e+00
1.635690202935626558e-01
1.992400545452200633e-01
2.316449161086104047e-01
4.718182078358347797e-01
7.923935729871054226e-03
5.892651777856052625e-02
8.545198698158244788e-02
2.239824298293759675e-01
8.124971638516588213e-01
8.740727931361423897e-01
2.052197597883369806e-01
1.099853005988299159e+00
3.990641698868820364e-01
3.054248448180725897e-02
2.499141296800531931e-02
6.051361116519785588e-01
2.048702510935995202e-01
9.515899344728405082e-03
2.405871778837827879e+00
1.853396924076626887e-02
1.121577693220331184e+00
7.992624835040069708e-01
4.882032139971463902e-01
1.349295241199524424e-02
4.517199414108344357e-01
9.428208564041504758e-01
1.442338016261575095e+00
1.395312973697912795e-01
7.449802852113990292e-02
5.812865301263392404e-02
6.624890824038000281e-02
2.094223187358246752e-01
2.545197238529725570e-01
2.830769914817447552e-01
1.391692562162548941e-01
6.653053944135271791e-02
1.038271650144614866e-02
1.612718283406639197e-01
4.865707583732215569e-01
8.262130575873231075e-01
3.120150721433304630e-01
1.073091074381630872e+00
2.458961632772681261e-01
3.369233441414211661e-01
1.484215609066332486e-01
2.166595248939188201e-01
8.292813832220732317e-01
3.816701203731900222e-02
5.056406677028260077e-01
1.874762281041267409e+00
1.420937744730700336e-01
1.391836688687436985e-01
3.490845480422145597e-01
7.441357337893242940e-01
2.172273245791387641e-01
4.798796851936303343e-01
2.654702104518765274e-02
1.157453567947052342e+00
2.818302512347831690e-01
1.516202837846514044e-02
3.916886345406629943e-01
3.000225227160163710e-01
3.771637647419362471e-02
1.587460594953097048e-01
3.857556589368484334e-01
2.800298554542544616e-01
1.065057556792895266e+00
3.830059100094103108e-01
6.803959051846150130e-01
2.065486811464828654e-01
4.916618989294609110e-02
5.170682246327117371e-01
7.617714493477357740e-01
7.427266568294308390e-03
5.095338960128250466e-02
1.129480314362069603e-02
3.289772066568200093e-02
2.139177263995681866e-01
5.317001082517797128e-01
2.307936481055307687e-01
6.080178853700032859e-02
5.163848474964501112e-02
2.006248560795227676e-02
1.978768118055925562e+00
5.315976293795956487e-01
5.033473817130013073e-01
1.898611091861009126e-01
7.221885147545710482e-02
7.312763311055525683e-01
8.978967361816944104e-01
1.522374765556001042e-01
5.926396356177324187e-02
1.462076746236766200e-01
2.813567734706376999e-01
1.886670917971031980e-01
3.174988154591762979e-01
3.227167384494052937e-01
8.403032650539928733e-03
5.077342425550425808e+00
7.799203983855612643e-03
1.771832625491210345e-01
2.766485956030574900e-01
2.250354326254014603e-01
2.148501701248426432e-01
8.343899740764626483e-02
8.746299898426670438e-01
1.373140931367934983e-02
1.005203499612622453e-01
2.796467714819000916e-02
2.290734917123327108e-02
2.646097523614849845e-01
5.104413099286466693e-01
2.132113879178341442e-01
1.527787564452338098e-01
8.605573053988565535e-01
2.504378206399369144e+00
1.857030327295348782e+00
1.438530593380651368e-01
1.351965245738456500e-01
1.217099505639159945e-01
4.150249838844348969e-03
1.927834578743357064e-01
7.648009169662901841e-02
3.437585283197936437e-01
5.205795235810696253e-01
5.238299452763192088e-01
1.379866082271725247e+00
9.163438601034491759e-02
1.588237088478892944e-02
2.267482811377219687e-01
1.026230516460331588e+00
1.387518292728462388e-01
1.502643488533401128e-01
1.964491700745665120e-02
2.604119493138890573e-01
4.535836200888669623e-02
2.566295416107113297e-03
8.410492737589260193e-01
1.544823154565936330e-01
2.434724292174772486e-01
1.494450571732098831e-01
4.535803304170261119e-01
4.328335256365579142e-01
1.740869130524834718e-01
1.035967035652250595e-01
1.015379248578967275e-01
3.043864033945964387e-01
6.061097255291851837e-01
2.102673409186260889e-01
1.525232508657145269e-01
2.319686024762181442e-01
5.577340405273201185e-01
8.893543146923300613e-01
1.558772830240356434e-02
2.200843614847495799e-01
7.555803244507127703e-01
7.077143277673564326e-02
4.649459530833415649e-02
9.017042446754719442e-02
2.240275013753271205e-01
4.047359147738771590e-01
1.991275253240276655e-01
2.637200359164465491e-01
9.296285138403001524e-02
8.993406205740567261e-02
7.317518720636950746e-02
7.812959999288972279e-02
1.711998876552463938e-02
1.222971493434086288e-01
9.835680107816359152e-01
7.646971592280086272e-01
7.603794496596875119e-01
8.874914543184462060e-03
3.248807755321880264e-01
2.301777302223413924e-01
2.607817854585854286e-02
4.182332194789654956e-02
2.114567355839132856e-01
2.568497788284826999e+00
1.536998205517771665e-01
1.833342838264071517e-01
1.540471373784643161e-01
2.519355271597215618e-01
3.057451339088290143e-01
6.684911089021896569e-01
1.469019938467583108e-01
6.522789301375263582e-01
1.488738539968181840e-02
3.349030823810641988e-02
1.862710596425080745e+00
2.807532926782272953e-01
9.232652225906624183e-03
4.007188504500396320e-01
3.940013410388561177e-02
3.408244392337570705e+00
3.419111105975111697e-01
2.653002882779310206e-02
4.075521433813680261e-01
2.745069816901620219e-01
9.770653370445399333e-02
1.411835656770496494e-01
9.606135735648796414e-02
2.386042812786071554e+00
3.809118514142775108e-02
3.250220681985430127e-01
2.564795109284143670e-01
2.936357957446236733e-01
2.674434967377567474e-01
8.359331717196533118e-02
3.209213646579853196e-02
2.447462576608970264e-01
1.978786015675457199e-01
5.022859726384364121e-02
2.672890251402301187e-01
6.501679441465760267e-02
1.057981296748732175e-01
1.025916592449988562e-01
5.227533260798283843e-02
1.793659190294953076e-01
2.690103625253545405e-01
3.858829220387798714e-02
9.364204901911757917e-01
3.127475747636661030e-01
1.687108922899973606e-01
1.797856905366289615e-01
6.563575119012673986e-02
4.182997347787132725e+00
2.348211064948624999e-02
6.267686393410206724e-01
1.878186841521380379e-01
1.456207527852079464e-01
2.031637432233115437e+00
5.209284514357569451e-01
1.121240793195197094e+00
1.314741633980003738e-02
7.459724223004582377e-02
6.989107504985395125e-02
2.416965320395842720e-01
5.674912640763531829e-02
1.085758048096332196e-01
5.510558139283548762e+00
5.907985411831318326e-03
2.236273961843332492e-02
6.396661436932413181e-02
2.096835631037296199e+00
1.857943202207000266e-01
2.642592757482962185e-01
1.480601315462180545e-01
3.979966415852235206e-01
4.321903921202933652e-01
1.697963587199169747e-02
1.080220835569947468e-01
2.226419784638933586e-01
1.935181014224776896e-01
2.961514103046986590e-01
4.240880190451583320e-02
1.911220720711179766e-01
2.650591224832902215e-01
3.359804489745586431e-01
7.289835325269609922e-02
1.623860345620048717e-01
1.902403112743304980e-01
2.280417164316471956e-01
1.228993084899269034e-01
4.587984189341132862e-03
2.143425881295855581e-02
5.764309653904695629e-01
1.136703875109444484e+00
2.161587514983789315e-01
9.727507594331427643e-02
1.332835390487561444e-01
4.250736993358547045e-01
5.190491875500136132e-03
3.302276262323927680e-02
4.717248777384763780e-02
1.158977011032074657e-02
1.539478460594742755e-02
9.790499358706520328e-01
2.766059739457947531e-02
1.503249406440368974e-01
3.398178370211258903e-01
4.453219676971126306e-01
1.642688152381080804e-02
3.894472253081202734e-02
1.834764722454646779e-01
5.682124108045180644e-02
3.443210984041539940e-02
2.942985325303075772e-01
8.771880875020997628e-03
1.882456945242407809e-01
2.358746426400785134e-01
2.427226043708762826e-01
4.069732723457395451e+00
3.409928542655517592e-01
6.370120578208366968e-01
2.193962214856649481e-02
9.643830266832636652e-03
4.640180432343395944e-01
2.309364789327455342e-02
3.414957991326647013e-01
3.263272213764161767e-01
4.258005834775800691e-02
2.722671994905270232e-01
1.751785129009879663e-02
1.427041618544541146e+00
8.318305220226586416e-02
4.231128862078308850e-01
9.136323981633251989e-01
6.031886439870171035e-01
1.142865404583946927e-02
9.144263251961065597e-01
6.666240764111196482e-01
3.327617356783194147e+00
1.463654748559356733e+00
2.077827014983842785e-02
5.752718281849174276e-02
3.411495650129400033e-03
4.559870238544170423e-02
2.150067275179783077e-01
3.804920922521283499e-02
1.082957922751803581e+00
2.188686011585868063e-01
1.515715341337944555e-01
1.280004866606296421e+00
1.016662945010376601e-01
2.132863744703792364e+00
7.053980831066855584e-02
1.285838190628352529e-01
1.562534233233788816e+00
2.676268864846675574e-02
8.736238998872618289e-02
1.380069716350258366e-02
1.244517625217321233e-01
2.296564331772652651e-02
3.861640073564149428e-02
3.299562837227046352e-02
1.028310929821561054e-01
3.516233328660234303e-01
1.182479408695266687e-02
6.899790458095346468e-02
8.455568732920366870e-02
2.123132676791554818e+00
3.172321841478957516e-02
3.687125248652234344e-02
2.847509102565639050e-01
1.294499076957975336e-01
1.001556499052865146e+00
9.248428809433233144e-02
3.845424444449259682e-01
9.177411195935942789e-01
2.410416524764647850e+00
1.768887006313630605e+00
8.780863040539413703e-03
1.121774349218940675e-01
1.106849223738512800e+00
2.137961625395779774e-01
1.118050141917347862e+00
9.115831150394115845e-02
3.373195947998740979e-02
1.073733304063964056e-01
7.614256528107229971e-02
4.929014830831480731e-01
7.555652159696329973e-02
2.851657371704034438e-01
6.638089191357934848e-02
2.309997149925579595e-03
2.009781816343274297e-01
5.380678254150417228e-01
1.316278676397641956e-01
2.625556547132819329e-02
3.001815878795381989e-02
4.115395706468364528e-02
4.932692365578209698e-02
5.997632601316284923e-02
1.149873787175346718e-01
2.629716970441876023e-01
4.242041529378481335e-01
7.111040690079903359e-02
6.529638514916571435e-01
5.688363156137183907e-01
1.303067503707610875e-01
9.437644405037610706e-01
1.082660428124065793e-01
5.673262517975671271e-01
4.029848513896373136e-02
1.125854059301697185e-01
1.261773901025694811e-01
2.296224412592166517e-02
1.075628904248650541e-01
3.185616297449278544e-02
3.132646848903186676e-01
1.352127506240187738e-01
5.249074186740373960e-02
4.321866995402511291e-01
3.411969598545120941e-01
2.205219948064268687e-01
2.814698467347995225e-02
1.628341820635505754e-01
2.662874032004332661e-02
1.951277311073337239e-01
3.600057843365789267e-01
2.715238780026938414e-01
4.801113817186205557e-01
2.518835243805213620e-01
1.745213768263164378e-01
4.013109023315065277e-02
5.025821821917100252e-01
3.454453371884189106e-01
2.548982525576373726e-02
6.169918282893258749e-02
5.842335179735683170e-02
1.262247881605247368e+00
3.264701349744186798e-01
6.421833950829378690e-01
2.309867062526257259e-02
7.340991969205593048e-02
1.076637022929913395e-01
4.083183641635457772e-01
2.767449198099675711e-01
2.694510531878402740e-02
8.875752999432247325e-02
4.600965070000642004e-02
4.598107776531777935e-01
1.461654527397735936e+00
4.751368018970106855e-01
1.061425655020676040e-01
4.588512715520644963e-02
1.657734456714711480e-02
2.827110833025427983e-01
7.386040691015774984e-01
2.503299084823668030e-01
6.306624575517050246e-01
1.016291313241041439e-01
1.820913749291093175e-01
2.015950757761375278e-01
1.280018963647898134e-01
9.042695925070158569e-02
5.563371163241821217e-03
1.140162185017412178e+00
3.810015405993635862e-02
2.306776109781455072e-02
1.192107186014140265e-02
1.617627002177126905e-01
6.991305826789610475e-03
1.228944482531868942e+00
3.561082253683440779e-01
1.205392981248716022e-01
3.009287106556052249e-01
7.662511876031330438e-02
1.998962157160233677e-01
2.297819250844025229e-03
5.721608586083497539e-01
9.861903381516623490e-02
1.462770718461191832e-01
8.968571804392641567e-02
9.884946897851105696e-01
3.175388873117170885e-01
1.270643551514638869e-01
5.333869479868668328e+00
6.296636087011012184e-02
5.335917863704139341e-01
1.816946830231951360e-01
1.733857797195532402e-01
7.136633633286475487e-01
3.073629035779422147e-01
4.397741745456974771e-02
8.261964709758119474e-01
7.664786116744995992e-01
4.209462446291984961e-01
2.788237388545962772e-02
2.436577596785517164e-01
3.344974120982056598e-01
1.988776078174501194e-01
6.181760338444185904e-02
5.475104757457133209e-01
1.972807617429070577e-03
7.702035665572555534e-02
8.048745017428052817e-01
3.521424002067737868e-01
7.514241457876684460e-02
1.027030688308978812e+00
1.473428272724041754e+00
1.264175123452645211e-01
8.568704880184563333e-02
2.285074091374443214e-02
5.681453989950154826e-01
6.314985106131147941e-01
1.804996852549403327e-02
2.216834836236353939e-02
2.289864686384424086e-01
3.799151228064642088e-02
1.204669600919674455e-01
2.490238816758270912e-02
1.207455263240598126e-01
2.183551378114159391e-01
1.024428583618089694e-01
1.075886991789079712e-02
4.113910930050959647e-01
4.292856094390426480e-02
1.614755129842599668e-01
1.999563028463475362e-02
3.502681166110088173e-01
1.351783301946739464e-02
8.945376638656243884e-02
6.108659382094038248e-01
1.328510840077458399e-01
6.669169804732061335e-02
2.756792193890600373e-01
1.637070009962339756e-01
9.809204835113415066e-02
3.163057492640498902e-02
3.305783886236626085e-02
3.729651609573862714e-02
7.881218185107287388e-02
4.677243273869103213e+00
9.385972799754152551e-02
5.988830663892331235e-02
7.628342731501082385e-02
1.565820756052661855e-01
2.035660339849857392e-01
4.254770280499965696e-02
2.671188636760384871e-01
4.736485154923468499e-02
2.018460903082071045e-01
8.644417784787539194e-02
1.225802385653794874e-01
1.500056240169276023e-01
8.396736232467173766e-02
8.867189447073722808e-02
1.834939524176999459e-01
7.594659761529189979e-01
3.516764937843782635e-01
9.746461738627640314e-02
3.431613367179949803e-01
4.741954265173439764e-01
2.119923151350638912e-01
6.131646080824679906e-02
3.476440414947150059e-01
1.449469063016176895e-01
1.040683080130061222e-01
1.003947391984142123e-01
2.201758943624512049e-02
1.130582704736949190e-01
1.082047176224252560e-01
4.869337989235384551e-02
3.104644573251674755e-01
8.848091448235395617e-01
2.705838887693496481e-02
2.992405924053596067e-01
1.307187586201508933e-01
1.510647918644240084e+00
4.101520888146684696e-01
1.042551869430586725e-01
2.167389826359374660e-01
4.099078627467709485e-02
6.193001674930026512e-01
8.633579132609473517e-01
3.651387199153490748e-01
7.202306147518722224e-01
1.683405788018682847e-01
1.827109368976448101e-01
1.820118655736907565e-01
1.280052995051470965e+00
1.172084778408519212e-01
1.602594494815255122e-01
9.299556745881629172e-02
2.133967689579675461e-02
1.830137354755667078e-01
1.962390579681929093e-01
1.490253503369128041e-01
1.115258832834105096e-01
1.488963206354611268e-01
1.181964211436081075e-01
2.974200972009525823e-01
5.023554960451832585e-01
4.397914329120680699e-02
6.476222739883388813e-02
1.076728731817204049e-01
1.575482306806608446e-01
6.164877530300016950e-02
7.444764628914474214e-02
7.041016179908077266e-02
3.981861404937422910e-01
7.822767057168171501e-02
1.400373852579849671e-02
4.426827685535684176e-01
1.678511494028313289e-01
4.508756760091756771e-02
4.573722336138658084e-01
4.993892990902813744e-02
3.233616461535624431e-01
4.158983285709325073e-02
2.585340599654442628e-02
2.403237026527094422e-01
2.237095210770718434e-01
1.830911698966850853e-01
5.661649853781881847e-02
3.015068547044565950e-01
4.989292458295987998e-01
1.887726494745033817e-02
2.788802456585238732e-01
1.923498286946195013e-01
2.708704653391996731e-01
3.572097033659774046e-01
2.037324473592244112e-01
9.898106230452356769e-02
4.098039301109793198e-02
3.142598919676411473e-01
2.384028610351335842e-01
3.098003396517586688e-02
1.596748726052856115e+00
1.045814152995082347e-01
7.742572796588742534e-02
6.474505857980473733e-01
8.091796402202807714e-01
1.753434507862077808e-03
2.293478468282116045e-01
1.079376597099783869e-01
3.106672201789800747e-02
1.136479201833146269e-01
1.447193302584123820e-01
1.947251684304314445e-01
1.162209186426583010e-02
1.469811863812304879e-02
1.624120259217412210e+00
3.137115851272201938e-01
4.520543292111142003e-02
1.003121657882356278e-02
3.346561045679296575e-01
1.488892274858284182e-01
1.563025436254736333e-02
1.127955599813164692e-02
7.604001408822344543e-02
2.436323368725472338e-01
5.878536426244407309e-02
9.633287265287385215e-02
3.480457966027054706e+00
7.564319314370272773e-03
4.804085290733921543e-01
3.417971633143972454e-01
6.623895219961944969e-02
1.386866438539960278e+00
4.946200231327427255e-02
3.885921563466455952e-02
1.889522403766893677e-01
1.313439152217501737e+00
1.017704486285178206e-01
3.994481705844760144e-01
4.796117400430120470e-01
7.404378463676052069e-02
5.499642493182745895e-01
1.221534440272404320e-01
1.651636914939752787e-01
3.265427958935004926e-02
7.571327463228233468e-02
9.800847669084967670e-03
5.773347350553860169e-01
3.606564215694681996e-01
3.650501201955730357e-01
2.627784974880801316e-01
3.156915301936046858e-01
5.506308751410551316e-01
7.393037966820247275e-01
4.010205954858611088e-01
6.210253764703683316e-02
1.076779058775540199e-01
6.865464555441205818e-02
1.013387781420054812e-01
1.965107484162502138e-01
1.804351231575939685e-01
3.220722114169661254e-01
4.361035851283886350e-02
3.081419348730640717e-02
2.456581791431317052e-02
1.628962019443302711e-01
2.803948447385128939e-01
3.592067957280587615e-02
4.753619187092397724e-02
1.021511045924465913e-02
4.231911353323667413e-01
5.821161620456147823e-01
4.019610630964908643e-02
1.757130477482155562e-01
2.529554152961098045e-03
2.540752499178308144e-01
2.311514227724456028e+00
5.642189253251100184e-02
1.204586933485003009e+00
1.484617427869940609e-01
3.586202347975420146e-01
1.328288088865279715e+00
6.152490742541558144e-02
2.011870707178706752e+00
2.130810209709361192e-01
4.406220630719793335e-02
1.083496856863761293e+00
5.672378756259744553e-02
5.623989911268051367e-01
1.887808344659217263e-01
7.090827842727123395e-03
3.822326900387298942e-01
6.383063849562707615e-02
3.247363256905904105e+00
1.273790480126477456e-02
4.298847466821741070e-02
1.226720249217553571e-01
1.352179370939826479e-02
1.032194170982159154e-01
5.337718249947928095e-01
2.867156749254574089e-01
1.653307184299115107e-01
1.362504213311410917e+00
8.753130572621269090e-02
1.651197026250781907e-01
3.863390815383452859e-01
3.270283532183675818e-02
8.118129874154295100e-02
6.411236762597490035e-02
1.084109266632789087e-01
3.206027938176423953e-01
4.225486015251425087e+00
4.094105770223345431e+00
3.336105270737069750e-01
4.371054096923066012e+00
1.555380961448261379e-01
2.493782151705910277e-01
2.960419956552188814e-01
1.924117424970308021e-01
3.018434098243825622e-02
1.585014211026500031e-01
1.590638019358609490e-01
1.106113266421747121e-01
8.596618649270723611e-02
5.363901674098531247e-01
2.275665610102712400e+00
7.584177172241547416e-01
1.352654126852978478e-01
4.679892931307354231e-02
1.386421923907706633e-01
3.646992538029165259e-02
6.072659484693480048e-01
9.805204041349457889e-02
8.417242610930747437e-02
8.293917673542068603e-02
1.921893624668415679e-01
1.109978711714155963e+00
4.572297796723527319e-01
4.218458162733380173e-02
1.180189063034987051e-01
1.186246032224630431e+00
1.833600710173561021e-01
9.737141861142516452e-01
1.940046759831076384e-01
2.665915760428615444e-01
1.071497734827340925e-01
2.883864997654352891e-01
5.313930586491021346e-01
7.138363834118356621e+00
1.185235219349033142e-01
1.971989368329842840e-01
7.957001195917635661e-01
4.646485100530123868e-01
3.230510391699061290e-01
3.702730552308894363e-02
2.001720378361231401e-01
7.941492081554846205e-02
9.661599391467910747e-02
2.836451141825424016e-01
3.222860712637482666e-02
2.632260860753464146e-02
1.959723344775738396e-01
2.979009947344108539e-02
1.993899978791949940e-02
1.812762733844756058e-01
6.781359587960530400e-01
3.225142787593699434e-01
1.358024934550139173e+00
1.037507940636273329e-01
1.597968763478583021e-01
4.398672106777967716e-01
3.904910741813898412e-01
8.116268327101371360e-01
4.964823346918494085e-02
2.676922264932343060e-02
2.482277033726445481e-01
1.288874959596575109e-01
9.549372420718245380e-02
2.119084728541374973e-01
9.519277004516006613e-02
1.416721218554786443e-01
1.663002141029468750e-01
2.314479254055177293e-01
9.702601744369813985e-02
4.728719713575280648e-01
8.207994509056010246e-02
5.417485416431009337e-01
3.463914463572160818e-01
1.110496380079942114e+00
6.779730808021015853e-02
1.231298061205079175e-01
1.283460866075969431e+00
2.100092811815044425e-01
1.566501095549655553e-01
2.089459938947066941e-01
4.350349230121218214e-01
4.829308172512419839e-02
2.674804517814262650e-01
2.280068719569476599e-02
7.231202769082333282e-01
3.711469800558724053e-02
3.991476076812547902e-01
1.784492484589967898e-01
4.097942117637180803e-02
4.588039011671656842e-01
6.045339059226760847e-01
2.259522692314541378e-02
4.761601213289416712e-02
3.296478728380277667e-01
5.201943960117052373e-02
5.701454851318008554e-01
7.904171771607653163e-01
4.132471872827121750e-02
5.293078566338109692e-01
1.007184871125887254e-01
7.881104153151602398e-01
4.148130657517495878e-01
3.831511073310723270e-01
2.287458309021166702e-01
4.031611332191163966e-01
2.624048398764730061e-01
1.768302842134234776e-01
2.097919978462863336e-02
1.959148278572186708e-01
1.179562732922605939e+00
2.387941236567376446e+00
7.570854961557462251e-03
8.122597087974625651e-02
3.040393080274021553e+00
1.193513947512442747e-01
4.993574402100637855e-01
2.461337997590434534e-01
8.446997285291853175e-02
3.693897212460924839e-01
2.831922382898643398e-01
2.481866332714980153e-02
2.973752230166782501e-02
1.313345617158149549e-02
1.668443733053452671e-01
1.058513429303773179e-01
3.876076347951847856e-01
4.961769444764310005e-02
1.265644846400081347e-01
2.487268662195640800e-01
8.098164294639333960e-01
2.390373771448351947e-01
1.203665362431638908e+00
3.403615729464424811e-01
1.401095859042194580e-01
3.214579465616617115e-01
3.052172152220701262e-01
6.716491086858014659e-02
1.254089539810604448e-01
1.114273586477763756e+00
8.262442718915848916e-01
6.694644418722153212e-01
8.422998873699343025e-02
2.396271467395813537e-02
1.248925876567380078e+00
3.899756259044445117e-01
2.595110116228858566e+00
3.335465522215930179e-01
1.056086267214761121e-01
3.472251928460000636e-01
4.757179210964471716e-01
5.667565399093483780e-01
2.130793509733062585e+00
8.947135845742275329e-02
2.307553651778338211e-01
6.289603269670993591e-01
2.211154824349023940e-01
2.215340802814702408e-03
6.172861483654761283e-01
1.165556762011248637e-01
4.447501763922707130e-01
9.326586689603524882e-03
4.039516081039061790e-01
7.534208262927231947e-02
4.347372626167152893e-02
3.051347613754600729e+00
4.492008065682046025e-02
2.210437830759018896e-01
1.425684081610305021e-01
7.590470417332558561e+00
2.251118851562760315e-01
1.693934557393775020e-01
8.714492015659261459e-02
2.118954087710201439e-01
2.182832492316664000e-02
2.171173258083676783e-01
7.070346972800817476e+00
2.094244604685186611e-02
9.012272900717915869e-01
2.604082997944119349e-01
1.624233799116530375e-01
1.167542488173233667e-02
2.531365208817312751e-02
2.598681597552991440e-01
3.198724711963222833e-01
8.787626259581649002e-02
5.003814123991538743e-02
2.666252822343463946e-01
2.433161628827864575e-01
5.459304963281770284e-01
4.315648946529471869e-02
4.826033643667279605e-02
1.068958069976667508e-01
1.085822517152693761e-02
1.016271711767173097e-01
2.093573615086763706e-01
1.363555337825780867e-02
1.377427533239946822e+00
1.026945341797736166e-01
5.415363806131760077e-02
1.160965238783728815e-01
3.227016922570950519e-01
6.706625518401151398e-01
6.545975877127752085e-02
5.736589956974200155e-02
1.895677730963455931e-01
3.216772844278560917e-01
3.592256965852311246e-02
9.797901144250453775e-01
2.567338384605734047e-01
3.719157956142044030e-01
1.369772130633424734e+00
2.402547680224667859e-01
2.552966949999442847e-01
6.526821533149891330e-01
1.500159585472435220e+00
1.425697274010014892e-01
1.219472023334992605e-01
1.866630144332988017e-01
1.489859272740782226e-01
2.727618795956952558e-01
2.533339237702386115e-01
9.868118824163064629e-01
7.640952521115458307e-01
7.285620184101226915e-03
3.466572987745381584e-01
2.984111627848824444e-01
9.208527648852107284e-01
7.916891134584271017e-02
1.033654863806785951e+00
4.990553145945697371e-03
8.077193280984078239e-02
7.261203888245498783e-01
3.862214501286059809e-02
6.376883458232540658e-01
7.037884666438334880e-02
5.362500493265230928e-01
2.416072332428871317e-01
8.251034480116234415e-02
7.561438203648370056e-03
1.822582201472780217e-01
3.201517214965845959e+00
1.954325257029936036e-02
2.521348954483995097e-01
9.461144557434121305e-01
8.145960978799862695e-02
2.652437126816768395e-02
3.849941049756903100e-01
2.883604659844264395e-01
3.621139073276317122e-01
2.016878709369271938e+00
3.795947546849521181e+00
8.580615516967902978e-02
1.488643717117610565e+00
1.718419715427235706e-01
4.589182891606653075e-02
2.584089469932100980e-01
2.162417992484402807e-01
2.557700797333785081e-01
1.494030733565033520e-01
1.692085575668753408e-02
7.160815900425189506e-02
6.903914958314857908e-02
7.500178187287794840e-01
3.751998769615415563e-01
1.527015522706536066e+00
1.340382152742498334e-01
1.137998808351979418e+00
8.592914998659431092e-01
1.665432564153231931e-01
5.171265961629474550e-02
1.830728233546055905e-01
5.336411837004289005e-01
9.643059280613100470e-02
5.297292199430487791e-01
1.023083496177424195e-01
3.208274272954064754e-01
2.618985832612729658e-01
6.948643192793041434e-01
1.653501559665998197e-02
1.991541593011676714e-01
1.755163600625912479e-01
5.312279300694393580e-01
9.354820446748662865e-02
3.157793586670707420e-01
6.119130005144027828e-01
3.394596606533958338e-01
1.014437532823732058e+00
1.854837495212950660e-02
4.328913055859052728e-01
9.219821203228996398e-02
1.203524105083366713e-01
3.232506172018786650e+00
1.048749382746527910e-03
1.249210874967463747e+00
4.523231692461285314e-01
2.462065712269444900e-02
6.680208371820757496e-02
1.870180435658838625e-02
1.663754124637261966e-01
1.742491282129711161e+00
7.160083979814110822e-02
1.950868999489670241e-02
1.247941124458093638e-02
1.737010051770520480e+00
1.116632829364586355e-01
7.374213860380023355e-01
6.497545325655623705e-02
3.019508661185524634e+00
2.480653854110380363e-01
1.391907615917639951e-01
5.286320323048429581e-02
2.367355888572718337e-01
2.553611546756962558e-01
2.681521517319333525e-01
9.170645140182740462e-01
5.051968703822664469e-02
2.774559672421557377e-02
1.008686806282301229e-01
8.672536758808527813e-01
3.979380318420023405e-02
8.127955886866404522e-02
1.834087269439537982e-01
4.600230934152870627e-02
6.945121982563806640e-03
1.905056405969664801e-01
1.903322367519668518e-02
8.273016531289728581e-02
1.838528676263393891e+00
2.845783568525348528e-01
6.338540340244464000e-02
1.222390140604462383e-01
5.084853305223108882e-02
3.839600408183372476e-02
8.884864705688927389e-01
4.916759036690121140e-03
7.507098917009229211e-02
3.123746404121663378e-01
2.065009754744613624e-01
2.731829084206728320e-01
7.260716095337504949e-02
7.914414852591283855e-02
3.041321913258654766e-02
1.462514703666215610e+00
2.078814983467900945e-01
7.040563729823295924e-02
2.630695313858071871e-01
5.126279663378220386e-01
2.722272114383687658e+00
6.405048858961784330e-02
3.219299445599916432e+00
6.025406174806917370e-02
1.227797091031311294e-01
3.201067984546075995e-01
1.784162701402501258e-02
7.984391045386736441e-02
1.551874928186707803e-01
1.625767753586998265e-01
3.306175463665610853e-02
1.818267466347927575e-01
4.227537689445188401e-02
2.783575801987316911e+00
9.423206863376963616e-02
4.754338526446022506e-01
8.643362775349362759e-02
4.001699337826463039e-03
1.814297912562474469e-01
6.017847436058286759e-01
5.647950482881879813e-02
4.663712777132207887e-01
2.483728737089937744e-01
5.461651806216973049e-02
2.343111211923873394e-01
9.721150058740218869e-02
1.802588943642459418e-01
1.796586049316518940e-01
1.657763836195866591e-01
9.509432048903397605e-02
3.777497255312727842e-01
7.981488805175029899e-02
8.043012115545977725e-01
4.227695656271310831e+00
1.174435348800398626e-01
1.190736059718626866e-01
7.272119613015745609e-02
9.919410909680570487e-01
2.159639877853851142e-01
4.454672344497317416e-01
5.636301607763855026e-02
6.994853426600169954e-02
9.289715500213618915e-02
1.750652770081028986e-01
6.980518799862526214e-01
9.369068004487178802e-01
3.331257242844782446e-02
2.174182662095260898e-01
9.553678280924524438e-03
2.094824662154083639e-01
2.812973165094108385e-02
6.330205057184586925e-01
3.286501608225591009e-01
1.786371561092687243e-01
4.359761427777786996e-02
1.098353137975121852e-01
8.069970027396707879e-01
3.537879932997926580e-01
4.697016201883765785e-01
1.554396510534727244e-02
9.782014447297368021e-01
4.535221507962059612e-02
7.079242583876857453e-02
1.914373401357878368e+00
7.738901291626930357e-02
1.228470411079496116e-01
1.090534826746724847e-02
6.123553406440795238e-02
6.814774019113579995e-02
1.812398452260394754e-01
2.954939571372406856e-02
2.734143246703831243e-01
1.064754120530441828e+00
1.181651050843256778e-01
7.943726705756378736e-01
5.818016922300976029e-02
1.358462034506087157e-01
4.359338859419282231e-01
3.392815692042880360e-02
2.582801619279188610e-01
7.511817358467977046e-01
2.847567059603000050e-01
2.809922986750255577e-02
2.488422151286183992e-01
1.411037455337739721e-01
3.201661212644744570e+00
9.433962223966617378e-02
5.342754375406597034e-02
2.618677210269296229e-01
7.778373785308101418e-02
8.015827917542506231e-02
2.890542810351476866e-01
7.266817731522103030e-02
2.325032706296787488e+00
1.959549074148447534e-01
1.409800987851182463e-01
9.070650583236884723e-02
1.283706850064059990e-01
3.256333003334829779e-02
5.128410197383979074e-01
1.224520612161341226e+00
2.280905362934141090e-01
2.574604858571007127e-03
2.621946255907353987e-02
3.296872736921268587e-01
1.227473966664902383e+00
1.761846050071312453e+00
4.691252801871836908e+00
3.377454066832921153e-01
4.113449086736920002e-01
1.389203243522272591e-01
1.970551716956696897e-01
9.995113698444460515e-02
2.398685054678262318e-02
1.031161927181703519e-01
1.854732831023868100e-01
4.969045773875571115e-01
8.496524171366065525e-02
1.790646137368592516e-01
2.008317610452197907e-02
9.531656695474111096e-01
1.852486283218362229e-01
7.318920822828958728e-02
3.840672430054549724e-01
4.680414261259132486e-02
1.215873843294949797e-02
2.641749653970311695e-01
1.097555450691796719e-01
1.598335776884494130e+00
1.456081350452857748e-01
4.499222381931768378e-01
9.283987824067696515e-02
1.133424311354521846e-01
4.166432649407068034e-01
3.034576059463080927e-02
7.070436100130220725e-01
8.298320324699820505e-03
1.437206897724876420e-01
7.082277781350826418e-02
9.930626901729208700e-02
9.062889626303894941e-01
2.399259619147492695e-01
9.389477952335127664e-02
1.649517649095162339e-02
7.963693434591187503e-02
1.442774131384840230e-01
9.938483471339376596e-02
7.671137486647920667e-02
6.656091288335042044e-02
2.415314430014147210e-02
3.925559519331543734e-02
2.915710796976335173e-01
4.005856163641204060e-02
1.773068719646649360e-01
6.408691150540320181e-02
3.514236836400581182e-02
5.734602972410013377e-01
6.188028263472107326e-01
1.836188047698470230e-02
1.434125190210380651e+00
5.384252082858445587e-02
5.528132051447621764e-01
3.831930136742717208e-01
6.222877293381237629e-02
1.681002211425083048e-01
9.326829625215887765e-01
2.620998744991563656e-02
7.972883384864178080e-02
4.656750550982333148e-01
2.183079596389186083e-01
1.407223103991513957e-01
3.541733474626152511e-01
1.215396430511373888e-01
1.829700034104198236e+00
3.053403149745939515e+00
6.499967086321886689e-02
9.848010534752906775e-01
1.931714614320033663e+00
3.802545719338386032e-01
2.981603004408734936e-01
5.966521244280256070e-02
1.846075536771561720e-01
4.026484667821828567e-01
7.019395945918244228e-01
7.130921034891798960e-02
7.423398105836608030e-02
5.270132673011458657e-02
3.943337239325303556e-02
5.560940052588556615e-01
3.072529487627196354e-01
4.933549851044771728e-01
1.126675584329222546e-01
7.539151153802449434e-02
2.933845934143495815e-01
9.048945638236487454e+00
1.005225407853680142e-01
6.022429118767289036e-02
2.099724430814175202e-01
1.981166831237632375e-02
6.786956666785241843e-03
5.035567266428701838e-02
1.089639600994405655e-01
5.502057583168872001e-02
2.322514569925468730e-01
2.320857474923455899e-01
3.467351139125215281e-02
3.388046016243536074e-01
6.668365877007080833e-01
6.226323560145146097e-01
5.167706691957836274e-01
3.873704602405712155e-02
2.124471214366083216e-01
1.162932418060490941e-01
2.467140159801073651e-01
7.816500743317809918e-02
3.789569452076751443e-01
4.989528481800403759e-02
1.356142606181595101e+00
1.461770355282106526e-01
3.066468517899189283e+00
3.559991904069569890e-01
2.253834848814274261e-01
4.126370066669237668e-01
2.312553675359400873e-02
1.168351165185829987e-01
3.744094204199863718e-01
7.372455531305778242e-01
3.113899164459829061e-01
8.380419535644418882e-01
3.924688110487517534e-01
1.316459672785095014e+00
5.469529110931851262e-02
1.066382709608608599e-02
1.997088844230409777e+00
6.447665811048265416e-01
1.445771694972708965e-01
1.338194620978814253e+00
1.945392760402458732e-01
8.651871827040609475e-02
2.342447679691222362e+00
3.476583991802034701e-01
8.409001171658201379e-01
1.368961672194844992e-01
7.439020499294325683e-02
7.408560020952627279e-02
9.512276438012648438e-02
1.117400664651518466e-01
9.089562260112001857e-01
3.060059504722045243e-01
2.036653935915564984e-01
1.175809382886545268e-01
2.313241263483440391e-01
2.017704137240419471e-01
5.586413370985973126e-01
8.542144272267632177e-02
2.182472059324325891e-02
3.333335000990128583e-01
6.262688678128436326e-02
1.094392901446965827e-01
1.985593438588623416e-01
5.524148440367880608e-02
5.200722427965943223e-02
1.831935063986633860e-01
1.207422471655218432e-01
1.387867484880603297e-01
3.235604903729696336e-01
5.804097835145837631e-02
2.808143063720717203e-01
8.647064223400702243e-02
4.827461192778765425e-02
6.280551700881589205e-01
1.163405354925937385e-01
3.479760646730811757e-01
6.196620355835056326e-01
9.244417650245922644e-03
4.161608369612997960e-01
3.276771012454541276e-01
1.948232284791727942e+00
3.742333505523697673e-02
9.605400141505532341e-01
8.417646859413260851e-02
1.326545200468298713e-01
1.566808426171983348e-01
4.695729548162869804e+00
3.204105327031434025e-02
8.038436833776257603e-03
5.634586356727060152e-02
2.411903902567447133e-01
5.160930677898090124e-02
2.060204596270782951e-01
6.857896862660217696e-02
1.772935812940766021e-01
1.311366845295255379e-01
5.688388600092347813e-01
3.036411508677381091e-02
7.191365256318477117e-02
3.164981203102027463e-01
2.475758513353378543e-01
2.323973382704921931e-02
3.861278795402153241e-01
1.967596826172848812e-01
3.237234170186301663e-01
1.636171580476232790e-01
1.913309837198590435e-01
1.763223520012389578e+00
3.392545251468577772e-01
1.587254131629496079e-01
9.447514615457560661e-01
4.156561880691024558e-02
5.994643306796223481e-01
2.732841419067323363e-01
3.227216960965075682e-02
9.594589611804228702e-02
4.030593519065683306e-01
2.544496544004203401e-02
9.244897405340137819e-01
8.749692803549681264e-01
5.164183892483045213e-01
2.735065965204401373e+00
8.609300724360001433e-02
1.321217168178899781e-01
5.284946898858917941e-02
5.825616693385272660e-01
5.977013876664842851e-01
6.200754328547143646e-03
3.122734159424494019e-02
4.832359370462231685e-02
5.473165953651953908e-02
4.043327088030916616e-02
1.784354478608039807e-02
5.344549412883337763e-02
6.584277034480944500e-03
7.472469650030358901e-01
9.733072006205445437e-01
5.583943369706999976e-02
1.008014484327421356e-02
5.744821164878085445e-02
7.300340036486410722e-02
2.326755266612441919e-01
8.523150604291514221e-02
1.620613127222136074e-01
2.474557426605530908e-02
2.474764314809045629e-01
4.090438441884128862e-01
1.455397826056649760e-02
1.851218772699380483e-02
3.920581015836545336e-02
3.945110053343180434e-01
1.158337366956306291e-01
3.895448722569461175e-01
2.674402108773675790e-01
2.680868173369299057e-01
1.821119955422054737e-01
1.523104592788654121e-01
3.692485447385139841e-01
1.660456027837930559e+00
1.305113202881618584e+00
1.832553585896204984e-01
1.403966630534004556e-01
2.025516935123308659e+00
1.526452013395329828e-02
2.147801373726126450e-01
1.532333926192569695e+00
1.061795751749614568e-02
2.122633608160680585e-01
5.104026993782927873e-02
1.178991898878380740e+00
5.272018627826546844e-01
1.101523166214781524e+00
6.678013516658885429e+00
1.836538006425055825e-01
4.478018440540542655e-01
1.848768207226305915e-01
6.532303965574851601e-01
1.204350039610877915e-01
9.369358964884457741e-01
2.561041275091318070e-01
1.770283613848991633e-01
7.092622157121453164e-02
4.504552446562719026e-01
1.982468282993567199e-02
1.034462285613690496e-01
2.244692107874658379e-02
1.883702263153886669e+00
8.863992590983734710e-01
2.275857517135543850e-01
1.421435071759184487e-01
5.947526218582255969e-02
2.767604100123245980e-01
1.740541263090932544e-01
7.040516445963729275e-02
1.742077238053984789e-01
2.151690716974224149e-01
5.497981463795644126e-03
5.622786492770057154e-02
1.542124689789733383e-01
1.916171823466706128e-02
4.878356560842431883e-02
3.674980299729054944e-03
3.763348608005608054e-02
1.362789173617979244e-01
8.094384879169089775e-01
1.810703394798026111e-01
2.137525846198503887e-01
1.299823085113608299e-02
6.503831629310826701e-01
7.846758880122814972e-01
1.698943770740187209e-01
2.078707605478023746e-01
8.463728902078757610e-01
7.423914833065131669e-02
2.206500597420531229e-01
3.712255436727617042e+00
1.777400051044590867e-01
6.641327232695782602e-03
1.799664317723100038e-02
4.669302043231381427e-01
4.335083275669153469e-02
9.238659515939631195e-01
2.223974707935945538e+00
9.894149321229831484e-01
1.807684058992919118e-01
2.201919460500503245e-01
2.154404163742949518e-01
2.899837818036163917e-01
2.253047563609565263e+00
1.445712167367262824e+00
1.927378458537445938e-02
2.283254095322735933e-01
4.965199386024773398e-01
8.814963080648700045e-01
1.538788965197506603e-02
1.663273974018202761e+00
4.032971393256992720e-02
2.209433238183425297e-01
7.547564790012636915e-02
4.019200992072266554e-01
1.476373918285091638e-02
1.478086624900021018e-01
5.070291564364510783e-01
5.960838399695287393e-01
2.394633889291405970e-01
3.851406655159200776e-01
2.629687519880627988e-01
2.757649950991359900e-01
3.952592037712297779e-02
3.952253608075393387e-01
1.063278472441676392e+00
4.737975212503890698e-02
2.601163971860314117e-01
1.512663648674296424e-01
3.672354558809737962e-02
6.985068570342700678e-01
1.964656637779372828e-01
2.092532950450132767e-01
1.211067826661054170e+00
3.083421458646339389e-02
4.751815025757769595e-01
6.059865367026080474e-01
5.289543603875918737e-02
4.793527980287142637e-02
1.905667052251344695e-01
5.182754782030309926e-01
1.767515263138443871e-01
3.233048572822538186e-02
1.453791712291588600e-01
8.721646613847461316e-02
2.365241060754391944e-01
1.410994950354721167e-01
2.256430028439287694e-01
9.005885883178205153e-02
1.584219715093274194e+00
7.316179552438359934e-01
5.457269149418996212e-01
2.805198643186105900e-01
1.466394918080910215e-01
1.081965400821663370e-01
8.924941016405076033e-02
1.283870519647917902e-02
1.961286508621516989e-01
5.195378167819910686e-01
2.023617280546886610e-01
5.495983920125961653e-02
4.340243031047489458e-02
6.003787096966769488e-01
1.660190858306576922e-01
9.955633966948574942e-01
2.961817672298575621e-01
3.559811934219402341e-01
1.606628225363907481e+00
5.265123568734686975e-03
1.047113588950006724e+00
1.439524106386047553e-01
5.384700416680875124e-02
4.184617110126690465e-01
1.907519155976066805e-01
1.200186102335457861e+00
1.591911177792590670e-01
6.611917885968666697e-01
9.243422614506466295e-02
3.988704818413225661e-01
2.346421919434426684e+00
9.376270041876234862e-02
2.812156160544256323e-01
3.117197444107865922e-01
2.037918601077395864e-01
2.113391010057946162e-01
3.857786458763500792e-01
4.500646634298664100e-02
1.548571742026024975e-02
2.383839752918074165e-02
1.313205128531033661e-01
2.855172733162238477e-02
5.326223573372897979e-01
4.721450794892836228e-02
1.604798508797209700e-01
2.536089630790636096e-01
1.191331738805190277e+00
9.975148373254314471e-01
1.120828868129055689e-01
5.962971916409928186e-01
2.244459623785383939e-01
2.134602747808429790e-01
5.649236095035394811e-01
1.023729436092555956e+00
1.253992819199261310e+00
4.864739473324568297e-02
4.354826465455621798e-02
7.240772506357005811e-02
1.316543326484505283e-01
3.950645857116906745e-01
5.043937310087632381e-02
4.368520931093323734e-01
1.089685051872588545e-01
1.571675380154287649e-01
7.384226025952818351e-02
7.405706911136226978e-02
5.802178807716602549e-01
7.267797741426745839e-01
4.376419281068268802e-02
1.916616106290140453e-01
1.419407823237684330e+00
4.150989879663574134e-01
2.061267457212016263e-01
3.745933288355602492e-02
1.013762585353768397e+00
2.261438572792558777e+00
4.042983432489353768e-01
2.249030240597358343e-01
6.254316049641248099e-02
8.787624217042043495e-02
9.950069689825164626e-03
6.668617501180426621e-02
1.711449213403427372e+00
1.776769662229064073e-01
1.385963595551389649e-01
1.020424220504830559e-01
1.901285041466998504e-01
1.592461456855628066e-01
2.662231994452324280e-01
1.982719012367804151e-02
2.164522398337785924e-01
2.347605096386485291e-01
3.262529359614582680e-01
1.831618415531848232e-01
5.413802423891953097e+00
4.674997797354595030e-02
8.137719556778841845e-01
1.396515333087206823e-01
1.463958169843571078e+00
4.656634344210361376e-01
3.457266455032122730e-03
4.765053567745033192e+00
2.014440363789773980e-01
1.879126917474615221e-03
2.574692293530940201e-01
3.553303576220807614e-01
1.833046665256071045e-02
5.086023340935008630e-01
5.323347531612106914e-02
4.280580753912862496e-02
4.453908785446288321e-01
3.620871880970669698e-01
1.168382350849448831e-01
1.676163259715824083e-01
3.242869568174394090e-01
3.416642891474070548e-02
1.627035531159775616e-01
2.201727485501079884e-01
5.866377234117078343e-01
9.390630763436778883e-02
4.124755389133045319e-02
1.382329659729734317e+00
1.372416553324445343e-01
7.251498617827599746e-01
1.100024513031122808e+00
7.674949108977519030e-02
1.590530347056779759e+00
2.284115725939978692e+00
2.126088245844793070e-02
1.011137374270570266e+00
3.592335747148348718e-02
9.475753603854555895e-02
2.894935611421811106e-01
1.547598770933493462e-01
6.383300974334805977e-02
8.843852596185133308e-01
9.651596753049358768e-02
2.581621294740528774e-02
2.045986276215178146e-01
1.949406109346110361e+00
7.364024966412145712e-02
7.304181477084581778e-03
4.370132125109381094e-01
1.258951646631477905e-01
2.375350353723214292e-01
1.179266030638817103e-01
1.433984348411968812e-01
3.414713489760590193e-01
3.667341334136852565e-02
1.591865750369390528e-02
1.871319804413827115e-01
4.315754955244385099e-02
2.090732688751895108e-02
3.379610814566642585e-01
6.965045980106535431e-03
1.022670643237267862e-01
2.702721628731945963e-02
2.183333899084825558e-01
2.421511007500035395e-01
2.642268488467169538e-02
1.035746322953951665e-01
2.626434683667119852e-01
4.651817287521754773e-02
3.122984772382728647e-01
6.595681161043964735e-02
4.471999239438874674e-01
4.479537724120910558e-01
2.108225300977165373e-01
4.324639445315658914e-01
1.506821413507381247e-01
1.082034603555489305e+00
3.106769738000826897e-01
3.119154597208631530e-01
9.374369463266660207e-02
3.520414576279796148e-01
1.489005919397165256e-01
6.060495164482548880e-01
1.786717970957818480e-02
6.745818408123836762e-02
8.024515093228962170e-01
2.276996510344384689e-02
2.004675425150815871e-01
1.168345848515076890e-01
1.122999289811032163e-02
7.355154466098635935e-02
1.045917208169352131e-01
2.316823695115035053e-01
1.647287498560880484e-02
8.730553955590651949e-01
2.115183682333490467e-01
3.089220676905999330e-01
4.442128730712137319e+00
1.034961941227810142e-02
5.158855482626430872e-02
8.281749151572170842e-01
8.690780173038695766e-01
3.936351160218724665e+00
6.664187904455214362e-01
3.474701563490355249e-02
1.564526536032033177e-01
1.404054955888917489e+00
4.652928402570232630e-02
9.144954195816342724e-01
5.903234767162061220e-02
1.458382029835146032e-01
9.277075712954445386e-02
1.500629472329051861e+00
1.242315931179252209e+00
4.107921440709753624e-01
1.512849307669698051e-01
1.589010079488213933e-01
8.128386215345319299e-02
4.408144355174724582e-01
1.122495115381783731e-01
1.675795020280842262e+00
4.657241727501608697e-01
4.924633895916810666e-01
7.231924129736195805e-01
2.044252637438450926e-01
1.502382795297681595e+00
1.032264326673253824e-01
2.069477946530018819e+00
1.408878037450727483e+00
1.889561849198936772e+00
1.775852636572881060e-01
7.578479396426596182e-01
2.862114645992097639e+00
6.294915554617688258e-01
4.508743273129894175e-02
2.033293800254576747e-02
2.662483929259958915e-01
1.530703067325934336e-02
1.948352183866466358e-01
6.942406957192524819e-02
3.592129133187452750e-01
8.076646756440014618e-02
2.495585702880255830e-01
3.327323990516413144e-01
3.917192893035988388e-01
4.300953098499505911e-01
5.427428708166424087e-01
9.359920594715219477e-02
3.472674238150918469e-01
3.942038607149361829e-01
1.284212237240351384e-01
1.219838841223491954e+00
3.899680097251332495e-02
4.051791325906037855e-01
3.292686145116557883e-02
8.028926614410135387e-02
1.393913896224883819e+00
1.148705295406219073e-01
3.220481255105518859e+00
5.730907703229323191e-01
6.709692030193444845e-01
1.250023611059418727e-01
5.391957748336281275e-01
5.319445767048356505e-02
1.782261200981306304e-01
1.963977207461116370e+00
2.618456225705501628e-01
7.813733093157755605e-02
3.456103744998672012e-01
2.127938049025349110e-01
9.422943829404945015e-02
5.280881818354032919e-01
1.017790206949826248e-01
2.601628693480032874e-03
2.253105330511422366e-01
1.870376190902809099e-01
4.626393841284363179e-02
1.732121160509604019e-01
4.339516021988760325e-02
4.233879063979939517e-02
1.204957269305592521e-01
5.675337813096431816e+00
1.441005579315521201e+00
6.936493424524565743e-01
1.982209937705316505e-01
5.971465894227415139e-02
6.838102055851690286e-01
5.087945424375164144e-02
7.270492480681954583e-02
1.772056957867785068e-02
1.226632880448465419e-02
1.960620419702800432e-01
4.185857825191190429e-01
1.611276420464848591e-01
5.623798885205690823e-01
1.703450412698273575e-01
9.658551379473709342e-02
5.115996710754732169e-01
6.406009203086406867e-01
2.631731736208069439e-01
4.651901773785069999e-02
6.637409608796411842e-01
4.223925264000429891e+00
1.565303070362586535e+00
4.274343812406991572e-01
2.019579426186123849e-01
5.133363874720319187e-01
2.638731093133134809e-01
5.186725062462773650e-01
4.070509150596322567e-01
9.841721251113519364e-02
5.109722462693395695e-01
6.591660056442164017e-02
3.555141621490301995e-01
1.446421188103373147e-02
2.235771994843967492e-01
5.110037635519389804e-02
4.201695005368299290e-02
3.833531549532397165e+00
7.222920396998533388e-01
2.790946422069825461e-01
5.550870762462768448e-01
2.246901015054104667e-01
1.300643822940305561e-01
7.117774315982632050e-02
6.176633067259843513e-01
3.185701512054901763e-02
6.841842856270714812e-02
2.481600483934726098e-01
1.626241827619441804e-01
1.441933356399447141e-01
5.312254135868316185e-01
1.496854237923975761e-01
8.789596513427796465e-01
2.528783042022069577e-02
7.989642265950681888e-02
5.590922692395080551e-01
2.511033811625246193e-02
7.291938136439158891e-01
2.144773309429573449e-01
2.960051417765260928e-01
1.373261053560196066e-01
1.557317938116588862e-01
1.663020826775674366e-01
7.464749727314218264e-02
6.375674491833786817e-02
3.412545310524060099e-02
8.059907437668617503e-02
8.150676711491852688e-02
4.453070011397864542e-02
2.024386952562292133e-02
5.123742823742973018e-02
1.216981668562145680e-01
4.515039200364771854e-02
1.141948406419324991e-01
1.534887297892653102e-01
1.291960178684407358e-02
1.469108029666553634e-02
8.233402635205787634e-01
1.114132990440679224e-03
8.831721609552852792e-01
1.626431615384839602e-01
3.757244894040454586e-01
4.590226509769708585e+00
3.972300209794779047e+00
2.571876682532639347e+00
2.505448609628975823e-02
8.304827065150174326e-01
1.196178108043739231e-02
1.152376587604386493e-01
5.777937224592857163e-02
3.905359826139515045e-02
1.727207194475111951e+00
3.154786120914835484e-02
1.632278466315524090e+00
2.667084699040519480e-01
4.551623518368685950e-02
2.878358233159246382e-02
3.405678238501492205e-01
5.085552818015211252e-02
9.799922665818103784e-01
2.049685604732860711e-01
2.253669876824083637e-02
2.319958917110190033e-01
3.236096825717212355e-01
1.131766482424747741e-02
1.080222486919126153e-02
4.770412066859972683e-02
4.355908519613839736e-01
5.296507671555530233e-02
4.046684510604448004e-02
1.874730620611886889e-01
9.862717286401526118e-02
1.718321309419802656e+00
5.072588854381435697e-01
2.914852655857489427e-01
1.279580497511258186e-01
4.571113358075949706e-02
7.484892889218941470e-01
1.376806233222899412e+00
6.968503601143187336e-03
5.371816159044150163e-02
3.890062984857423078e-01
2.624200628087216103e+00
1.122782781728985713e+00
2.390051005268356843e-01
2.018761015500674938e-01
3.960464009007401698e-01
2.269527005913360984e-01
1.787790841596862412e-01
2.908252808796165101e-01
6.273685857563001678e-01
1.871687317230509018e-01
4.212703791732848480e+00
4.484267012550886000e-01
5.713231297648889706e-01
5.055466764558556869e-02
8.895558083058481558e-03
1.388351242408419339e-01
1.335599363898425313e-03
1.643318817725231487e-02
2.237677219749673735e-03
2.264679865072677933e-01
1.430967819164788768e+00
5.615650391880001813e+00
6.968498084591494557e-01
1.028961716055057929e+00
2.930525445367470616e-01
1.104839583453386398e-01
3.402163838309828214e-02
2.258003003497246752e-01
4.502307617561836506e-01
3.402053405770962269e-01
2.890972725871532867e-01
2.413365175753554304e-01
2.818483008780962584e-01
6.399243396623363056e-01
6.746484710196600787e-01
7.502736452928816524e-01
1.141009760520426825e-01
5.259296341231835953e-02
2.321067371315536088e-01
4.097840736532284284e-02
1.452417136703647652e-02
4.132863923497673397e+00
8.946663403919710156e-01
1.539516630749664661e-01
1.928816541484942748e+00
2.005338756438830583e-02
3.725843964826691224e+00
1.259471104363919236e-01
4.843558604573362271e-03
8.586581565112384740e-02
2.901009177212190981e-01
1.426795131549396078e+00
8.174302007275763282e-01
2.884624598920386140e-01
3.074329404115193620e-01
4.131606083963993564e-02
8.313472285646197890e-02
4.012761225321433839e-02
1.571831557514180022e-01
4.076699899152366052e-02
2.128064660924202212e+00
7.189877502392809372e-02
5.649907799998230007e-02
1.184709408326654945e+00
1.152703918891254398e-01
4.449184535142145513e+00
5.661792458045938892e-01
1.336238101517730481e-01
1.955552751135115896e-01
1.364617945529332521e-01
1.079952754851510738e-01
5.130639308523664566e-01
1.770478647108621184e-01
4.334258684941409007e-02
6.155972723215635822e-01
3.213057680672489619e-02
4.854358058559300054e-02
5.378395070555307134e-02
2.840145112235116232e-01
4.423429573241791785e-02
2.793168941683044082e-01
2.097814790662219930e-01
2.947909404667675703e-01
3.142196435624139972e-01
4.186730050329613012e-02
9.654712234273138405e-02
2.402297904351723412e-01
4.800788090979787981e+00
2.424151829935110025e-01
8.276215608059434015e-02
6.868537818323019462e-01
1.397531634925172628e-01
5.813205397708846034e-01
3.460404358843513495e-01
2.945970623542292777e-01
1.172386560763500896e+00
6.972605242092448918e-01
1.539430147363974877e-01
1.221301787948664425e-01
1.601970192503754560e-03
3.325367059243580226e-01
1.892371708502273708e-01
7.503566992477170294e-02
1.641010591781205452e+00
8.000456221472256324e-01
3.528391653129107075e-01
2.569882655541995686e-01
5.935750328989201074e-01
1.546433971162971266e-01
3.717192580958900844e-02
4.494859211247396180e-01
2.658613688723314161e-01
1.119844781041262338e-01
8.322012014867211788e-03
1.370330652266439131e+00
9.059296137491740231e-02
1.558557911907087756e-01
1.128483392583292944e-01
9.599737724583512488e-01
1.136599456514126860e+00
6.127866107344955182e+00
2.227243424794747462e+00
3.531054808487487096e-01
5.294306924947544957e-02
1.316551448722451390e-01
6.936452275333793160e-01
4.387748841418010262e-03
1.964576787823193449e-01
3.647693294195622826e+00
9.981392583685948505e-01
5.643334779739216378e-01
3.244279309891468510e-01
3.011518738253508853e-02
5.823264356224464033e-02
2.439297893121082361e-01
1.008460694422014803e-01
1.433858710174027717e-01
7.914524865130520004e-01
7.720177940949850548e-01
2.434431485045186749e-02
2.232195385341760874e-01
6.004296000477454820e-01
1.540055901967583504e-02
1.450283928204420814e-01
7.668917462200408597e-01
2.698281683965108591e-01
2.451237998301761534e-01
5.227005893640749301e-01
2.342727690212168812e-01
3.093564355449332851e-02
1.587422806637866224e-01
1.335801043714324454e-01
2.519942870484439146e-03
6.539571303131664903e-01
1.918165106793833646e-02
2.512460845726495196e-01
1.067370220037943684e-01
1.876746302795811450e-01
8.863780459809327689e-03
7.555679318616888296e-02
7.668347349617236040e-03
1.959041519357796607e-02
2.441377256169285082e-01
1.236179363578659984e-01
5.279606993401936288e-01
2.643166176219411412e-01
6.045408325805516903e-01
4.942718272728617059e-03
4.356718944118792014e-01
1.776134062631778629e-02
1.030196572581111164e-01
3.198437696605277436e-01
7.024219955687311945e-01
2.397206977572469491e-02
1.099677908557106093e-01
2.476215483104990678e-01
1.011330015866731102e+00
1.882699587299582644e+00
2.546526559692010028e-01
1.506114105515961588e-01
3.892631335417513494e-01
1.383330212592481234e-01
3.201583306644510407e-01
5.894422557726045619e-01
1.885701210011396858e-02
6.710006469975220156e-02
1.093302214908344755e-01
5.127018796266930717e-02
8.369172165322912305e-01
7.674937763317787875e-02
3.006815429881447566e-01
9.429335003230712164e-01
3.759519550288575873e-01
2.428307974189395091e-01
2.167912598618435688e-02
5.337057941777758607e-01
7.323643169480133219e-02
8.689844391926897227e-02
2.674391875538873808e+00
1.913026151326728264e-01
1.476349832338124390e-01
1.878553623028521649e-02
2.390186172270898080e-01
7.598021260694476364e-02
6.218319481370744584e-02
5.552237892757776461e-01
1.811894391479994260e-02
9.492231659533478805e-01
1.673176888196470646e-01
2.513592917620308675e-01
5.323661739622784772e-01
7.144399184953603710e-02
3.949056073721025212e-02
6.895120286121925179e-02
3.500203412276228221e-01
4.967806943579052836e-01
1.973849589179295927e-01
1.984458499819130237e-02
6.697578793324033830e-01
4.002837352535760229e-01
2.635437311241336511e-01
7.734968260240940308e-02
1.095641200245457414e+00
2.768026173624940078e-01
1.321374886003964466e+00
1.741359663137891367e-01
2.549864301027195967e-01
1.385300626443372041e-01
9.839449651783869211e-01
7.607807969984723903e-03
2.558710202043391613e-01
5.295807339623551657e-01
1.512690938522815998e+00
2.612429514010666809e-01
1.064721236786487557e+00
1.158417062779591982e-03
4.100413337293249971e-01
3.440635698918381724e-01
3.760471383918735921e-01
1.683102409684388012e-01
6.451536480965699982e-02
1.383428311864263460e-01
4.193467142412483639e-01
1.381166638976997867e-02
3.254838610837799684e-01
1.503884022914754037e-01
8.200009290110436000e-01
1.136465463120891195e-01
2.277546045627508176e-01
9.440511088652980831e-02
4.333588073504938798e+00
3.507454770458308113e-01
1.195047081117440457e-01
7.083906979765408618e-02
9.734371675344039021e-02
5.354861217720170707e-02
4.005201702067539421e-03
3.588731778966077757e-01
2.631889703370916475e-02
2.401229894105485485e-01
2.591220118100314232e-02
5.908364331770056023e-03
2.584603895673510676e-01
5.814406110514055287e-02
7.569553226936159840e-02
2.316273855008639249e+00
1.552609460397625929e+00
9.332813694533655946e-01
7.343411384385365760e-03
5.526438757224607645e-01
9.209023668946836327e-01
1.824959184004245338e-01
6.734671373398123419e-03
3.386359579058366431e-02
1.302625219337428142e+00
1.165694208406534566e-01
4.564856877095702786e-02
1.708030763718467460e-01
9.690210141849600611e-02
1.516517481156925140e-01
1.326252057209121649e+00
3.067825812320575940e-01
9.337597045628064085e-02
9.408443222052204291e+00
4.561977983757572325e-02
4.502152227784572136e-01
1.138126655318495661e+00
6.240235490949490316e-02
4.444588428722422851e-02
2.398930486359762138e-01
9.113185343435982189e-01
5.203601663765445196e+00
1.069297132595760785e-01
1.729571482552031692e-01
2.945864968506618498e-01
1.381671349115038139e-01
6.336861542746169418e-01
5.582153061477937439e-02
5.703605688203542412e-01
7.532023318933769862e-02
1.208378730469644030e-02
1.081232789137528683e-01
2.545973004038470378e-01
1.233795621512375901e-01
6.295514968644722487e+00
8.983755188658484880e-02
2.025308425328694817e+00
4.923915270298528934e-01
2.109545616601367524e+00
2.345841892408334850e+00
1.642356112353618447e-01
1.832350472897052024e-02
1.113580433969429406e-01
2.195688062639515881e+00
2.115262088492865789e-01
2.303427574390414012e+00
7.534307176134617812e-02
4.144579761992120415e-02
1.543608975854884012e-02
6.239258886381411108e-03
4.182063684758755701e-02
6.753107669319539930e-02
1.103585148495648122e-01
1.494351651448718177e-01
8.444967428642399243e-01
3.807621577913912481e-02
5.366964155790681090e-01
1.715830064135120611e-02
7.027927280762331919e-02
2.726282053883506973e-01
8.707949883723363760e-01
9.336818174185775032e-02
4.922842261073099440e-02
5.228410915812765208e-02
5.505142191111062067e-01
4.024992284389286579e-02
4.667253437354271228e-01
6.316080510582369745e-02
3.240215324189424373e-02
2.289968014249659789e-01
1.223880013944102507e-01
7.763697697620586258e-01
1.659512613711116580e-01
2.591604346906152892e-02
2.304747400710026040e-01
2.446629962089571231e-01
1.976014351043590578e+00
4.313381394966907534e-01
1.003710649843542885e-01
3.247376742136885708e-02
2.434313114706439518e-01
2.451497634580540944e-02
4.873092584627126966e-02
8.555381663882599685e-01
1.257706129218935376e-01
1.682812488550970431e-01
1.104530177667773644e-02
1.360704303839780915e-01
1.344952918143084986e-01
2.260867559624312184e-01
7.577500251084992589e-02
4.319802032026687222e-02
3.854158341895599915e-02
9.475424576616698485e-03
9.252199438818483612e-01
3.783535333749356994e-02
9.196323785186383271e-01
7.334727848315958365e-02
1.398825883431514469e-02
3.723538699291945031e-02
2.760782366528651277e-01
8.550325397471353339e-01
4.383389277801111317e-02
6.366735685377159643e-03
3.134413152851836526e-01
1.655438271104194697e-02
7.368123191815327822e-01
4.200336752714793342e-01
1.106298153497352055e-01
2.810425227642449758e-02
2.444226312877254004e-01
8.581950113836527283e-01
8.637773236999893300e-02
4.090395968699258589e-01
3.833758208933971817e-02
9.439862096662715585e-02
1.553507284875107752e-01
8.935164741288661311e-03
2.082711371959612978e-01
2.354344134947290723e-02
5.026019781520028040e-01
5.415829250729390365e-01
5.581147242733997677e-03
1.069184354717545998e-01
1.366520251588854498e-02
1.233404932880703408e-01
1.172549237671681177e-01
5.521762641951365874e-02
7.089821746038069694e-01
1.614999405353503559e-01
1.951655807578168145e-01
8.005178132514065292e-02
1.158571493175303280e-01
8.892846681493674077e-02
1.085359504638265582e+00
1.467865099918277683e-01
1.286327657129462398e-01
4.662507201814812541e-02
3.160901556887060204e-01
1.653590977598875800e-01
3.327530569684143680e-02
2.304807791613542323e-01
9.637735717007597097e-03
1.202250005038999481e-01
1.097062255240983442e+00
1.008512454638160527e+00
5.900270107561868954e-02
1.131621883090394021e-01
3.701406767785177521e-01
1.164019078881304958e+00
9.751375343101360837e-02
4.581768559849800360e-01
2.853810389614526710e-01
2.697218827901241567e-01
5.581773798465694547e-02
1.090722460863745719e-01
2.038245070745764165e-01
5.797932947649235835e-01
3.922657293384090860e-02
6.202012612313361622e-02
1.483841582819608595e-01
1.593436125809042925e-01
4.600755528273925421e-02
9.861496273412984070e-01
1.434472413022471193e-01
1.339648308274530297e+00
4.151699628648918006e-02
6.990531992495306601e-02
2.126226237663199736e+00
1.442406204389573843e-01
1.620184423317260203e-01
1.602784911684019264e-01
4.527580345144940899e-02
7.895779311188563798e-02
7.164765316258953076e-01
2.325575883232412211e-01
6.305066867648785080e-03
8.688811098418910972e-02
3.548075954430133239e-01
1.523303023479281593e-01
1.240215401283390056e-01
5.274517028757933629e-02
2.240708664165099173e-01
2.944056400175017352e+00
2.602129933438149245e-01
1.332068234718603861e-01
4.704150625345376174e-02
2.901546799773413801e-02
3.417006058618323183e-01
6.104475054175656501e-02
9.385413898841463154e-02
7.907840369080552101e-01
2.113253736144844463e+00
6.164678025129284589e-02
6.259189760306978906e-03
4.405454805361875281e-01
6.051388731349693906e-02
8.871018984482227365e-01
3.475403823071263609e+00
1.198762072160944325e-01
9.463224992845796144e-03
3.823057953357928557e-02
7.405122378124405491e-02
6.559034390314695540e-02
3.231451370756297653e-02
1.177453923874281771e-01
6.200443726295067348e-01
7.676103214190281854e-01
1.601773403543146790e+00
1.937042927397731110e-02
2.415583710521223559e-01
2.213946462355495803e-01
2.570962976217455731e-01
3.894135312994902454e-01
1.460939144873374569e-02
3.659738914046684055e-01
1.000976054564341466e-01
1.621877219543170545e+00
3.841466652438526586e-01
8.676789328367663368e-01
4.092587700244897791e-02
1.252220184878638509e-01
4.809709402413628432e+00
3.198104807184437015e-01
8.865673281391718563e-02
2.396099233265268635e-01
1.338720362897153904e-01
7.646280861785605121e-02
1.155757158737180795e-01
1.522748738071089299e-02
1.134473829046575288e-01
9.385234308929363278e-02
1.346017960993959317e-01
5.366601538196946741e-01
1.198631595207434175e-01
5.183632210832493925e-01
1.315406156659566263e-02
2.086741336339443739e-02
1.937043451495364943e-01
2.404649610757580991e-01
5.234981009185393219e-01
4.887202653133636276e-02
1.228139926010882732e-01
6.104322799571719749e-01
6.952694911941185996e-02
2.182567914066240941e-02
2.344132216699942040e-01
2.803639526287064476e-01
1.086977210218519341e+00
7.704279812636494196e-01
8.167121298684862710e-03
1.698120757394141990e-03
2.480262963061348191e-01
6.525834319619903123e-01
2.455578239064448720e-01
3.112867397443218054e-01
2.424927485470827759e-01
2.263254207211607139e-01
6.986060224110918204e-01
9.353048316673055140e+00
2.114775590606484956e-01
1.166577552344663093e-01
4.418356951698084178e-01
3.228576477902225794e-01
4.231792549448808172e-02
2.332273930633376846e+00
3.668076390076044357e-02
3.810317204462723706e-01
2.643597004472704182e-01
1.096084584419817348e-01
5.502837748178837640e-02
7.741942618040366098e-01
2.035454661175589708e-01
4.977969905026437547e-01
4.437717468691468325e-02
1.923052293688483905e-01
8.586899709427128768e-02
5.042437630358413969e-01
6.685679789247943594e-01
1.115003087436453599e+00
2.529047362794110687e-01
9.802859885562983933e-02
8.787093466449553969e-02
1.504882313396463389e-01
2.299248934008669629e-02
3.533640612471908044e-03
3.756215522157834719e-01
9.086362489826317612e-02
5.835971132471731160e-01
8.933631186201453911e-01
1.808250005820297851e-02
1.097731676201064710e-01
6.838895363291451479e-02
6.675486816501442489e-01
6.974673462655205380e-01
1.041148627409245603e-01
9.953962350298224682e-03
5.560901007666658735e-01
1.421460066781072562e-01
7.095850687569946191e-02
5.722158900458101938e-02
7.388632842059635053e-02
4.835028225477830954e-01
5.612278434625057599e-01
3.047287572215039431e-01
3.873977767448097964e-01
2.075705761260859816e-01
2.772779944039075239e+00
1.664952010867147558e-01
1.230149314290430174e-01
1.122496852950796375e+00
8.039632769141117352e-01
4.212295479586526392e-01
8.137951790792321560e-01
1.936094856531775030e-02
8.811778701763803290e-02
1.207193951520786797e-02
1.016238244592242018e-01
2.639173274146803250e-01
3.525147303544113320e-01
1.636696699522199594e-01
1.323015846257871719e-01
4.287148589186868253e-01
3.155658840375930030e-01
9.194400671663023605e-02
8.725299704119381106e-02
3.616125068701949719e-01
2.826166787897310684e+00
3.061666345125510502e-01
2.304786882980446316e-01
4.884479036823635018e-02
1.330099013363422455e-01
1.053164874162331316e-01
2.191461173762903947e+00
7.843715246548964293e-02
1.711092886734723262e+00
7.242989043193840404e-01
1.359304639818192495e+00
3.315626040591325707e-01
6.280452463932859608e-01
1.815063891743678159e-01
3.956605988198547141e-01
1.859330022594429810e-02
8.691661467092987037e-02
4.054138810609244081e-01
2.537539253810453671e-02
7.999818772213582174e-02
9.062862905790411427e-02
1.687673675812239593e-01
5.243997495852789070e-01
1.828533397165068575e-01
3.012592629294259527e+00
8.996868329278893961e-02
3.078019700886411303e-01
1.322400061790548476e-01
4.967225818167782248e-02
3.721917613293978522e-01
1.891170133373455686e-01
3.033853139730270376e-01
2.089619063112234387e-01
6.138830356988683734e-02
9.612347405849754056e-02
7.764466460666497039e-02
6.453664004778643382e-02
8.825111932372259105e+00
2.988165456790370031e-02
1.544212301194330395e-01
8.250901151174120374e-01
5.739198583481555094e-01
3.785826750834287435e-01
1.068245469518685486e-01
2.018253720509287863e+00
5.779092059705089740e-02
9.711601307152498697e-01
2.521082119527149334e-01
2.923239607369103599e-01
1.271977136977245348e-01
3.680890836114947273e-01
2.885275731044610326e-01
1.561806031428780717e-01
1.656752277185022937e-01
1.099181445677630507e-02
7.530649138543953069e-02
1.542778433476203748e-01
2.922953828327162773e-02
7.252841877650835212e-01
2.112052249178325569e-01
5.163449149234587698e-02
1.478624628125175589e+00
8.777868957234069569e-02
8.642431356036325285e-01
3.235318668244733381e-02
1.354715074727976254e-01
1.337205018061215778e-01
3.395302523090671931e-01
6.884693134918686008e-02
2.565081666054159992e+00
1.126840769466440184e+00
4.420354988459593293e-02
3.745374075858948215e-02
1.317221244541220138e-01
1.382677567108001160e+00
3.280846566557945043e-01
5.450537863502714908e-02
1.211057607757516780e-01
2.053656105855688752e-01
4.368849008560442976e-02
2.951143603574811914e-03
1.594303035679539848e-01
1.021555970814377101e+00
4.792318799638396465e-01
9.354892265364349313e-02
1.119871707549511264e+00
1.368258606320996995e-01
4.285146849320735085e-01
4.850098805538031188e-01
7.103091942467168463e-02
1.947066505441774967e-02
1.794369602723822066e-01
3.290353306500894415e-01
1.313523608194701875e-01
1.707277553586060148e-01
1.434695429099358717e-02
2.527604303991114465e-01
3.344221024140459769e-02
4.291101038543116558e-02
1.701768540706186383e-01
1.349283493976882187e-01
2.072644613347647269e-01
8.616680669488376854e-01
3.423675789537453801e-03
1.049035750903493991e+00
2.854288412755185411e-01
2.280738740088232575e-01
2.910871378366539641e+00
5.862905126525554955e-01
9.206415646999940861e-02
1.710108108563334478e-02
1.596977358230232402e-01
2.418734738065857637e-03
2.434316701574854580e-01
1.691978623807641746e-01
1.436991526181170542e-01
5.558519392198960768e-02
5.806230418455435999e-02
1.147011122030907881e-01
9.527841580513007891e-01
6.479803465822622233e-01
7.614531445069300242e-02
6.787328839095507771e-01
9.108030348022139178e-01
1.654280332694498534e-01
4.631254254496304790e-01
1.225803512743187974e-02
5.693133042816490158e-02
5.970445716313291240e-02
5.921360670450642044e-02
1.345330365582156351e-01
6.973483842555211476e-02
1.187050744239523947e-01
8.685802047517277025e-02
2.206015205991085915e-01
2.280111633647556868e-01
7.945544426101124047e-02
1.272577948808552017e+00
9.357891092507282516e-02
3.856948682679158802e-01
1.826744795044706327e-01
5.345846456459869556e-01
1.528660446703157039e+00
2.573054209566769807e-02
3.729257236117025642e-01
4.797922273793000375e-02
3.778487859516178882e-02
2.656005704638888520e-01
4.733969784266841008e-01
2.312614256994838940e-02
4.889199288070671945e-01
3.202188093191760121e+00
1.781722369051612076e-01
3.506956254360231728e-01
3.341331711063786486e-02
1.880031273463271257e-01
6.736278935140165014e-02
9.637877775043476869e-03
6.087688817236389660e-01
1.877186436319414620e-01
4.259163091413045027e-02
6.368484620508967076e-02
2.708980363800831404e-01
1.070227181872963895e-01
2.290388857206472270e-02
2.177456797678770928e-01
2.156760740352272124e-02
8.990370245995644716e-01
6.551764620152945862e-02
5.873167009508626357e-01
2.943515175987466925e+00
3.855631771861088852e-01
2.373693524766924134e-01
4.743353361658634304e-01
3.664001429750436412e-01
6.082306988976712292e-01
2.218366629215565156e-02
1.958393528155354113e-02
1.961792389509626755e-01
1.403186326301890663e-01
1.186313345119428986e+00
1.427873651671360267e-01
2.273713361163978153e-01
1.676592400542109007e-01
5.280525727137001801e-02
6.456169212629073520e-03
2.045459459383588141e-01
3.046909698819930123e-02
1.100068843785306782e-01
6.995519161856637858e-02
1.314893215261639048e+00
6.321330528063823229e-02
7.077549330683703330e-03
9.226650552285245444e-02
1.548594636754117848e-01
6.323148706686118614e-02
1.495374558911007901e-01
3.674157439711803891e-02
2.420980677284158833e-01
1.525031162812236218e-01
3.091407577052829574e-03
3.177099647443118791e+00
1.682165125496069835e-01
1.217821666457003654e-01
1.023966298150292553e-01
6.708905722875224686e-01
2.681555381326695686e-01
2.151066691315959289e+00
1.115603142285221255e-01
4.931520288792373002e-02
8.843128232339034223e-02
1.146617448620089297e+00
4.030408184040366604e-01
6.223406283010241014e-02
1.257137307216824040e-01
1.394546836937899104e-01
1.076310002809345578e-01
2.649095377921640432e-02
4.761588184531978518e-02
1.855189473141721557e+00
1.084797718119850790e-01
2.284052032001246124e-01
5.421869023659248166e-02
2.716563280452454876e+00
2.783668749832768352e-02
9.519827714239306737e-02
1.392401722588165192e-01
8.433381030753898944e-02
8.014382452136745161e-02
6.267092291494394396e-02
2.283681735071041441e-01
3.318608954263174149e-01
1.756269962791555395e-01
3.609069818781703021e-02
2.835582246260112682e-01
2.338940038612795924e-01
2.762927103849063815e-02
3.789169400784720299e-03
2.308205926422624288e-01
2.196708357452596128e-01
3.887348390267095222e-01
2.265060909591188817e-02
7.330429269017282867e-02
3.353758916721680250e-02
9.658589491163269702e-01
2.155166170639664092e-01
2.546974386222194270e-02
1.084895368435664226e-01
2.614014410508420649e-01
4.840927880339923384e+00
3.543847663749593591e-01
5.610204961678380564e-02
3.119204875552212750e-02
1.481840785783185843e-01
1.357070070814262452e+00
2.209821130777866183e-01
7.295785530451852630e-01
1.021044835501533909e-01
2.665714292841545596e+00
1.904935842628979747e-01
1.597800015097155191e+00
3.798388871445220083e+00
2.076711539762070291e-01
2.393667752299242779e-01
3.992827657065602109e-02
1.254062297406905724e-01
7.123816032318727731e-02
1.255930341397452077e-01
7.992070725861080693e-02
1.300205224372486812e-01
6.616211978001943494e-01
8.785275394808643723e-01
9.282070196909988358e-01
7.712016671379209876e-02
1.737283455594043624e-02
1.559656240533684901e+00
8.798315384121098148e-01
2.184103583456231124e-01
7.203207063971425045e-03
1.183034185252891807e-01
1.808531182027653395e-02
1.604374071112449340e-01
9.288061357339212620e-02
6.413429626237346359e-02
4.877461630707235346e-02
2.717431806972531085e-03
9.985895715673773765e-01
1.590489040865116499e-01
2.158146126604565673e-01
8.456026118651439882e-02
1.355233050423991226e-01
6.204242315502418725e-02
4.842927419638737518e+00
4.953449958339642967e-01
2.824954567820817108e-01
5.220727090699637252e-01
2.918385186944409682e-02
7.330454624813001474e-02
1.024934731257411413e-01
4.459447142454483481e-01
1.679149263347669840e-01
2.379626764371147452e-01
5.080324044260203092e-02
3.043269932697811875e-01
2.034471957460161629e-01
1.592630609289182875e+00
2.519347829392670768e-01
2.295629827074443075e+00
4.484202921194368335e-02
9.576018763865973282e-02
2.627052375954761931e+00
2.599731849758853408e-01
9.103002968448863363e-01
1.804154718796069923e-01
1.945702073555576894e-01
3.770207583319162142e-02
1.732812934366516899e-01
3.826761918608909824e-02
1.965307906803949456e-01
3.754845564003771868e-02
1.505477141313356360e-01
3.991049632857230495e-02
1.779146552792143787e-01
1.488961954782608843e-01
1.875822618594819025e-01
4.532737108548697269e-01
3.766567870985760430e-02
4.914075083658971110e-02
4.989135995438986892e-01
7.329154145155440669e-02
2.533744669276175032e-01
4.608466789712577921e-02
2.312012817902410200e-01
4.201360645531392324e-01
9.643257339201030676e-02
9.998645871069469782e-02
2.708156634004744295e-02
6.258102754572265614e-01
6.394044190094320124e-01
1.278584511764539744e-01
4.062892527626305594e-01
8.130667159672422262e-02
2.625334030129870821e-02
2.511466380444026258e-01
9.640223467068054219e-02
7.206708654025759109e-02
7.012595351483343897e-01
3.899187281822532603e-01
6.445563660679605178e-01
2.346132531260708420e-02
1.202132647589743808e+00
1.640212461635391361e-01
1.158917985731559679e-02
5.063027723101760219e-02
8.518320059743116068e-02
1.685186500475001625e-01
4.700755793936699234e-02
8.077602113933288752e-01
5.072238104818526522e-02
1.429116768560158290e-01
1.743205586062684387e-01
4.882543954364632066e-02
5.272291698876978572e-01
2.412708380982852840e-01
1.184526345492624144e-01
2.279522695437246949e+00
1.702890476438769229e-01
1.218394201227439577e-01
1.194964094854936709e-01
1.262586516559697884e-02
7.611674429609761872e-02
2.551093806356992677e-01
3.426475678766539579e-01
2.057076501858672718e-02
1.664064696837928847e-01
8.006769318073813091e-01
6.753798966755880651e-01
8.549160656981480422e-02
5.823886286720311029e-02
2.737944367563523163e-02
8.372947812608273754e-02
3.652430860764160903e-02
1.318142374422389407e-01
6.844622051631081838e-01
1.719299230774236353e-01
1.083837201191482219e-01
5.071056797251715514e-02
1.587543995442971048e-02
8.179703601473693741e-03
6.771700236275558782e-02
5.663441116199613434e-02
1.416736996961865114e-01
4.792861097131355108e-01
2.941649718438893099e-02
3.955854134851602422e-01
1.390583517019260695e-01
3.016397759828280956e-01
3.241793257275098483e-01
1.003991730180335551e-02
6.247799464312480018e-03
4.470135340591690487e-01
1.266161439965651558e+00
1.414906606160086511e-01
2.253074128294245138e-01
2.983493685300496523e+00
2.431214043377296352e-01
1.204408735633390876e-01
2.014327647816280611e-02
1.962634027258868263e-01
1.039937267662165432e+00
1.743438398119072363e-01
6.519056665264892914e-01
5.561305661828945535e-02
3.071758208196772588e-01
1.891149409552314031e-01
3.328022696299435396e-02
9.935371976100623725e-02
1.830126474577157825e-01
1.970719444319038727e-01
2.100354468093410323e-02
2.777074455802674285e-02
4.641389893354857521e-01
2.254829359146845735e-01
1.759190770528850922e-01
5.660666375529493227e-02
4.340063460053678601e-01
5.326037544955589675e-01
1.919939787671982867e-01
9.143205943689503012e-02
1.660376692742325522e-01
2.149377845085457400e-02
4.983807966421605062e-01
6.526849228922688706e-01
3.076301593868974865e-02
2.136873585088823746e-01
5.204934719219019013e-02
3.917726607996681487e+00
1.156887005767278376e-01
2.367008306151200392e-01
9.207397382884534576e-01
6.724948889795494267e-02
1.414225537148877110e-01
5.470585441224896234e-02
4.188615607845467825e-01
1.794507077768843495e-01
8.543714599650829022e-01
1.424301307226699675e-01
3.946691424111936630e-02
6.416024049911919214e-01
8.818708548462454722e-02
1.440548861389354673e-01
7.387507259941908933e-01
1.584026824923849552e-01
3.658782797093238948e+00
5.239850373172539877e-01
3.274707852884135018e-01
6.653754109947579432e-02
1.133652066449173934e-01
2.771314475902858510e-02
5.164664321048797468e-01
2.744628771986268312e-01
7.723325521533055960e-02
1.532956191218884656e-01
6.424778741101321022e-02
1.061892037671907929e-01
9.540192125624905040e-02
1.101943633124510685e-01
2.423880576523561869e-01
9.372877320634273590e-02
7.411234878913362800e-02
5.326654987953394205e-01
9.631428284444656374e-01
1.347848725566671846e-01
4.391045334916323650e-01
1.197705757951736949e-01
1.248097820061336571e-01
4.525548560940879095e-01
5.539067591004580987e-02
1.099197091857802677e+00
2.722097024516901276e-01
2.918284086386678244e-01
4.472916074987032808e-01
6.916295862875743161e-02
2.038114972586286752e-02
4.534138289585072368e-01
8.687077081426918257e-01
3.009825866540977168e-01
3.443366671445695637e+00
8.921265262485442160e-02
3.241342935740767484e-01
6.110165870826753665e-01
3.849105810771874525e-02
1.555479571086757218e-01
1.180259765592050897e-01
1.529961113334591616e+00
9.138502678980885141e-02
5.342980593989005156e-01
8.833038336611721830e-02
6.382634618844543750e-01
4.982602848686031316e-01
1.685144522206761253e-01
1.723377397378226261e-01
6.098194287983860207e-01
2.374977744596741824e-01
2.217570644131885149e-01
3.454860329582488121e-01
1.028267634445065998e-02
4.029865020499815986e-01
2.955670184957356339e-01
2.813317969726599754e-01
2.122977112232343200e-01
1.894753112484947599e-01
3.113608546227902285e-01
3.871822873503376616e-01
5.606202846573459658e-02
5.240076664469075357e-02
7.394158579675055853e-02
7.224636335690233224e-01
8.044437685829550766e-01
4.591544653160106737e-01
1.767089610725223858e+00
1.561792538429132293e-01
1.982641394738829943e-01
1.261350342060772178e-01
3.438917768849044099e-01
6.375182570648564306e-01
9.185585763401299397e-02
2.479532342460800121e-01
1.470494818324643849e-01
2.013977356052859546e-01
8.280448892051854581e-02
5.145977400804908619e-01
1.135289350854526425e-01
1.097417273678906957e+00
1.817405869811858921e-01
1.857631247179508671e-01
4.626048367269202516e-02
1.236241757315121037e-01
2.243987651113535653e-01
5.244868192916927185e-01
5.494726916772829650e-01
6.164624920741098579e-01
1.288775507418646882e+00
1.491959787332195198e-01
9.892075475541478591e-02
2.511614839771835195e-01
1.510582117677151115e-01
1.332055141112796770e+00
8.892228692422468606e-03
1.797574496823815815e-01
1.857081480854681499e-01
1.170581058413182829e+00
3.332651871574745517e-01
4.481882246746987652e-02
3.363601170521849509e-02
4.826854366592672058e-02
1.275642663347062722e-01
7.930561632004862194e-02
3.903135419932403649e-01
4.260199198311466873e+00
2.549445260241249400e+00
3.439807854543545929e-02
1.354965349376924921e+00
3.466042998619660032e-01
1.014894389868666869e+00
2.599413382649055748e+00
1.231452329983090260e-01
2.861210109848960625e-01
1.268845010996763334e-01
4.002762397428225039e-02
2.008372975501421243e-01
6.194141819716605935e-02
1.235749662504694452e-01
9.317866997345197744e-02
3.925730747103508000e-01
1.916915277571343557e-01
2.769801230327806688e-02
3.862751663053103079e-02
3.605307970718037991e-01
1.301467239593417646e-01
3.775027941909095963e-01
1.034831055007306572e-01
2.736171787433610003e+00
1.187280567706038015e-01
6.709691277276655028e-03
2.433878319362054454e-01
3.847792057104337804e-02
1.851540253726625007e+00
1.756632220353970472e-02
2.681069174815286504e-01
1.392367302901299231e-01
1.948968387530925217e-01
2.309174603288070143e-02
8.522618222588833684e-03
4.425580901253553523e-02
4.350191524188632558e-02
9.255229281443055900e-02
5.074495008985726585e-01
6.311035925986595574e-01
2.488034975679758593e-02
3.224921890221709164e-01
4.901033558702642956e-02
5.633409859291764743e-01
4.154245669750681325e-01
1.313479226663332167e-01
1.885099837254323313e-02
3.871254374510142704e-02
1.876555274475795621e+00
5.890738950177932393e-02
4.086981184247694965e-01
6.947991553974775490e-03
7.144831518215820410e+00
1.964065051417334784e+00
1.904875903095711309e-01
1.020541849329185791e+00
4.247094816633533582e-02
4.914761707549300529e-01
1.692758744932286730e-01
3.560664391823251673e-01
1.691105831188278730e+00
2.929355562428577753e-01
1.403447944034952599e-01
8.217552826479747330e-02
9.403317198870814186e-02
2.527358737494793117e-01
2.887623495408589980e-01
1.277993599603737852e-02
2.041042526828397707e-01
1.329330986913670021e+00
1.316614177523739992e-01
1.087565417692500785e-01
6.682061502679820242e-02
3.476908295394288279e-02
9.513239437794852871e-02
1.115551342259265832e-01
1.362736013819596248e-01
2.733495452898339062e-01
6.233839907305561701e-01
2.273479650656120565e-01
1.484756523731374900e+00
4.988278317773198189e-01
3.146736205321009616e-01
5.456266666214948380e-01
2.253861159835773564e-01
2.124562285700534736e-01
5.013157097567234877e-02
1.806772480067510900e+00
3.009113901088820153e-01
1.433933833835667263e-02
4.111895813621233020e-01
6.283460916765046256e-02
2.822887074922948436e-01
6.445541872088884627e-01
3.194986863435621549e-01
3.429248912857522646e-01
4.793942875727190411e-02
9.800039866301422931e-02
3.539235822171964835e-02
8.001811690381677167e-02
3.730424351899711000e-01
9.905973776371300790e-03
2.703635862596972389e-02
1.739956071444374586e-01
8.518291084480858824e-03
3.500879495411833853e-01
3.782562898477120905e-01
1.037097538403011637e-01
1.078264512199086783e-01
3.984675249499496918e-01
1.150596332906238112e-01
3.883248018900288812e-01
1.532462542459281374e-01
4.621501907408140375e-01
1.063167696659231387e+00
7.778189128690589094e-01
2.539378295349904446e-01
8.971266287318978572e-01
2.551700074977306665e-01
4.226439828894709011e-02
2.097400415230375736e-02
4.459626232271996504e-01
1.108279986249917498e-01
4.325945029239169348e-01
7.533319036669476609e-02
2.676074707085263071e+00
1.495819417721805378e-02
1.406416303882248808e+00
3.477192970465473043e-01
2.716078497441620776e-01
4.248287643776920697e-01
2.437968320284727292e-02
7.499763277469621847e-02
1.615854088895202767e-01
2.333505219313100620e-01
1.941137751312221327e-01
7.674488203318641233e-02
5.475415013563934563e-01
7.556852485407992981e-02
2.820601872719606940e-01
1.331534953326652532e-02
2.276063412686420151e-02
4.173340802247053061e-01
1.137027024130988329e+00
4.913911412272783941e-02
9.043651014034545868e-03
3.380024520572370239e+00
1.242045021297856350e-01
8.036699291732856132e-01
4.111630876816828317e-02
1.953433545286553663e-01
1.377906139074787761e+00
1.973624836094614587e-01
7.969666954414593718e-01
1.219120083249664033e-02
2.957380744657368554e-01
1.266360170436842125e+00
5.748009051087852456e-02
2.478516132231570798e-03
6.534292355743070990e-01
4.974868824337182194e-02
7.854544666966498112e-02
1.175169976835128915e+00
2.249465841657367349e-01
1.318641668535405209e+00
4.008927801242158639e-01
1.107838879240060914e-01
8.229410757350935635e-01
5.069622230677361951e-01
1.044006156075125424e-01
1.688536510350306941e-01
2.588832162821435467e+00
4.379057186967078713e-02
1.185508065509948417e-01
4.032339152109011060e+00
3.430511537120366911e-02
1.486024152550937116e-01
7.752633474315607565e+00
1.258487243014894952e-01
1.097795716548258388e-01
6.790237877309485803e+00
4.125800062315250205e-01
1.840190603509156864e+00
1.014276626300705808e-01
1.772019615259184389e-01
2.619424391624519677e-02
1.263207427038329049e-02
1.072647332539779397e+00
9.199163820947788839e-01
7.076436499717503326e-02
1.676085825636980733e-02
1.030765591289987126e-01
2.138606285652840944e-01
4.753534013224757770e-01
1.284466405813678158e-01
1.005142009769671579e-01
2.447021818892047562e-01
2.468653573129900303e-01
1.067033521113725791e-01
3.338272637478147953e-01
4.996867293771721508e-02
1.186179047243329232e-01
2.637256112009968234e+00
6.247516641724972647e-02
4.832660351241245822e-01
2.034372433199490016e-01
1.501186972267430919e-01
4.234230410748923146e-01
2.565057196507596893e-01
5.506926500284011622e-02
2.827094941783206972e-01
9.144695478038650238e-02
5.941953750813860902e-02
8.538812234672953083e-02
3.798384517339575273e-01
4.207919038000806911e-02
1.303224445358158179e-01
5.946296592328580433e-01
8.697136098177198418e-03
1.024270862566865337e-01
2.125051039844114975e-01
5.775386691236953501e-02
9.988806694772903519e-03
4.452129967622567297e-01
7.341570416214041606e-01
2.362938122724411449e-01
5.023304587093107010e-01
1.005547037618701733e-01
9.738435991371524603e-02
3.729183806294286696e-01
1.983520081887543585e+00
3.190714745510859762e-01
5.664576155845058025e-02
1.395590488866039203e-01
1.941496008668610121e-02
3.575789798001779984e-01
6.211373627434820577e+00
1.902873675428768396e-01
1.072505113753546152e-01
9.786054373936496631e-02
2.647782105889227022e-01
1.203596325777896769e+00
2.873061473838096624e-01
1.065578157324720060e-03
1.788323048461943343e-01
1.213725166389621746e-01
5.644049318370463197e-01
3.608060448682590682e-01
3.667331128921103717e-02
2.244953130553273279e-01
3.446250468147968871e-01
2.689849494661396001e-01
7.241655140496092158e-02
1.571886295426444258e-01
7.717248087728612038e-01
9.293446810941137504e-02
9.116972731829434129e-02
2.830247694568137698e-02
2.435911045291932198e-01
1.211731607621683859e-01
5.287692634128574043e-02
7.711785629857171864e-01
1.270707317956795979e-01
2.954729325644883664e-01
2.534080830646173385e-02
1.244806409468754149e-01
2.014209488792728930e-01
8.263043743571474309e-02
5.680149956037690018e-01
1.452915274318639760e+00
2.346848123224730687e-01
4.155746590666747897e-01
1.819511714059830032e+00
3.411039336632504249e-02
2.859906244512280815e-01
3.491125202614286938e-01
7.846235841132700450e-01
1.081443466661074493e-01
8.696558549496829826e+00
5.766718977150579739e-02
4.281923397074214876e-01
8.497315779937884006e-01
2.383529026595053724e-01
6.332039171604770811e-01
1.312133211839699130e-02
1.651756145952573973e-01
2.392521725325265011e-02
1.089405937268128760e-01
8.461738071431148533e-01
7.574727838382541156e-01
7.769768073461551239e-02
1.188067761926410865e-01
1.896986895376411367e-02
1.753767966965901759e-01
1.617351509286494571e-01
2.371931059148731438e-02
2.123569335511254486e-01
1.234854822837088278e-01
1.194372753869595627e+00
2.190502899390266156e-01
1.233222505417281400e+00
1.271790866216092331e-01
1.319192751402819830e-01
2.361568596138578779e-01
2.097531655812223672e+00
9.079326994749188640e-02
2.178322128816523873e-01
5.906784039075409221e-02
5.798733243329138309e-01
7.410591661605388757e-03
1.405247656054100548e-02
4.243948738659121034e+00
3.839874415565531218e-01
1.073311748316881920e+00
7.527399945362136385e-03
2.188517782882341833e-01
1.002491173773205173e-02
1.897769754188715838e-02
4.092736220612607639e-02
6.335655912821756830e-02
9.208306724987809222e-01
7.250819486545478920e-02
8.782109278536763541e-02
1.053863281737723867e-01
5.080752143609315041e-01
2.457516982241930159e-01
1.344463381771107968e-01
2.443093168638114099e-01
5.114447458386766066e-01
5.532672870642602048e-02
5.269433385954173932e-02
3.527756629457398652e-01
1.195411876582326977e-01
3.446764860411293263e-01
2.715748003594901094e-01
1.391048956595485053e-01
7.964731790812012990e-02
2.068182444052496238e-01
1.452266743212614897e-01
1.625643382345512422e-01
3.009366550183549191e-02
1.031229989002820924e-01
1.511527333395972228e+00
4.589448817198250874e-02
2.565369456296953121e-01
3.110459633156329451e-01
8.785240847197191283e-02
4.478733305539220888e-01
8.872238669121462751e-02
5.968715081115640864e-01
9.002305239137075102e-03
6.420025039441958903e-01
1.605070306868648655e-01
3.374092078593365351e-01
1.436896132143465898e-01
6.107748984796968622e-02
7.126896651676080108e-01
3.426959225579882806e-02
1.586711154857538622e-02
6.794176692970751441e-01
2.449631880389020744e-01
6.714998276460031057e-02
3.560699251122695363e-01
3.965458983145057903e-02
3.445016268549471600e-02
1.555099082817595069e-01
1.279067081700977215e-01
2.940509161480181488e-02
1.057948152073670878e+00
5.406057012171285869e-01
2.391523747308158671e-02
7.482947991673438715e-02
3.321582551701474095e-02
8.877855440038540102e-01
9.017980763221765395e-03
4.349155643678227490e-01
6.071325912379215151e-01
4.105742484613865151e-01
1.066135451148335633e-01
5.105419763689729440e-02
2.771506728478808149e-02
2.185850267570600414e-01
7.371095423572188166e-01
4.688646817779941467e-02
9.997580734277264347e-02
9.145924547212512523e-02
1.135450073991872005e-01
8.168897291267372684e-02
1.870139051354595405e-01
4.971266131111694020e-01
3.441491934449803503e-01
5.072286688545828148e-02
2.493889187985846578e-01
1.593479774496446913e-02
3.582957913528399957e-02
5.399572722621391874e-01
3.539943859016920769e-01
1.778191135440260473e-01
1.763304613422042033e-01
1.117674046057901549e-01
8.311370973341546467e-03
1.187300174891329635e-01
7.002542485064938704e-02
1.796659610679373839e-02
5.605287421845003837e-02
3.269479795157903546e-02
1.334576835816753126e-01
7.697622113617143269e-02
1.542085150785718894e-01
7.007240793604307960e-02
2.692999826937078622e-01
1.020485306986975566e-01
4.533768646572246541e-01
6.211931359514277079e-02
3.817190449401666741e-01
1.874634391802607325e-01
3.146468994890568860e-01
6.117631732044174209e-01
9.465697220217039742e-02
3.385640754963311488e-02
6.430224296287458119e-02
4.471013480420882140e-03
2.698473132908864036e-01
4.808564899994181852e-02
1.431869665659711577e-01
3.626960922551780708e-02
1.142477470781340543e+00
6.565393202136003692e-02
1.321507335446831521e-01
7.526104563336299957e-02
2.791052016812853309e-01
3.024898260801385796e-01
1.292722994576540052e-01
2.625031465977195055e-01
1.597254069230858997e-01
2.157929279323538563e-01
6.052947419580063659e-01
2.189506817893656365e-02
5.462480551389016226e-01
3.793100689175301077e-01
1.096385584781286004e+00
1.112501727878370428e+00
3.696992588851101269e-01
4.653436082488598968e-02
1.986991834394435247e-02
3.241978566090555347e-01
3.700275340161953558e-02
1.320625071633614867e-01
1.405122240337909612e-02
3.426422816176201147e-01
1.041488747596751807e+00
4.787420485511940937e-02
6.495184815386909616e-01
5.882789691364846002e-02
1.726569532332461743e-01
6.701132861222675041e-02
2.823758745712638074e+00
2.176581298921645077e-02
4.093857294416836656e-01
1.974221567241760400e-01
8.224576626091144316e-02
9.928296969976802000e-02
3.487240791510726884e-02
6.046806145904805030e-01
1.514799624731921979e+00
9.365148532568018380e-02
1.917587681972202085e-02
6.491792842389788876e-02
4.812080862968434736e-01
8.143032239375644354e-02
3.447138502883766997e-01
1.752814993654305820e-01
1.586282284645443574e-01
1.321058235410039750e+00
1.016451103443716253e-01
4.891967466780665873e-03
2.482438661696346194e-01
1.327376670745330778e-01
1.048804793693168147e+00
8.964864139123425793e-03
4.261541876553215369e-01
5.720619012159858935e-02
6.982988577563457033e-01
1.131023526821843594e+00
4.379087068657288584e-01
1.133549928466968211e-03
1.302043044434278152e-01
2.617574098654831122e-02
2.942226047372240028e-02
3.993680763039552106e-01
1.037773802517684973e-01
1.168214797730237620e-01
3.292639971338551241e-01
5.304582351585040295e-02
2.468996459914176156e-01
1.192149965860283267e-01
8.993459056428293463e-02
2.803229748932700161e-01
6.211316745006408846e-01
1.026337453328472815e+00
4.727157833330387637e-01
7.558669363928650908e-02
1.331527929914106123e-01
6.900012201093047581e-02
8.216497391030219699e-02
3.057959541655305147e-01
8.252600426254008692e-01
5.836444779543749350e-02
6.731495302087737720e-01
7.457592254921624475e-02
5.923074704364507115e-01
2.238054891122902290e-01
6.633630419995140137e-01
3.912161246984888902e-02
2.756882440206191998e-01
8.339980337628560836e-02
4.469258536055688985e-02
1.151111232198318568e-01
4.915388962886709123e+00
4.333207617373118770e-01
1.591611954541483770e-02
8.552175058909081140e-02
3.920407172227788895e+00
4.896006042430977451e-02
4.983939897606706748e-02
6.540996023719116703e-01
2.280161190253181258e-01
5.864727151505851888e-01
2.125283300907196693e-01
2.616460926221659267e-01
3.282136068234790816e-02
5.624338879209233449e-02
4.426395092339068249e-01
1.395861386180696773e-01
2.189835459210228985e-01
5.066758165779074868e-02
2.277933856583723785e-02
1.717392221473563740e-01
2.613338216102203612e-02
2.000876943979061906e-01
5.676246654576740103e-02
1.421801745754532886e-01
1.109418753478948139e+00
1.119966826577543512e-01
5.602122160596637729e-02
3.742237880400718919e-01
2.807869677381329976e-01
2.052376065205255284e-01
1.629238700850675070e-01
5.224447034492112757e-02
7.382683584209555339e-02
7.076607933957539120e-02
1.636976676882333226e-02
1.292024389418245933e-01
3.788532486031297442e-01
1.639951215971662685e-02
1.327064842412232493e-01
1.873134018878187090e+00
2.352660423019835648e-02
2.167257532058282365e-01
1.099508275741916785e+00
6.620472495526580348e-01
1.452227682375827555e+00
1.789630165336832390e-01
8.170322287825289298e-02
1.121237083067565948e-02
1.404854668133544982e+00
4.361770545329142212e-01
3.196523846243940481e-01
8.630637338349823606e-01
2.663309086054134744e-01
5.500532836641621598e-02
2.953898581384858165e-03
6.080414642168280315e-01
3.040242645540873201e-01
2.429390645072583219e-02
6.274902721366758529e-01
4.291136594211830690e-02
1.799365959318147135e-01
1.140370313371077693e-01
1.655491343058044032e-02
1.044667388377087253e-01
2.701162699179432414e-02
3.643619993180934324e-01
4.433519085046047636e-01
1.502580034309874690e-01
1.120700844229386983e-01
2.576727249303209163e-03
1.807947823536017740e-01
6.389497302013766311e-02
5.135257892511971289e-02
6.905740183034088375e-02
8.939939150814633084e-01
1.675029991811586960e+00
4.231248786804441830e-01
1.432043086132945009e-01
4.645304313526116835e-01
1.441685467087620853e-01
1.418401962896339574e-01
5.800757366147507588e-01
8.375579301906511676e-01
4.074584649485050170e-01
2.044909611866620569e+00
1.208722438206254017e-02
3.475132790664057225e-01
4.664600752148889695e-02
5.694580574969974052e-01
2.876587548632450808e+00
5.309256193756612535e-02
8.588537189504268088e-02
6.212185903498717021e-01
2.768217665334062327e-01
6.569919372014754178e-02
3.393170335323149600e-01
2.429201531240653411e-01
1.195605032068656648e+00
1.643272390672806740e-02
3.387388992844624358e-01
1.685454439743445665e-01
4.293392968288234357e-02
1.472338713956715672e-01
1.472494499189127507e-03
1.027767711706046194e+00
1.451829894866216997e-01
6.922667546569405417e-01
1.223716155111243542e-01
6.568696507154561104e-01
3.807906739049429778e-01
1.560123648764826787e-01
2.044533389805032741e-01
1.062703884696249323e+00
8.086934338239926134e-01
1.622451093160185709e-01
8.924237261479166239e-02
5.564983771455844774e-01
6.496769317653021403e-02
8.587467515894678383e-02
1.131722123745214775e-01
4.176448938315039383e-01
1.627544988583420338e-01
4.738881632296880198e-01
2.674063985864155724e-01
1.066863792268280264e-01
1.538655893272871666e-01
4.348001592292777273e-02
2.583985064980485746e-01
5.175906534210653609e-01
1.412863851940311388e-01
6.710075264713257770e-01
3.377535852065829847e+00
4.624740608348769377e-02
2.930695273684122415e-02
2.559787283219080445e-01
1.769537675881473593e+00
5.650040532847524943e+00
3.893938170553717937e-02
1.983568720738658198e-01
7.632559149497327722e-01
9.362290018145512371e-02
3.076017302063053238e-01
2.452219315735687521e-01
1.564845847265598777e-01
2.518692520263670631e-01
1.106745701974064383e-01
5.938721293937829770e-01
7.982991694497513224e-01
1.010496133206856134e-01
2.599085643718468744e-02
3.194312118463360495e-02
6.108548036094019196e-01
8.195217901930442958e-03
6.484120372162591184e-02
1.017129038801101587e-01
1.385193714295408496e-01
4.982942145612823115e-01
3.502944438362246005e-01
1.392186749023005196e-02
1.227559966901549948e-01
4.668622065525084297e-01
7.282867643950549641e-02
1.444242309921092877e-02
5.831332532177583086e-03
4.790375679492801519e-01
1.556687683669063238e-01
8.389726528072932732e-02
9.199374920940169842e-01
2.844813465433676265e-03
2.604497521199880428e+00
5.424233753827931159e-02
2.412219843170471945e-01
2.150237967423278551e-01
5.087522540610304178e-01
4.085174334017140918e-01
7.538158029118171947e-03
1.774827410067838507e-01
2.000542321851843663e-01
2.472030792106034991e-01
1.987200971419611495e-02
1.275061006484300874e+00
2.868298345809305872e-02
3.968338651227157343e-01
1.068429148995175271e-01
7.044156072582048456e-01
7.109059079565926975e-02
9.052098718338037753e-02
8.518440693211910136e-03
1.353454215549070305e-01
5.992807675852894478e-02
6.890060422826579933e-02
4.122960304521620239e-02
2.576097269521215316e-01
2.446607326443216712e-01
2.543641433033930532e+00
6.913048844960074657e-01
6.333862201968476491e-01
1.699612973239860228e-02
3.650786216178000254e-01
1.487321871707422867e-02
2.287984372629974783e-01
1.164524998523047694e-02
1.227573421837008238e-01
1.587106357220520181e+00
1.137956570061244288e-01
1.224888065396176895e-01
8.257619823763823197e-02
2.638197912079804155e-02
4.902942804802378762e-01
3.045906862514185520e-01
3.723047389742636243e-02
1.289003655926258818e-01
2.103834104311338660e+00
1.548152882018921650e+00
2.492047150030889113e-01
1.005028370329927451e-01
1.975882472399898560e-01
1.696716940751873959e-01
7.590655526035906542e-01
1.334391351548181448e-01
2.995052867032056976e-01
6.753549043465630064e-02
1.962508563734939870e-01
1.017167829378139016e-01
7.997523391725863684e-02
5.284375736857126471e-01
5.282251540265610057e-01
1.319649592294795115e-01
7.058974499770505340e-02
8.079019736557993200e-03
6.995167962958234731e-02
1.626083659803392978e+00
1.418413672874011822e-01
6.804202422449485699e-01
1.850319473183817398e-01
1.124553107914755823e-01
1.094131565509773307e-01
1.786762674426882469e-01
7.737273926507748367e-02
9.765056390771992278e-02
5.153828508600682978e-02
3.051916017440580234e-02
8.964033596386149494e-01
1.142076081724013037e-01
4.762920932006376069e-03
1.654644548522657688e-01
7.616702222495863595e-02
4.082522329044839804e-01
8.138682484887103941e-02
4.445664707175012165e-01
1.749893163460190249e-01
3.920793993215107576e-02
4.778029110227881293e-02
1.803056581423227635e-03
3.124664173552267263e-02
4.641491781831024732e-01
1.319667205975864621e-01
1.081611245607567127e-02
1.942167048039766461e-02
4.907119755822184071e-01
8.073661684830300833e-02
3.877360903190696373e+00
2.529009864134907359e-01
1.150324354232811069e-01
2.320846114462793708e-01
2.308113533159947273e-01
1.838272191064961869e-01
3.748755707969013695e-01
1.400368502994189024e+00
1.922509707685004787e-01
8.962711805629956785e-02
2.123544448581683453e-01
4.029224036923798047e-01
2.034843184820426532e-01
2.331781728637938658e-02
7.083337933057357039e-02
8.646916384335184835e-02
9.470261827000743537e-02
2.652973796868322506e-02
2.668007198357327248e-01
3.147407536265030281e-03
3.290424226614322989e-01
1.069750851432731548e-01
8.751070032212353300e-02
4.884721009005057318e-02
2.207774859373378903e-02
5.560046607700597915e-02
4.562709273239171637e-01
7.131904240200950262e-01
7.087731327915150481e-02
2.444701731558666769e+00
1.610233861836626978e+00
2.301081218862345845e-01
3.970793886430132313e-01
1.103446749814272904e-01
5.369872928766030590e-02
1.508065585102661386e-02
6.831397912306551301e-02
3.650444002707804725e-02
3.653260870875622013e-01
2.219506652620635567e-01
1.752958907841027994e-02
6.737640112329946161e-03
2.494621049479066599e-01
1.505029831477794344e-02
2.294859708823552502e+00
5.736822230876065937e-02
1.321131541788501777e-03
2.615331616388537617e-01
2.789057708213311670e-01
4.554465528150790365e-02
7.932716248187927921e-02
1.601341942042922295e-01
4.608995780809971299e-02
3.290307944100016035e-01
4.807907275265967950e-01
2.491854269171412950e-01
3.304574682111520167e-01
1.346475977424123338e-01
1.539974292668957467e-01
5.322742472292005811e-01
1.728364529157426221e-01
1.294023155357535704e-01
1.588576881845502617e-03
9.353907164627940363e-01
6.363838258862489217e-02
9.821052316135306381e-02
8.468697177464890730e-03
3.672787035961054269e-01
3.787852055521702677e-01
3.015288246600879019e-01
6.578635395326321370e-03
1.066311675629138200e+00
4.282197354840164283e-01
9.338370092794884281e-01
4.057047666062305602e-01
1.882930455451055085e+00
3.429980197005673692e-01
6.226216111779846185e-02
6.221525285576845476e-01
8.564855365949802790e-02
6.346042239636373594e-02
5.502782763429464596e-02
5.618211663306649228e-01
6.253966753649761179e-01
1.037363447867337279e-01
5.662800013776305569e-02
1.502109006994780949e-01
6.185897957791270940e-01
1.032468100633699148e-01
5.722373590509998165e-01
3.094118208062693665e+00
2.276844823402915718e+00
4.571212756150794254e-02
1.582057116770798411e+00
3.228856555522292004e-01
1.978481430038971034e+00
2.867563416817942024e-01
1.014703352892514232e-01
5.035799271951291872e-02
1.844716480023200211e-01
9.013455680761041366e-02
3.776385954040567539e-01
1.304786652586328866e-01
2.601106700704450825e-01
2.565184916897812403e-02
1.270693909711105296e-01
1.069403076981490230e-01
2.089211966658206521e-01
6.345685490636202020e-02
1.472047953852479579e-02
8.826945434750266273e-01
5.215764447650100832e-01
4.058423458449927218e-02
1.501223453656917173e-01
1.904607508313420697e-02
3.877777361531888345e-01
2.409492382708520730e-01
1.051151513547526201e-02
1.509336063177961207e-01
4.848525702963382006e-02
2.950630006481191892e-01
4.270171247086823607e-01
1.683693000489873415e-01
1.241604552581005994e+00
9.264719250267754169e-02
2.949931612609768897e-02
9.764479000977278889e-02
5.733429654054844095e-03
3.771369480281054343e-01
4.361643283725758630e-02
7.526690889902928339e-01
7.661755761468660823e-03
1.942897830847436060e-03
5.984057796957820141e-01
2.688782811807012563e-02
4.889520709890869676e-02
1.579805286554246679e-01
2.323986609871110109e-01
1.164572333332472565e-01
4.844219287330280288e-01
2.014877111525896325e+00
9.506442286688879251e-02
1.501762606450960380e-01
3.007202376787541098e-01
2.594265371216800120e-02
7.499874939297995757e-02
1.784581705381679262e-01
4.195364953019216636e-01
6.498718105448388072e-02
1.904747234945637913e-01
1.908882886805434165e-01
7.783217764701445551e-01
4.590273251179599612e-02
2.827514960485322248e-01
1.101999994139694961e+00
1.481337032820601585e-01
2.893770264457970129e-02
1.916804902505655495e-01
3.447818617048704626e-01
6.534767800768669088e-02
1.096621217438176754e-01
2.538761732142886390e-02
1.788376734274996771e-01
3.130957387830464733e-01
7.088535662524603431e+00
1.189010378485258826e-02
2.354559077470826656e-01
1.912525692678506695e-01
8.958035317423033994e-02
5.795978404947477181e-02
1.199258930102965331e-01
1.156671747465380512e-01
4.443686717501910133e-01
4.146525387882075142e-01
5.484993811644849060e-02
3.063888203087050122e-01
6.748584954991736495e-01
6.887179797602946407e-02
3.138837377876488866e-01
5.756725789140183097e-02
3.887172399160507830e-01
4.283225289447831208e-01
2.728082683259795693e-02
2.414753305389490123e-01
5.490559216784537261e-03
2.081310429938663109e+00
2.730193571685191056e-01
9.232553928949085997e-02
1.144890902468045146e+00
9.846391667964968231e-02
3.554900297762247224e-02
1.339866252085673559e-01
4.151473784570267056e-02
6.959914341239888114e-02
4.991858546309167234e-03
1.463412414919298854e+00
5.066290143522558798e-02
4.895853863259394534e-01
6.673444132254551242e-01
1.763559407020293679e-01
1.768187595047054361e-01
2.600674943515730031e-01
2.494076513991257474e-02
1.834310902936015619e+00
2.675943972489068234e-01
1.593289427741192421e-01
2.028932293670721310e-01
3.312664457349288938e+00
9.995358936888257828e-01
1.861117927829411822e-01
1.326203118316762464e-01
2.776549299507731217e-01
6.036274328267815514e-01
4.959998180975459525e-01
4.474265759207456949e-01
2.391507577254176620e-01
2.860545747828924235e-01
6.086892343301324448e-01
1.731368018788153051e-01
2.417972302724020195e-01
2.528825635270803396e+00
8.205793974480196651e-02
8.510157273576948733e-02
8.411997915508696577e-01
8.213096440922285080e-01
3.414466690774744517e-01
4.893142510859760375e-01
3.500017301268156245e-01
6.376312242773725103e-01
1.838717264486661451e-01
1.762495295815618424e-01
6.058999077527410515e-01
5.951471443738899636e-02
7.326090830210389981e-01
8.077142852939535322e-02
1.734664169661310693e-02
3.583561982932402246e-01
5.555248777757774981e-02
4.559222413376075034e-01
1.219602889422567032e-01
3.938026677873813775e+00
1.312623306789295896e-01
1.287789512281706794e-01
3.263811879151663486e-01
3.616050889445021621e-02
1.125494866453745496e-01
3.916095204066895596e-01
1.899364830973312712e-01
6.765455795804305172e-02
8.480749329869979869e-02
9.428974109929602609e-02
1.606431659025155112e-01
3.184028723159804675e-01
2.011639051500314912e-01
2.706901889970178554e-01
1.946169115885872103e-01
2.739064495269567523e-01
1.460931397938592391e-01
1.182572660199175535e-01
1.342227885916290830e+00
6.369758275299433947e+00
7.786327490741654089e-02
2.586187051527786274e-01
2.833591742597958429e-01
1.904677780850062785e+00
2.202282090880949839e-01
3.868433289441098322e-01
5.297908292257905716e-01
1.899794835894518322e-02
1.716184064494378880e+00
6.537741213454008327e-02
1.335274519732054521e-01
1.748834434347633360e-01
4.392278938228857954e-01
7.956413384895386631e-01
3.878658727227013991e-01
1.177481487543848626e+00
1.932387934270603236e-01
7.514850998844690988e-01
1.710306884266213634e-01
6.896243214506023733e-01
9.959170070093989469e-03
3.611611218539208246e-02
5.128639540802781838e-02
1.721689531958010139e-02
6.743124500486172984e-03
1.553886579987657224e-01
9.958434680695860131e-02
2.002788114507670081e-01
8.456324530174991194e-02
2.460522847570748017e-01
1.735672612992215230e-02
1.418694697953012673e-01
1.453998148633428855e-01
4.776466741007574096e-02
8.120281840274565788e-01
3.055623062592651706e-01
4.452302558534650956e-01
6.740595019495077000e-02
2.062162967485733356e-01
1.085420522200465365e-01
1.297845777041537613e-02
5.712320747866574955e-01
7.205175992412449215e-02
1.974258783414446078e-02
1.695970155595553086e-01
6.142738475204536502e-02
1.483200857530287409e-01
7.311160493861583454e-02
3.998671381701446315e-02
5.466829195372687744e-01
2.898059697149593106e-01
1.816307307789451209e-01
4.276519641475168970e-02
1.561830867717786397e-01
3.512487485237501428e+00
3.259980904246000399e-01
1.644229470136678306e-01
2.720755139612206497e-01
2.048063235792871861e+00
4.499642245052926093e-01
7.765071552156109502e-02
6.307063476659771628e-02
1.374889958432297388e-01
1.796910966700268272e-02
2.100274567528445935e-01
1.865598925978849756e-02
1.055745636242377133e-01
1.319431545397054817e-01
4.896953867350586909e-01
8.179268336155615104e-02
1.957537185254639267e+00
2.159041086683082811e-01
6.713007517888793796e-01
6.816404615412730017e-02
2.233350048185939463e-01
2.891702535985367084e-01
2.739097928050319153e-01
2.257448566495180720e-01
2.035619783060330368e-01
2.035173563799295704e-01
9.341204796068582061e-02
5.564615100767096312e-01
1.065974719002904386e-01
8.980195639972687882e-01
1.711061843019490991e-01
3.414020343239588251e-01
2.894042054441771095e-01
7.965861787052226639e-02
3.474732331175676148e-01
6.288803776222511022e-02
4.801441602571793199e-02
1.468667492866213842e-01
1.000568184784420278e-01
4.118910781600193353e-03
2.047635782039895491e-01
6.736737583566973497e-02
8.969269318841700811e-02
3.141891820310180883e-01
2.178388043370500793e-01
1.672941980625548830e-01
1.064553832128109612e+00
1.646881556985572703e-01
1.327255915200946212e+00
2.341752231266509832e-01
1.857079147783033402e-01
3.796532751809493511e-02
8.837610467447083729e-02
3.731900305223840308e-01
7.291745557365459929e-01
3.009508674843822812e-02
1.424681363359631414e-01
7.709877565645459008e+00
2.154473862274934592e-01
1.353593372088739422e-01
3.166805457093244680e-01
3.628324915560157682e-02
1.768261189240484033e+00
2.382711839289917144e-01
4.492377874327403708e-02
5.693780225722948618e-01
3.943220181675144431e-01
1.440648737320787132e-01
1.234294111989722720e-01
6.783876546638729389e-03
2.814719233017979327e-01
2.249840429145624071e-02
2.194032513037989518e-01
1.376791210883963334e-01
8.095584144051311964e-03
1.288584475131386575e-01
3.961123445216255257e-01
8.749763006446664715e-02
1.137594486404571864e-01
5.685555730260857255e-01
4.733005054698066066e-02
2.968937914836368708e-01
3.824335023408759887e-02
7.753086624820029749e-02
1.208766632417806797e+00
1.040936962957942358e-01
4.499320400111649354e-01
9.791558821571264004e-02
7.300027198461805922e-01
2.356665234387623764e-01
8.513564385859716255e-02
3.389002910559903992e-01
1.692796360652561172e-02
6.493076266523111206e-01
1.351907937790110259e-01
4.800163290089906609e-02
6.179392880475478855e-02
6.490665436275401268e-01
4.965049287778384168e-01
2.163289044603807998e+00
1.143412925080144360e+00
6.588908203072330050e-02
1.020631510927435315e+00
4.179891361779700110e-01
3.172750949550295907e-02
3.223605240106961478e+00
5.980459633674893860e-01
2.337708408813212735e-01
1.108314490949578734e-01
1.684813235075948989e-01
2.705423570159468660e-01
7.630928474772181724e-01
3.580380376892580707e-01
1.518749649131223012e-01
5.372362578714881542e-02
6.590668301899205161e-02
1.970413829528687988e-01
9.194857034935242091e-01
9.481543407256280975e-01
1.707927062420999120e-01
3.892368206639776340e-01
4.127597454747933825e-01
1.374682113564996255e+00
1.130162039498809334e-01
4.936078577026383196e-01
1.405368699655845655e-01
4.592719724625143191e-02
5.328554681225357026e-01
2.956395538444088755e-01
1.354171869474394940e+00
1.342002567196511065e-01
5.628504531676960937e-02
2.660244114069084120e-01
7.918908761709791966e-02
3.398093144048310310e-01
6.488624545508148156e-02
1.013987434287396239e+00
2.326901065153710174e-02
3.577913691166971499e-02
8.623737323851748959e-02
1.072107257450873874e-01
1.535735096711439429e-01
4.796492670544255099e-01
4.852072336644722844e-02
6.409838503617237837e-01
7.467493643864414610e-01
6.511542577840416512e-02
2.922918442043796472e-01
1.003895147993224546e-01
1.751940626000090540e-01
4.856068460505108542e-01
1.648123808269073565e-01
2.543170802513844420e-01
5.795717348735675012e-01
4.288024122016711459e-01
3.510797573708334118e-01
2.465191522595985008e-01
2.350362818238667384e-02
6.721582115018399917e-02
3.980386965212249356e-02
1.942859096728011617e-02
2.028626950368071225e-01
1.428061091053963061e+00
1.153905767415698724e+00
2.399081564994380023e-01
3.498407908116823450e-01
1.400960142137552822e-01
6.593978982201059713e-02
4.973043278714633919e-02
2.114292795353456267e-02
1.006392626343105418e-01
9.939079766000425975e-01
4.808256120721856458e-02
2.852726378599581114e+00
5.692509349956066389e-01
4.177665905849679007e-01
1.591343650832641871e-02
8.566358159224489455e-02
2.745453129918169408e-02
3.147310201120679524e-02
1.101425901406619112e-03
1.009091906965249752e+00
1.910984257692633359e-01
1.433590060993186061e-02
1.359115891161961909e-01
4.858309056275970927e-02
8.117897496851617101e-02
3.528772098150421144e-01
6.719320923999802520e-02
4.412364704414357131e-01
7.928048193300839264e-02
7.611096100044312251e-02
9.044367120648542091e-01
2.191666479949516341e-02
1.176628243807148616e-01
1.222436307547937889e-01
1.989930387176258031e-01
5.863152362485737901e-02
2.686442237584474868e-01
1.156201245012962397e+00
1.514675360878869025e-02
4.341582584012733115e-01
4.612085189587916134e-01
4.809416901886732765e-01
1.096790082292191382e-01
2.622154072630661914e-01
9.532271328801904253e-03
4.191492402895333896e-02
2.619797724258458027e-01
5.987749360502740009e-02
1.368312420253659789e-01
1.071147188706289277e-01
8.428807693022656311e-01
1.933937594898963233e-02
9.934604425115255155e-02
5.491902040095095194e-02
4.706912728358427118e-03
1.479686590859389562e-02
2.053674832565225206e+00
9.773028257047755574e-01
2.213932610509212473e-01
9.489108629158812813e-02
9.249068271785143569e-02
3.774766950012399258e-01
3.697283065550095033e-02
1.458607065196900095e-02
2.471902644614866196e-01
1.983208906154043938e-01
4.947992484046575545e-01
3.384683658232461312e-01
3.333436130169978306e-01
2.670139030703534422e-01
2.691446614756385358e-01
5.284652408457621298e-02
2.116600620044028214e-01
5.781063718606260782e-01
3.975015874450734121e-01
1.080109816133364209e+00
1.819134218214962240e-01
7.013657362756812175e-01
3.024736279745078235e-02
2.032748625710207035e-01
2.946868354294257530e-01
6.602214117988938757e-02
2.993351455114519610e-01
1.356259213281000964e+00
3.960721937071028792e-03
8.059103206949659592e-02
4.284887200789117001e-02
1.178075832118745447e+00
1.145178686387709754e-01
2.229896653576186605e-01
2.251738851634910998e-01
8.452773413912608724e-01
8.798304192648608302e-01
9.769068250200353687e-02
3.599953452381473573e-01
1.799380309016856416e-01
4.943837321347482328e-01
2.937838044618661104e-02
2.148337055449547062e-01
2.000800156781983863e-01
1.377547930769235096e-01
6.097446982037854624e-02
5.787962510186063225e-01
1.698769420868350144e-01
2.134903437855183161e-02
4.777200082336977016e-01
3.538436455260364211e-01
7.332591287531875501e-01
8.524231753164998593e-02
3.712516347637469238e-02
2.407903097946814119e-01
1.188979371262653337e-02
7.487689074931494493e-02
3.848512903923434481e-01
2.500041086164903614e-01
2.895494707357963993e-01
1.944885900541746260e-01
7.536266817857236733e-01
3.504772339208275106e-02
1.075389833548116680e+00
1.185776507244017397e-01
7.482939768484946769e-03
4.497458281324240859e-01
5.980303309890050434e-02
2.350417266151773321e-01
3.575956138571845244e-01
1.187778322059759584e-01
1.099247031031401825e-02
1.760844356813254241e-01
2.072202476090521661e-01
6.146818095344802439e-03
1.532291908968829233e-02
6.956294698292042611e-02
6.338540723572319013e-01
7.061596187151643333e-02
7.197086323040376155e-02
8.138437231951151096e-02
1.201563048283540019e-01
2.030258248035555990e+00
1.240114633611270334e-01
1.551265386594075646e-01
1.445110993214476502e-01
2.235663983298418478e-01
8.090558320591249852e-02
1.325144992542100497e-01
3.314176483967098269e-02
7.209593448826333351e+00
4.751773959171937123e-02
2.234845828652200911e-02
1.970356116239578292e-01
9.853893442320207363e-01
1.069489215706712848e+00
5.560729007023806902e-02
7.726760934831386485e-02
1.998706197564668885e-02
3.754339694451255816e-01
1.834498139033647474e-02
1.410005427733513894e-01
2.846323004964482553e-02
5.888042363914230970e-01
3.128232736518304913e-01
6.527138611995214612e-02
1.140291626163194572e-01
1.039339788502659234e-02
6.477288251837814981e-02
2.009032482129216313e-01
1.188781645353095273e-01
1.300253356394116766e+00
2.495316279187388409e-01
9.079815772353579117e-02
6.630560192731841385e-01
1.907173854620994313e-02
5.837831188248381320e-01
6.261185435346869332e-02
1.071410966080285743e+00
3.243007245810056866e-02
2.696323549033583511e-01
1.500952850087101109e-01
2.908330524341897205e-01
1.073825114096201572e-01
2.051491432954129779e-01
1.372908047470221445e-02
9.688201837699626784e-02
1.460613083063873885e-01
2.244595004325665166e-01
1.710795020474798478e-01
1.414632074259719818e+00
4.344176953940928620e-01
1.354021310902314423e-01
2.365767954229411607e-01
8.387309051563813789e-01
5.250896816014684332e-02
1.149187321700834707e-01
1.179006301461514195e+00
3.787697761096130988e-01
9.977877217457782610e-02
4.081060075351720662e-01
1.452396288921714351e+00
1.437800353266248110e-01
1.180128891840981076e-01
6.554539466600998177e-01
3.231976450807948487e-01
1.747641802483422546e-01
2.219879603266036450e-01
3.481129459318957776e-03
1.384716839025926759e-02
2.909130895558114521e-02
2.968090379480270991e-01
1.500329196547476596e-01
1.489118967517069625e-01
8.948490403329636966e-02
2.127048803163606117e+00
5.883630577960946573e-02
3.590319290925581691e-02
1.300471433721422654e-01
7.598818375291934712e-01
1.855816351072026860e-01
2.276965481274194347e-01
1.115669582620127720e+00
3.787874639155652257e-01
8.016740490236064220e-02
1.077892543768917133e-01
4.684700460628826724e-01
1.960984074976205860e-01
1.379465577887516448e+00
6.424347025208515527e-02
3.952639143517538423e-01
2.267360420354077866e-01
5.147687833124121592e-01
2.267464786602129134e-01
5.335633987286861890e-01
9.040483182118554117e-02
3.748919401180197258e-02
8.992728834701352314e-02
1.820236241469672667e-01
1.715579604056969520e+00
3.443880055647209337e-01
4.359462144308991899e-02
3.371547521569823735e-01
1.121177742028567570e+00
1.866516815477513358e+00
2.313191082183480851e-01
5.042440683207100038e-02
5.352548166097992777e+00
6.929796561484352635e-02
2.105232818918781335e-02
1.112239951703005297e-01
4.190011950077956460e-01
5.964566052234437699e+00
1.319176736061246080e+00
4.941915999974314522e-01
1.452319836479132875e-01
1.333265028213787874e-02
3.392626919701346111e+00
1.080489020730822890e-02
8.929389918093350031e-02
9.272991249606914177e-02
6.384347575499631222e-02
1.534873983041239454e-01
2.554694687205397510e-02
8.429919948002841112e-02
3.627410235440019504e-01
2.965387730433874380e-02
1.596670458050757080e-01
5.030172370472164867e-02
1.012633411696235199e-02
1.644936199281651357e-01
2.190928166209572814e-01
1.451026072658866184e+00
9.501981533596190466e-02
2.709519257650765955e-01
4.089992925863541462e-01
1.651311193411017508e-01
2.595522133626836370e-01
7.708108955056823530e-02
1.596671485409666413e-01
1.045643656036770786e+00
3.291259940824001196e-02
3.712545537404496158e-03
3.569293629727333106e-01
2.941144587377649167e+00
1.097696786289458659e+00
1.010197333248482182e-01
2.081371824004771554e-01
3.824191258568990781e-01
9.143482699194119268e-02
2.981567573550365502e-01
6.526099031445259380e-02
7.779850523400340390e-02
2.847880002558222934e-01
4.266145320481098263e-02
3.338687159443748387e-01
1.084504100954758021e+00
9.514049259881120213e-02
3.513871406356027655e-02
2.633925859782776380e-01
9.939756333551494905e-01
3.013085749332200178e-02
5.907242966838781584e-01
5.041766285590043584e-01
1.483946971590726915e-01
5.032152743861478122e-02
1.419710666971013557e-01
1.132516738780644516e-01
1.927318862589040005e-01
3.868219091967415313e-01
2.553796109457544539e-01
4.320499687581384474e-01
2.563068172715349813e-01
6.361226168920851298e-02
1.085562846415421417e-01
5.411299108478838382e-02
4.110478187177620812e-01
5.567420840537263410e-02
2.085127211160181515e-01
3.596467336856138952e-01
4.767007706170130199e-02
4.722921283514485147e-01
1.040261851057429771e-01
1.775359905719786080e-01
8.194904645941226973e-02
2.609742808938934067e-01
1.473045102665927253e+00
1.789803202631291140e-02
3.758022114286170834e-01
1.577297626030476352e-01
1.509377425486578828e-01
5.957940357066450303e-03
8.856392047891471775e-02
2.904341696868766309e-01
4.608408491629656933e-01
1.462517027470461306e-01
1.184267370556192911e-01
2.024661298988619535e-03
7.891307944626026888e-03
2.059785000704691116e-01
1.172075616255550790e+00
2.234399629902484308e-01
5.006726305299536925e-03
2.199282689304221661e-01
3.082728701074834987e-01
2.019104797321750466e-01
4.269025891973482478e-01
1.031021558558236073e-01
1.214073346732354175e-01
4.591542973896654140e-02
2.963583556952930076e-01
2.602619704338602347e-01
9.682888375008780191e-02
9.150895652534239699e-02
3.657931059366024279e-02
5.000618464923538981e-02
4.696634310489642555e-02
2.118679574653957731e-01
1.900334565912669416e-01
7.647499057608388162e-02
7.255767047875081310e-01
3.986320387823327760e-01
6.885210829155789802e-02
3.036991589913882739e-01
1.750728286860072647e-01
2.408032680165195227e-02
5.733208087162840888e-02
1.293926941853564550e-01
7.953518527172770414e-02
6.136376045112768018e-01
1.730785055761057123e-01
7.300441699533675999e-02
2.307429644256051363e-02
2.704426762360431780e-01
1.962927553695207772e+00
1.670695420646798324e-01
2.520397591568045659e+00
9.505414566687089839e-02
6.501732177224200937e-02
4.302648547484517749e-01
5.987990157456600793e-01
3.828475477244647762e-01
1.920125399750813422e+00
4.615688300086926432e-01
1.829277199013107889e-03
3.812665204526075602e-01
8.120725283730295674e-02
4.960169125302810178e-02
2.087121712665885101e-02
3.636739057487917703e-01
1.318820755634614317e+00
1.635315844991613310e-01
2.363447831668197829e-01
2.305555883638069348e-01
4.402288470229401979e-02
3.859711903076788464e-01
6.103513350725215530e-02
4.558867967820038336e-01
2.879633257681000341e-02
9.045631603845319391e-02
2.753461935271108718e-01
2.698379366105199684e-01
6.252796205172185928e+00
1.525345523252835955e-01
4.785658419643119832e-02
1.228643507439949184e-02
1.627921258291621376e-01
1.082324490317455368e+00
2.900234253588600541e-01
3.381230098208428125e-01
1.558687736353990272e-01
2.284161083928369917e-01
4.386564673139195514e-01
9.024541868964419677e-02
1.401569827232107546e-01
4.268662764728745757e-02
4.390965665040560961e-02
1.523711499517802770e-01
4.539001798888180755e-02
2.263976145126692097e-02
5.265259593967897001e-02
5.482418284652053331e-02
2.208635500454018963e-03
2.557825948280877948e-01
2.008197145817681717e-01
6.256446055269132556e-02
2.770273019400243744e-03
1.631061282911497212e+00
5.360685523452879409e-02
1.176320416601393193e+00
3.756481994889596665e-01
5.233641169272740951e-02
5.562460783556970149e-03
1.015760652277420684e-01
8.499186416607661110e-02
1.502110611771384219e-01
2.760806961412927696e-01
2.408667175493015844e-01
1.026817408462727510e+00
4.132700633366187537e-01
4.021973275144621884e-02
1.325635500707141728e-02
5.934789449096480179e-02
7.609169281509077509e-02
1.907021507755121137e-01
1.902871418563994443e-01
7.494799194130125075e-01
1.224249477189038975e-02
1.785238303954328754e-01
7.850654089191742846e-02
3.155414497306046062e-01
1.284234573869683427e+00
5.448699605724199202e+00
8.626291999862137905e-01
1.855529737786921693e-02
2.476511722875610055e-01
6.702716496888438957e-01
4.489084296789778300e-02
4.940575838419297150e-01
8.865481985101571205e-02
4.570866859473878691e-02
1.102092458182870119e-02
2.876223663557110344e-01
3.027200128181351674e-02
1.133218619401967636e-01
2.088322654998354955e-01
8.779532785126506478e-02
8.587182662033464586e-01
4.347222993076906711e-03
1.018882921340881875e+00
8.445045138938228960e-03
3.877841223370088741e-01
1.851000132252653918e+00
5.025938527970811309e-01
2.792560307314118639e-01
1.190139106935270696e-01
6.560609158678106789e-01
4.589629395261091815e+00
7.179197553942421317e-01
2.489850827106139183e-02
6.850378384659509823e-02
2.721032383260606549e-02
1.274794234975697715e-01
3.208837745873719949e-01
1.207053017620866586e-01
4.868164456279048813e-01
4.668984208636385302e-01
4.796964468046072128e-01
7.498456124117085508e-01
3.757412822414878950e-01
1.913551417848027153e-02
2.057933364605447554e-02
4.580306519211669425e+00
5.836230754708936382e-03
2.741629134170596727e-01
4.131530106010132819e-01
2.281025854502679029e-01
1.011367233429344203e+00
1.572543560942127328e-01
5.313558295168333695e-02
4.265263641261938243e-01
2.693866383182578692e-02
9.275243582639106088e-02
8.401603386999603740e-02
2.772492444658988808e-01
6.053980295458163408e-01
9.474323387612032521e-02
9.284335079103074595e-02
5.126370907798419863e-01
1.537520257325734330e-01
2.574901927147868474e-01
1.974737954393537553e-01
3.677490245162570726e-01
1.606717658382784408e-01
5.670848631952361829e-02
2.200659498808447412e-01
2.726657972440649780e-01
5.762432715701179542e-02
1.768028259497091970e-01
4.264383907536447582e-01
4.385655568783908276e-01
1.218386057281115153e+00
1.062115990968432178e-01
7.964952502202787832e-01
1.697069232417611762e-01
2.015684755478496015e+00
1.225501053139340213e+00
5.003575922991595482e-01
8.542799817593817527e-03
7.018773565023578298e-02
1.019540163683940459e-01
1.436486677024238601e+00
7.876476862794681288e-01
8.331966566719178902e-02
1.959928462507284919e-01
9.834286418056417678e-02
9.031393839830390013e-02
6.517420869677986062e+00
3.160682407595710175e-01
7.743178297446980107e-02
6.419645892656883346e-01
2.517035224896455037e-01
3.350967567871122044e-01
1.949886343287494939e-01
6.951524161637759325e-02
2.835561100518403377e-01
1.445172381809612494e+00
1.814718923182666865e-01
3.121564488598940756e-01
2.232914701778173361e-01
2.184315608634338490e-01
5.601926515341848316e-03
1.259783334737127891e-01
2.825404851413322593e-02
1.712211086194981857e-01
9.948542711598235000e-01
5.174068776464113562e-01
1.155893472812652284e-01
3.993910292511778648e-01
5.576140524575807778e-01
4.122719697238245995e-02
3.313949291658810359e-02
2.923142286158161851e-01
1.901693318186889470e-01
3.975266538356238000e-01
1.603486764255352970e+00
1.480690204003123900e-01
5.520871601877660323e-02
3.339262334554322573e-03
1.188713300437797271e-01
7.365253567447631843e-03
1.301164688268817426e-01
8.370960582974394659e-02
4.431475321207975493e-01
2.384232286512969201e-01
3.438690046639171216e-01
8.395186355917441667e-02
2.297336356265416435e-01
3.918923173886201261e-01
2.307668941250189121e-01
6.360075271852843048e-01
9.037788596002949149e-02
8.532860259637925493e-01
7.304292055774138648e-01
3.452105470466083209e-02
2.628474848213250281e-01
5.304971295795779529e-01
1.997203804510974678e-01
1.005938959730802995e-01
6.098984891776132455e-02
2.501632874475000490e-01
6.734147841555104819e-02
1.475015955922519550e-01
1.600303762862439028e+00
4.038622743232141155e-02
2.688366400464780800e-02
4.069790301168062924e-02
6.861068939701230052e-02
6.463638230181087407e-02
3.072203882842705069e-01
9.688171794723852981e-02
3.796157893805172656e-01
4.160109381175986498e-01
1.406677164490592047e-01
7.214193633022937535e-02
1.117108880502202667e-01
5.938726443713876479e-02
5.519253358381160691e-03
2.091722306843026846e-01
9.295510967145677317e-02
3.515199099765339286e-01
2.862974413925128969e-01
3.088871637004009241e-02
3.253884469339247687e-01
3.490423019557560291e-01
2.169859724707393356e-01
2.164994366522638547e+00
4.755688383694690186e-02
9.792200263550006334e-02
6.366953680083204947e-01
8.577707705328620202e-02
1.258617875290881649e+00
7.354550512497983784e-03
5.218727931412584647e-02
1.806205689400579295e-01
2.505443230185227521e-01
4.695824145352243267e-02
3.585655476858294333e-01
9.183520698079867817e-01
6.852565196548514592e-01
3.570042553236222882e-01
2.919656163833512230e-01
5.608524352712037676e-03
7.459274079166351712e-02
8.725683108273700472e-02
9.883865288872105415e-03
4.344116007801421819e-01
2.037684694374191155e-02
2.253509022631446368e-01
8.133210780996451561e-01
7.984551341936999558e-01
4.063049325208356599e-01
8.116069700108487217e-02
2.189181664757003931e-01
5.258783133667894842e-03
6.391661031610230970e-02
1.096415519812304062e-01
2.617939611455631643e-02
5.745471444145605622e-01
3.628274242208838207e-01
4.950077740022528205e-01
2.121719615106243684e-01
2.703728356986289175e-02
2.600318451326246727e-01
1.808736718763795936e-01
7.619863619903135543e-01
5.576068594562344494e-01
1.784593160408477763e-01
2.552262784893140624e-01
2.526624276641969286e-02
4.886130469780563396e-02
2.370965707412264062e-02
4.450316187565716008e-01
6.365875929597127059e-02
1.785347676277910800e-01
8.495891638118341360e-02
1.499401267610308598e-02
7.382108337492457317e-02
5.771525267695557654e-02
1.327240775022576480e-01
2.448315669198879857e-02
1.502524997627493336e-02
1.904277657857062767e-01
6.075352712601842994e-03
2.124124867022806826e-02
6.641554973107917093e-01
1.324024577969282537e-02
4.336307594646339192e-01
2.262812335301392086e-01
1.375167831870726942e-01
1.598943420544305383e-01
6.513745890827163931e-01
7.288833321521036128e-03
8.107253687336428705e-01
7.347508199685002239e-01
6.840707812804922017e-02
1.131053171305194671e-01
4.325021943085040621e-01
3.114609857648558688e-01
1.542010693614826178e-01
3.778500797224447760e-01
1.714486737562270768e-01
8.594903170107681678e-01
1.219279445903606873e-01
1.065549390032579924e-01
1.340136389899554137e-01
1.632113845647472639e-01
3.821722466404619406e-02
5.569116013987285979e-02
9.889041462390431025e-01
2.913222165009413459e-02
7.690187846117237103e-02
1.011842481678278394e-01
2.682063687841985677e-01
4.310545864995689314e-02
2.485506367394585067e-02
2.313537346972366349e-02
7.925148129190849600e-02
7.276654024817966193e-02
5.226441682373195174e-01
2.859288129615378815e-01
2.147998288880967444e+00
2.717072786196721504e-02
1.136856560275400385e+00
9.082310577748318181e-01
2.555901928820774119e-02
1.830733968725418437e-01
2.517040992093996232e-01
7.039615647506555218e-01
9.154196911406271842e-02
3.936499624566086597e-01
7.737230730423324543e-01
5.011043736077273186e-02
3.162419901187239063e-02
1.474334940712052067e-01
8.460230997978634981e-02
2.764418436054638106e-01
6.702053118509445628e-01
1.206300947990556621e-01
3.698356579519278542e-01
7.597982394407452045e-01
1.468159369116994184e-01
8.136368367588331374e-02
4.606440361216442847e-01
4.296197266673981163e-01
3.622801838546636510e+00
3.081999778144708380e-01
9.705511078563131694e-03
1.024136139470817497e+00
2.529453406648766167e-01
1.578880850708701267e-01
2.232958810653732917e-01
1.583636271282500008e-01
6.743996999556532701e-02
4.072845330541860660e-03
8.577010897649146592e-01
1.338782122901399363e-01
5.779688018792863424e+00
4.635395252197257454e-01
3.138212417303908319e-01
1.855211689105625283e-01
9.736508143434477458e-02
1.056392070583091342e-01
5.186014951986810811e-02
1.076747825874466991e-01
3.069080076976296589e-02
3.828236544303040279e-02
2.448319397136240749e-01
1.521339566214524597e-02
1.205771854428673517e+00
2.129211094043739760e-01
3.026768293269294086e-01
1.144918891309249925e-01
4.643159834058046415e-02
9.988768583191224293e-01
1.009551703039645171e-01
7.706348061894939538e-02
3.237858923588416565e-02
2.945183779508340205e-01
3.622606386269126844e-02
9.713597981657415281e-02
1.290645838552388680e+00
4.015728405742683971e-01
8.271899124988864316e-02
4.740726095782647753e-02
1.565603269209199677e+00
4.103559636833796209e-01
1.608480250990848570e-01
1.933501730679002328e+00
5.607136044528998609e-02
2.528389811473634730e-01
2.385143629788400332e+00
4.305008133659322112e-01
1.619094372290346806e+00
4.796136410596354982e-01
6.950250432873032735e-02
6.282623843301891886e-02
4.725108373142453827e-02
3.826189575745166938e-01
8.675991920609241181e-02
4.201343880968096828e-03
4.817381935568488399e-02
2.448784757299518333e-01
7.386505494316268905e-01
1.716203127327570743e-01
2.610265470732340068e-02
7.656327626586727220e-02
4.818510992126088383e-02
2.808164155666578732e-03
9.686795228190804574e-02
1.539196547294721940e-01
8.429257990828367686e-02
6.161976732750572561e-01
7.545096037542166345e-02
3.548914781751216774e-01
3.580331812154829429e-01
1.511069603698346128e-02
2.432378419964480454e-01
2.774522998820977936e-03
4.749130575025244383e-01
2.294243547319005372e-02
9.613506634430407649e-01
5.394761952482882844e-02
1.072126903158690109e-01
5.502491244937669501e-01
1.688243082231803527e+00
1.452417080633543911e+00
6.173671752258606205e+00
8.992238062751520267e-02
1.190335207464766482e-01
7.795515608763985416e-01
3.018221396195445994e-02
7.962251033707473669e-02
4.239236493818279161e-01
3.378123826691999121e-02
1.587866137604657460e-02
1.751827899606243966e+00
4.518981621511054120e-02
2.308589314261998149e-01
1.785824996735262959e-01
5.845486960227415374e-02
1.108284694510436319e-01
7.911033744673312551e-02
4.488140327502669003e+00
1.638834446091920194e+00
4.635267715302206493e-01
2.746617438031235814e-01
4.968572521865123326e-01
8.847579496975201130e-02
1.557218346588914448e-01
1.000863913256549304e-01
1.752047141394375840e-01
1.194577275635120950e+00
2.543263569949662239e-02
2.820239449224973272e-01
9.077189159323485468e-01
4.760696672783285566e-01
8.326731231753277118e-01
1.599345687340961442e-01
2.166154142685634554e+00
6.589248099125925018e-01
2.298544779216779577e-01
2.309293607358426370e-01
1.073875577369185708e+00
4.946261726019119953e-01
1.421844207201141720e-02
4.888222663514251720e-01
2.286252438689996502e+00
3.103553547970632973e-02
3.210186731766228041e-01
4.702058954561218196e-02
6.286407156993630702e-03
2.000520360964322397e-01
5.807279411670348557e-01
7.615660973460791627e-01
2.156004360440634038e+00
1.542809013120824135e-01
1.622051417431653597e-01
1.022948344761667849e+00
1.468024163979008562e-02
1.263593055535357224e-01
2.573992498429539810e-01
1.651349348301330844e+00
1.177882603198711770e-01
6.277124724854720172e-01
2.157686689496914056e-01
3.698005767884843031e+00
1.260047843996121131e+00
1.657170808117625349e-01
6.924801175134918108e-01
6.915464746749671043e-01
5.720583328432438108e-01
1.344670235783808898e-01
1.724104827039778416e-03
4.240693637194614118e-01
5.930760062247963926e-02
8.423242520018749957e-01
1.436196006909576661e-01
4.651133194794616899e-02
1.181529988568889578e-01
2.043757013054988025e+00
3.921747431805132356e-02
1.329666253271502452e+00
1.360036512804096542e+00
9.363722385175943241e-02
9.263751924589451459e-02
1.608402753418182451e-02
3.120602609287606577e-01
2.917488971018507016e-01
1.356457801944290775e+00
2.940834502423880226e-01
1.104451188635341002e-01
1.820728941461729200e-01
2.688667921640935932e-02
3.068244685957058904e-01
5.689066297607624223e-02
1.009910943985235787e-01
1.208725581990991227e+00
1.691672962204482600e+00
1.150574659916501902e-01
1.461812222210057577e+00
2.237366753061321933e+00
7.995261769094683668e-01
1.200633456415745315e-01
1.129537706856849170e-02
2.245270348426972942e-02
1.152972569449575886e-02
9.041564951059996580e-02
1.232474699766061416e-01
3.209524770412617439e-02
3.091161297585908185e-01
7.513155047338877790e-02
1.737772597848822320e-01
3.107765947485625624e-01
5.638919952619561582e-02
4.168593161739862080e-02
7.331306626597390297e-01
9.794928628175732233e-02
4.726712913807320504e-01
1.173822435280050536e-01
3.298639279754734394e-02
2.432804617941223824e-01
1.607634568517483931e-01
2.219896710192453271e-01
2.657847217599132450e-01
8.009896661676464691e-02
1.112481200869124831e-01
2.011540097993803067e-01
5.654184380386530206e-02
4.728644023204211511e-01
3.144647933705772003e-01
1.152306596039297942e-01
1.528442318057272320e-01
1.568689872746544811e+00
1.616831970792425244e+00
1.353923233495616107e-01
2.117923126908795251e+00
1.565847233785777060e-01
2.377822010495840924e-02
3.778560304575589446e-01
1.617688889001438923e+00
1.059525471022438659e+00
1.692638669395530204e+00
8.187836985590797589e-02
1.154483328915360818e-02
1.420411573971469901e-02
3.417814440166805356e-02
1.930065298286622738e-02
2.648374799706560423e-01
1.562039900330507436e-01
4.594810506684700313e-02
5.435817220436833797e-02
4.860362632652881487e-01
2.311804887777953871e-02
1.498613398932268359e-01
6.057960690208261112e-02
2.968759228237159362e-02
6.932240666921898886e-02
1.805616826589285379e-02
1.021761674383811352e-01
2.674848653445952018e-01
2.838809271440101423e-01
2.401450043936207646e+00
1.207804124365445597e+00
1.484578075651111773e-01
2.659409236256018438e-01
3.321699489268127858e-01
1.520255028994365459e-02
2.589042747141012679e-01
7.136867988142117092e-01
8.394108969665722841e-02
2.041417493715139749e-03
2.918674342146575923e-02
6.418568372561418711e-02
3.977385650018477881e-02
1.672760985103478870e-02
3.394420444237438717e-01
3.902180150324441321e+00
1.694959773007806980e+00
1.362449970143523106e-02
6.870495296247237649e-01
6.542650583315069712e-02
2.933608669602805197e-02
1.120551422378739809e-02
6.675251468371203867e-01
5.740929719419120975e-02
1.413296895989575586e-01
8.222368207744804036e-02
2.373042754938375909e-01
3.983407746677949390e-01
4.651906675036263095e-02
5.751180903365228358e-01
1.003473413623399590e+00
1.360948575969362251e+00
8.333982497987266758e-01
1.129125638327066888e-01
5.117234607684200132e-01
2.060725640843486528e-01
2.975262822861753365e-01
7.345442244720032376e-02
2.032336781943961668e-01
9.407843986561592597e-02
1.263749895459276518e+00
2.253451726006485134e-01
5.436376663159065564e-02
3.252519944864266765e+00
3.921263693549291163e-01
7.283027754935403331e-02
2.255537218132961930e-01
8.927578089909683490e-01
3.125067029541995778e-01
3.180011057624972104e-02
6.535924250234486158e-03
3.578204362555103546e-01
4.400574888005490126e-02
4.965515652790535306e-01
7.184919972307639568e-01
8.599848685204176946e-02
5.976960789853162925e-01
2.095089460850875218e-01
3.195868798717194786e-02
1.837490569405955398e-01
1.675592767121976134e-01
1.436911771230571164e-02
1.726060628613256681e-02
4.596044444355552594e-01
7.206722527249342924e-01
8.477743795369492297e-01
1.348988609411105877e-01
5.664453984633884831e-01
2.043023538344423518e+00
1.456476471455109722e+00
2.858883783945201373e-02
4.846056947816750338e-01
2.104311391445585766e-01
3.798422226589121653e+00
3.004535476464804677e-01
1.063689511074708216e+00
1.368767477194150206e-01
3.491707126451920259e-03
4.114719571957790173e-02
3.380534075749543066e-02
9.820536633098081447e-02
7.204744056847271760e-02
7.081459823389715802e-02
1.339197185054809669e+00
2.037361118081729705e-01
6.952983463790098073e-02
5.427614786632090071e-01
4.068310617414072072e-01
2.474973643159857906e-01
1.036017479718568807e-01
2.323808851550856203e-01
1.497178953729647322e-01
9.727592148879321554e-01
5.992156214901517286e-01
1.596292861666993856e-01
1.342104601910402817e+00
5.714233528523217365e-03
1.565237425942834493e-01
4.891566475842905048e-01
3.577985220839332570e-01
8.017515600054850866e-01
1.333452022550024041e-01
1.612977593685733790e-01
2.003075244704730778e-02
6.005095575510135952e-02
4.519715890450629742e-02
1.625154115662342733e-02
5.979187398937700904e-01
7.573254052903219402e-02
3.798680481776168794e-01
7.669028089730781095e-02
4.558056733144451311e-02
5.979759148562573817e-02
1.852449314035236119e-02
1.911190995993114206e-01
8.142158325079443260e-02
4.104410894841271085e-01
1.142875317582340428e-01
1.100083523831031362e-01
1.945392997074513446e-03
1.519268015017018018e-02
3.433849611414286490e-02
1.666919958579416161e-01
1.197175446498188189e-01
8.359343869036944819e-02
6.951643814321597503e-01
2.237175820518510216e-01
1.146912113473775169e-01
4.084047889943733245e-01
1.220263868456450407e-02
1.501804407281364662e-01
2.250958404781547295e-01
2.809371115698838794e-01
5.496952916533563716e-02
4.336267941615378624e-02
2.770878010116902268e-01
2.567953272121628050e-01
2.073766678570996766e-02
6.443594295282605300e-01
3.978712076643550755e-02
2.295019480210552798e-02
1.890040784302145921e-02
6.803404989301359285e-01
2.268867588841599978e-03
4.606325645537605595e-01
4.873329141215095861e-01
8.740780618660661805e-01
5.964039299154074748e-03
1.408888162171771263e+00
1.760208738694843955e-01
3.141815751984445432e-02
2.964010444635856861e-02
4.506024761123766376e-01
3.381883727532462164e-02
1.764844497740465992e-02
1.160270997578939589e+00
6.604843900755669184e-02
8.413227100383884327e-01
2.150967252465356416e-01
3.342244142413174912e-01
3.259497331203588949e-02
7.596131762864427595e-02
9.077816546587173796e-02
1.414943930009775475e-01
8.894985868788686523e-02
5.059078389284084841e-03
3.864068006296761393e-02
2.527582590426669107e-01
9.871696691580858496e-02
2.433776629196627295e-01
3.092637600995660208e-01
3.272298479733983800e-01
1.999178788478629676e-01
5.243058955147280598e-01
1.431375417733333488e-01
4.363362261636549722e-01
5.663712705222316568e-02
8.758997325937945000e-01
1.239302197408822526e+00
7.215959024775948916e-02
1.492088635818273890e-01
1.526059097907757067e-01
6.009349976239219959e-01
2.379476148965992688e-01
1.214661747727254770e-01
2.807305814113888326e-02
1.000527155670690033e-01
2.613948295771664418e-02
1.645254874291449676e+00
3.305065380905644057e-01
1.451473422001932911e-01
1.562479877570260578e-01
4.434167463410607635e-01
1.663602830580140912e-01
1.355867500605307807e+00
2.500711052925819744e-01
6.553352786051773460e-02
2.867611617562471071e-01
1.209888016522250725e-01
7.319431884064837857e-02
6.173674318456889853e-02
1.022223749655932767e-01
8.251291398352778028e-01
4.379291864065713857e-02
2.184170612638369757e-02
1.838655319430461121e+00
5.000566388415208369e-02
6.372951699334818143e-02
1.102203231306369685e-01
5.404520607204242599e-02
1.007309378674717815e+00
1.094866502928025370e-01
1.386371640964633974e-03
5.001775180561575107e-01
2.996029783001306068e-01
2.580664053948399927e-01
5.266356249293917546e-01
5.146744747965988770e-02
2.780310394962330345e-01
2.234513435978447426e-01
6.814824639511468662e-02
7.213021877078364119e-02
7.350088835706686252e-01
1.812076924999095617e-01
1.286097821904988621e-02
2.833970343615917903e-02
4.067638958804928317e-01
7.016962351321349711e-01
2.914465400692663466e-01
3.261771826675266550e-01
5.091662371968402878e-02
3.978805547138733467e-01
1.098789380274301092e-01
3.086075774994939680e-01
4.183149038097020989e-01
1.294430886988594265e-01
1.930471600803884413e-01
5.953035528181731539e-01
3.185432826486340741e-01
1.247576612446887334e-01
8.490266701412738093e-02
1.032198038476083435e-01
5.264394041870386065e-01
6.898487830321255176e-02
3.571232197348936377e-03
8.270946887177534068e-02
4.091289954343981794e-01
4.365483087386534677e-01
7.215738073362402971e-02
1.484314636869930037e-01
1.634851118899556255e-01
1.012970811302597585e-01
9.750190390634730364e-02
4.272834541748753157e-02
1.951596038038049680e-02
4.560960902757296709e-01
2.653004686308549354e-01
1.799875843077704429e+00
5.150541354929718540e-01
2.001021553833955968e-01
4.329668730031265844e-01
8.960615713187624065e-01
2.842237505220487903e-01
1.215330125532132710e+00
1.032721854798346106e+00
1.487039565150514164e+00
2.582776894902693576e-01
7.399930382295408227e-02
3.790754464375221677e-01
1.235174993180968885e-02
2.844535284445772194e-01
1.381273545499915045e-01
1.711466158103644108e+00
8.944763780075101200e-01
4.312342111568203129e-01
2.123527798857264004e-01
3.730299059754486612e-01
3.891914924143007135e-03
1.853807006895806797e-01
7.782607961863686752e-01
1.601894875385640946e-02
9.222588605075829338e-02
1.703605170935628688e-01
2.712704042606732813e-01
5.012965488630580224e-02
2.707122572727302945e-01
5.949106011928918525e-01
7.678392180694114666e-01
4.208647855645412245e-02
5.567252136646949623e-02
6.337117455125539367e-01
4.782442110583076111e-01
3.905524352961093904e-01
1.308344818184287717e-01
3.247723487917368868e-01
9.603619125360891851e-02
1.694566725250030298e-02
1.968444546768924330e-01
1.380235551327308186e-01
6.183260134722778911e-01
4.013149317628614821e-01
4.598696558248756977e-02
2.932875361521081747e-01
2.215298773758918663e-02
4.778526914495764832e-01
1.149147259681571054e-01
1.290521883754331134e-01
2.341700971501611273e-01
1.703734719603205161e-01
7.921449742167191443e-02
4.404055250832519114e-02
8.450308732254770833e-03
2.108503825540890997e+00
5.769477607160846677e-01
2.735547841048980855e-01
2.757341600486107880e-01
4.706106926698309101e-01
4.004001290791624479e-01
5.184050817367803488e-01
3.935742377004446957e-01
8.549067344214651698e-02
1.402989486134820496e-01
6.816537738091817122e-02
2.553319446890965905e-01
1.108824799034507369e-01
8.040710306798444507e-02
1.182847170666232600e-01
1.659171504040993783e-01
5.042162753408363507e-01
1.592186952033276467e-02
1.915186843034935027e-01
8.055241327537521201e-02
1.129378258448198391e+00
2.052536706290706559e-01
3.008338481177545098e+00
2.215621290063881643e-01
5.341158019250188266e-02
3.245529202077145764e-02
2.336374272976610988e-01
1.317844539703421081e+00
2.225361011274263889e-01
3.201005426879703353e-01
5.930563434545913643e-02
2.002693898749322021e-02
3.957074348127647551e-02
9.583901832149482880e-02
8.085342111229483208e-01
4.050513093743489113e-01
9.615696989221034219e-02
9.037046028168259360e-03
1.794455325973205451e-01
1.598391446504571489e-01
3.136435508380398807e-02
6.887317920764306385e-03
9.361181237809289568e-01
1.902941910551131155e+00
1.539119455723240715e-01
2.314546499630385779e-01
4.600161235566874174e-01
1.361257243251039195e-01
4.363795781934665108e-01
1.944271204088659707e-02
1.082610035059453635e-01
2.798297786611909088e-01
2.397023717646931673e-01
1.334038470024169198e-01
7.680381979971231399e-01
7.277909260477064102e+00
4.814889195368154962e-01
4.694369707217473375e-01
5.945368262971609252e-02
3.690523228557412994e-01
1.682628749987345185e-01
1.660644161677322372e-01
3.361830912621371903e-02
1.492964724626429616e-02
1.943821158624436940e-01
2.077975833605071737e-02
1.454373605743267406e-01
9.922330136713704632e-03
1.065912038308031606e+00
5.744468884522509200e-02
2.543743856002452786e-01
3.006499402133646637e+00
3.085031550495170305e-01
1.585818992082946022e-01
1.490730580105566472e-01
4.909276443275402135e-01
1.683253523037830934e-01
3.183316699149590923e-02
1.489667176263756165e-01
1.616260118381032951e-01
6.720649162570006829e-02
1.618092154749173783e+00
5.162859743373952037e-01
8.096366980019122916e-01
1.127770618701829236e-01
1.001636666587659930e+00
2.128143374263165473e-03
2.197914206123424419e-01
2.651888178823795794e-01
2.240383807891583590e-01
1.663220110260774209e+00
1.813791252162181289e-01
2.032505195603342696e-01
1.592592515930854880e-01
2.491445865467585563e-01
3.473384669216638132e-01
2.571090008738076138e-01
7.107937153383905859e-02
4.127881583606782256e-02
2.973014698382381860e-01
3.274753257206100443e+00
5.693499500572748451e-01
7.357575695734949739e-02
1.308534449143749223e-01
2.746236247596839930e-01
3.874238865970922735e-02
2.418401481838669265e-01
4.661160757277250238e-02
2.097465488918289767e-01
3.106564089130484652e-01
2.295586378394109395e-01
7.919114779177514052e-01
3.678490848708850236e-01
8.402815064200302997e-02
6.991661170112741797e-01
2.133875795952508703e-01
1.485668123611809388e-01
9.800591287455327760e-02
3.245753344849848787e-01
1.212545879629379625e-01
2.638919922771053028e-01
1.359796329331431405e-03
1.408403611534449727e-02
7.608861198758692268e+00
4.119196850116341735e-01
2.659700777169013985e-01
2.345286577789614801e-01
3.096306261383047209e-03
7.177507256196402619e-02
1.374820819298768759e+00
1.241906854279196115e-01
3.007515140640386053e-01
2.110183216977990772e-01
2.312702422930962842e-01
6.080926830044549453e-02
1.316308561793227971e-01
1.186976251442773272e-01
2.887789789481036151e-01
4.002636066015123444e-03
3.576178917544591690e-02
1.243637546239932147e-02
1.831616867996147258e-01
7.151338872526800949e-02
6.385980991528146522e-02
3.577048871280299330e-02
2.898716956820832774e-02
2.945080508586219725e-01
9.616374254064695704e-01
6.184857626251436674e-02
7.426757045430005810e-01
8.504072987582431686e-01
3.232715443185502080e-01
2.569339841407384806e-01
1.480503048335820027e-01
7.581117214593310893e-02
6.957117348944616975e-01
2.465561515074726207e-01
3.165615296077641805e-01
5.011213376790705359e-02
1.579908338908447840e-01
3.153818010110551739e-01
2.868479101526637542e-01
5.042963037163056966e-02
5.806714608773885095e-02
2.649992217560558916e-01
2.157928160699600639e-01
1.412092183500583686e-01
1.248026465682392283e+00
4.139897963190992680e-01
7.496063688928765734e-01
3.432705426542403404e-01
2.348475438901830303e-01
5.332283486525800642e-01
5.253907511226272448e-02
1.024782945538666112e+00
7.910921232039129503e-02
1.268317745616574094e-02
1.450710210184134930e+00
2.291109375473494025e-01
3.882314032821929106e-01
2.724989435484762357e+00
3.229138628408287359e-01
1.386521491706401987e-01
1.974017486009392863e-01
6.431723994747176425e-03
1.022892716282822884e-01
2.650993124453427385e-01
1.732136248461720873e-01
1.321105338129916040e+00
1.122138327702811189e+00
3.574847833151232890e-01
9.028526025481312112e-02
1.260422367729348014e-01
6.383209929953100048e-02
5.995971591322322297e-02
3.274477453423979001e-01
4.201787282459822082e-02
6.096717159421448373e-02
1.844828963506023323e-02
3.447504626579162568e-01
1.146753519903242063e-01
1.359930559483243928e-02
2.537562725759480164e-01
8.818703906094867151e-02
1.379247181230201513e-01
4.119533818864116625e+00
3.492298458876028772e-02
4.529386072932421459e-01
2.746568787695181646e-01
1.661791434660055411e-01
1.499788411370741020e-03
2.349778165076985004e-01
1.452980456045261382e-01
6.815664898933779803e-01
2.521775423834883914e-02
1.616903079785935726e-01
2.045063972407968333e-01
2.702432410042910904e-01
1.213843401318101950e-01
5.008408153949344549e-02
3.618763787833153417e-02
5.739512931214547642e-01
4.250763321604951739e-01
3.346498313804824876e-01
2.858577417864387460e-01
4.173168374473720910e+00
3.098364324085687849e-01
1.177129908912452283e+00
5.146973079769723292e-01
5.110185575968834160e-01
5.809725623853664311e-01
1.559215545615897092e-01
1.957641155709155811e-01
7.465072244271800384e-02
1.708760466653134677e-02
7.671110384634903800e-01
2.219088196989130735e-01
1.854090642116288656e-01
2.953180101996923934e-01
8.308350764584848669e-01
1.539630865219818734e-01
3.351518434225860266e-01
5.292902885985574235e-01
6.766397089537189158e-02
8.145680936495957800e-03
5.349668907300738629e-01
3.775821896206289080e-02
5.745420003608767839e-02
1.189179559166037903e+00
1.173985058442265972e+00
1.121050156627611427e+00
6.503170599661903251e-02
2.632073619886574067e-01
5.191275079971086059e-02
8.732092774633125609e-01
1.889480463112907516e-01
1.346679507937181275e-01
3.616455625235314580e-02
2.489789161583307875e-01
4.114273724170469104e-01
4.400773943503599045e-02
3.986125196354967648e-01
2.701238957135306817e-01
1.543444968703233666e-01
1.597145944877717272e-01
1.818890203823620572e-02
1.296915112019857874e+00
3.520656210182426804e-01
6.152964116636691072e-01
6.491734462390679639e+00
5.887547301138278399e-01
9.939981285509570663e-02
7.406204641245179410e+00
4.672461136787391806e-02
5.574833935167569088e-01
3.047966352133066326e-02
1.403785876314123937e-01
6.740761876274037334e-03
2.427770652565919562e-01
9.151072606346277727e-02
3.370783653040051453e-01
6.310901306622526685e-02
1.228607649117787304e+00
2.632296427548185824e-01
7.594588512344788156e-02
4.014932999264749780e-01
3.725166079881513381e-01
2.826675468665722502e-01
1.517646667845360398e+00
3.888224194176092552e-01
2.751619329130667313e-01
3.064312980463623770e-01
1.884605840679143829e-01
9.512121719502855122e-01
2.792588797539491755e-02
5.174310010453235520e-02
4.164139457666989896e-01
1.272362598825974023e-01
5.753379354499997822e-01
2.203455089986060544e-01
1.843446740917631943e-01
1.163233133128657310e-01
1.222860574292075897e-01
1.031447464866316333e+00
6.590501420708227975e-02
1.186215128009600744e-01
1.979249941346380992e-01
6.265703654234489051e-02
6.647219406595479552e-02
5.949332637855536676e-01
6.141157196915125044e-02
2.972669189941909429e-02
9.867669819067484971e-01
2.115676811289875919e-02
9.283885191266418035e-02
3.928058714742140023e-02
1.252100434756114045e-01
5.030149530691686799e+00
1.625747539449954759e+00
1.210667878922662595e-02
2.034701426047291206e-01
1.147775741175804665e-01
7.640956703189201449e-02
2.650939778475850161e+00
5.029792789382945273e-01
7.785025166198641378e-01
8.180073413448955832e-02
6.378335653962088903e-02
9.488402607607535622e-01
2.092093173838426967e+00
4.583696623065407205e-02
1.962748726739490801e-01
2.411740379250852384e-01
1.891546817454894114e-01
8.522119369463738991e-02
3.317402414103248209e-01
1.412234814760097712e-01
1.641418062177618375e-01
2.469531592143690835e-02
3.463206224680243084e-01
1.839544250420207250e-01
1.945225018052441079e-01
1.973449197283960177e-01
8.528716949642083101e-02
2.763707856608933061e-02
8.488486066690469345e-01
7.366099934840822892e-03
4.068926877825578686e-02
1.794846766105793745e-01
1.832767543740993973e-02
1.042633022012224853e-01
2.755858697893615594e-01
3.112673855222821209e-02
2.783055801407805951e+00
2.312830467603555970e-02
1.612258302377684860e+00
1.227432312033940320e-01
7.157205431800564566e-02
6.152010827069527565e-02
1.126171518132366850e-01
1.080548747287113781e-01
2.304788748286947520e-01
1.641397260143709902e-01
7.060504169993930823e-01
1.195462626263891770e-01
9.897218205489182186e-01
2.687745353067023668e-01
7.016369940123402538e-01
6.265675867166593804e-02
1.872088226410497658e-01
8.418750526335022633e-02
4.321874578428980818e-01
2.748568763647261104e+00
4.102671181458136807e-02
5.512972855873308348e-02
1.611907356851002490e-02
2.547113601235292402e-01
9.868792536080325251e-01
1.150393989323578392e+00
1.583353563622504762e-02
1.035852551877470065e-02
7.914858317416600259e-03
7.347471666838176207e-02
2.284663606419671394e-02
1.391729675833757174e-01
8.752535886531721820e-02
1.107622143097524159e+00
9.845116240383866568e-01
8.818005713762464004e-02
6.486799062368981961e-01
2.636220333576636543e-01
5.265754099828930807e-02
2.596650600677734635e-02
9.101345814017792746e-01
3.583105264306494786e-01
1.915974427896292853e-01
2.198460177573912933e-01
4.747295973233991995e-02
1.063103958345226197e-01
1.356355939883241435e-01
2.440474026597632684e-01
4.864379881064116729e-02
3.925435679669060374e-01
2.048207154918564032e-01
8.436893298688778742e-02
3.486047008850692297e-01
1.872427117923020912e-01
5.043234614334858312e-01
1.701767354646571417e-01
2.278459913725607577e-01
4.424346172053350013e-01
1.280355389664720733e-01
6.290436910995762798e-02
2.895992368373363934e+00
2.907294321865651066e-01
2.497040723850182942e-01
9.026383381836336484e-02
1.081368100627604356e-01
4.169515034791354546e-02
5.350613252160347361e-02
1.721461447167837444e-01
5.358899973868839206e-01
2.871479074929448871e-01
2.780850196027302434e-01
3.234460548786134426e-01
1.412306808784351553e-01
5.147998226633063862e-02
6.221243679047985253e-01
2.168578185464579977e-01
5.782485109992756972e-02
1.440989465557479754e+00
1.097084438254621389e-02
2.190804671664020598e-01
4.272781216196828158e-01
1.773751830218405490e-01
2.516821647144304105e-02
6.599604438039685661e-02
1.321447149822501388e-01
2.507496496942114225e-02
3.411244776795104849e-01
3.792730481245064345e-02
8.435380518400253935e-02
1.305495071572726831e-02
1.546244895509355510e-01
2.381756380524360783e-01
1.267907236542400833e-02
6.497867666830416111e-02
2.071430215568062783e-01
3.709437663243397854e-02
8.826306266307777648e-02
3.565213920934307001e-02
4.870228551764738678e-01
1.841824784368146783e-01
2.920411099303070190e-01
8.402319769845710828e-01
1.991022424342825392e+00
4.225479335836414552e-01
1.048749382746527910e-03
4.379449114034085211e-01
1.967028959359004292e-01
1.200049711512292117e-01
3.339617474119498108e-02
1.594265386969287088e-02
4.379729825472489679e+00
3.294533684113501448e-01
2.045677061240085415e+00
1.122315757123855395e-01
1.087286914117829406e+00
9.974278603865503745e-02
2.553476474182897124e-02
3.489074942901958763e-03
9.871449852565711280e-02
1.732381320588014251e-01
1.812657220676857639e+00
9.830185377651671219e-01
1.479903533281707595e-01
8.218138716682638067e-02
2.458988088713674192e-01
2.978768571629994977e-01
2.426960697853768056e-01
2.088393268904068303e-02
2.949951966325140562e-01
2.128081796662744940e-01
4.740180212656429082e-01
1.403342435865574944e-01
5.745818158696976152e-02
2.132660097547287859e-01
3.242187439034783791e-01
3.552050957099738178e-03
1.230781422275143144e-01
1.382541019143916083e-01
1.079157956626053128e-01
1.185730670957601429e+00
2.100822585184648761e-01
5.578529452140318368e-02
1.216657445503718515e-01
2.398728342589653839e-02
2.403844016250400450e-01
2.574964929024535221e-01
2.825204846066118325e-01
1.124456177124564915e+00
1.872921509332172718e-01
1.492134723398218510e-01
6.573203623029645337e-01
2.452039015455682591e-01
3.116361528575664619e-01
1.970866218712152007e-01
1.379078066867194807e-01
1.808282326341039553e-02
7.478938844351201709e-02
3.250863555572194169e-02
3.445484317640854499e-01
3.625633953596258952e-01
9.147817463304279695e-01
6.698138816654772287e-02
2.912280739208759073e-01
3.833377650783475477e-01
4.305715135332277566e-02
5.646471366428141847e-01
4.443216791441407382e-02
7.363960509657024867e-02
1.311808086482076918e-01
2.875689058304597423e-01
3.495669926908805958e-01
4.547278279234311799e-02
5.867053069126312165e-02
4.648976350367313437e-02
7.714661773308782999e-01
2.622672502264488115e-01
1.234792991489772340e-01
1.357428307033886394e+00
1.523911174244023115e-01
1.066481106758683461e+00
3.856038871716594985e-01
1.227082546201013757e-01
5.280839145759715081e-02
1.133060299316249603e-01
9.671044134343355358e-02
1.339316420656815887e-01
1.008579661671976657e+00
8.409496968209274892e-02
1.066084033516578183e-01
2.851757020320678238e-01
8.024763405208575895e-01
4.600774572781061167e-01
5.521406552246620469e-01
8.988074630833905454e-01
9.415068633206019610e-02
9.394536675353204122e-03
2.227363117967589012e-01
2.776687836750199034e-01
8.883323336789536451e-02
2.294149188219344465e-02
2.646561826335884215e-01
2.044359745643368198e-01
3.977842351976651480e-02
2.771075652887255991e-02
3.838501748139311331e-01
9.315250420400486675e+00
4.425495473307313604e-02
8.063335147941810277e-01
2.163036229052716086e-01
1.382746420336283533e-01
5.388645308237683951e-01
1.969116354162967625e-02
6.598723445600142012e-01
2.720388210382365668e-01
8.616944549331208639e-03
1.687727616423136123e-02
2.970694165833515088e-01
6.067543891332196487e-02
4.349082189852353508e-01
1.477814440960993625e-01
5.272886519548389828e-01
1.690981683331635732e-01
6.193005144329510880e-01
2.671745274123945788e-02
1.051718251318254915e-01
1.329726595512952247e-01
1.016886299936240329e-01
1.638743128705039409e-01
1.716078029876084710e-01
1.639380998734041306e-02
2.176496212794495344e-01
1.469399399040915100e+00
9.969600899846352560e-01
3.144420349687442051e-02
5.237367491907267414e-02
9.310752872733810692e-01
2.367433817060764223e-02
4.131551293018720372e-01
2.189091813161499478e-01
1.405845320744659732e+00
5.771728564669552641e-01
6.753091658479614123e-01
1.424222585778140981e-01
5.726177113371248018e-01
6.785038900135931250e-02
2.078234471989379162e-01
1.545414483009450057e+00
3.858763893145914642e-02
3.756883444252675508e-01
8.597281163153078221e-02
1.504428020455342851e+00
2.420563011253469565e-01
9.187170638178265847e-02
1.380789973262703044e-02
9.488560777827122206e-03
7.601140010149834425e-02
3.962701314446957390e+00
2.890611158968664843e-02
1.052902191541805477e-01
2.032871338558699115e-01
5.029928111888189168e-02
2.138927239944075354e-01
3.665425936950723051e-01
5.694476483248513965e-01
9.304615160742719937e-02
1.746667360076852582e-01
1.138750886172621296e-01
1.099327897355117795e-01
1.258615227212040721e-01
1.608226912351088667e-01
1.042320183850050430e+00
4.523233925018394497e-01
1.821103506738216693e-01
2.055775483607348922e-02
1.074712346726205137e-01
4.939602553223334525e-01
2.093124809274695686e-01
1.146663406277638811e-02
3.905017653118761922e-01
3.936645579366244291e-02
3.945289217916828073e-01
8.370969445303626244e-02
3.453750263285658151e-01
1.227837606127985398e-01
2.852553444902985458e-01
2.749431710609572810e-01
7.239902295874780722e-03
3.850595991967681320e-02
3.534372222810938657e-01
2.821850589406825205e-01
2.711464405592454163e-01
1.708101711213228513e-01
6.511853594820998792e-02
5.620131802248692909e-02
7.020662070871011018e-01
4.588582286517806641e-01
6.369545231999050941e-03
4.084922231361896861e-02
3.557783691028182371e-01
3.500738788118947786e-01
2.196956646582485240e-01
1.359728838311698856e-02
2.249169966955535116e-01
6.762733920223790163e-01
8.036635121095594969e-02
2.390046787784858850e-01
2.425803586308754589e+00
4.420620401426230139e-01
1.898625626581245673e-01
1.305174618177377954e-01
1.823284038811618657e-01
1.599678189502634074e-01
1.675157126844441235e-02
9.006500385728055669e-02
9.490228832523653901e-01
2.114336211838206969e-01
1.527656822151172294e-02
4.389937449687975057e-01
6.297310997909714991e-02
4.962024367276965386e-02
1.474459366053047504e-01
3.121143161450427583e-01
2.779201495074815620e-01
6.868595042386722860e-02
9.644102776363260021e-02
1.455882621111239117e-01
2.894038036177886131e-01
1.945384339196550016e-01
3.256718689933378597e-02
1.966917078654467355e-01
3.192254050423533052e-01
5.548659082537599208e-02
5.362769848433328324e-02
1.015887804313616027e-01
2.601524487989156920e-01
2.347175027199479569e-01
2.489765018515077422e-01
8.104584088603217218e-02
3.104117889817605835e-01
5.990096929000197218e-02
6.433565431837104942e-01
1.100797708796318747e-01
8.285947517350126246e-01
7.385898123564517137e-01
6.016544620347631378e-01
5.140682582015171365e-01
6.781640651386790231e-02
3.341309817884026145e-01
2.428682608429776901e-01
3.137967725364804866e-02
7.235526386848016231e-03
7.900253156755604467e-02
2.935230304703357884e-01
1.707043908444662306e-01
1.899239513658981249e+00
2.206118591481670554e-01
9.143987548081544681e-02
9.569696041139212628e-02
4.153718954154153598e-02
7.765777361000425483e-02
3.180080597720164048e-02
8.162590641741980235e-01
5.372705702834557062e-01
8.242883921561347527e-02
2.565882079358718926e-01
1.299703969732020070e-01
1.153601581992970415e-02
1.358294942512033032e-01
5.362760887771779172e-01
1.259368509053315766e-01
3.926055970975066145e-02
4.007804668095598100e-01
1.212101450212520887e-01
1.030169995259962584e-01
5.829400921949243891e-02
8.345191747099290680e+00
9.623223937992695376e-01
2.239995780185895582e-02
3.340698995126186732e-01
2.863177562191189171e-03
2.212942434465883679e+00
2.453785694241464310e-01
1.488240504201290490e-02
1.949137673424092831e-01
6.763532616866408942e-01
2.005398028975666214e-01
6.239404508371605707e-03
7.943080553645125164e-02
5.509141036840987937e-02
1.056409478067110441e-01
3.099793520584603196e-02
1.431317444394080429e-01
3.333960706360399318e-01
5.128526448631484769e+00
4.661613302250880442e-02
1.957355402004137268e-01
2.753585093530383845e-02
1.336677433863350528e-01
4.945593874581644123e-02
2.911523458729928793e-01
1.178480202133581844e+00
3.890347895423242885e-01
2.062402148674724878e-01
3.013869793995081064e-02
3.819048746275778283e-01
2.878209436987450368e-02
2.405984570950695234e-01
1.281917044432911323e+00
5.824416911249914036e-02
2.749950842313252930e-01
1.625337275683938376e+00
9.965147695723803878e-01
1.212086712447821291e-01
3.098652032832927006e-01
1.680618890145796629e-01
2.639470691685120163e-01
1.580677712276680191e-01
6.611437131520644939e-02
5.021767334899639862e-02
1.615564317039564768e-01
1.023101257611109677e-01
1.631678647431895890e-01
2.404043606342870162e-02
1.659409482812320036e+00
2.007758104156426304e-01
6.505976743558139486e-02
3.149782238502459863e-01
1.829921036547633717e-01
1.722226255546745188e-01
8.477909921587567163e-03
7.424425511090013141e-02
2.297787294583108764e-01
6.135636473520120759e-01
7.699169482194833103e-01
3.018191521432747604e-02
1.664934272487635925e+00
4.684323352647334904e-02
7.432860977378220879e-02
2.835884043030871826e-01
7.140522298279718960e-01
2.544187736918968740e-02
6.973166111026722624e-02
9.620780101930992423e-02
8.793610755466277906e-01
4.781273307294959390e-02
1.811132470831216201e+00
9.620588760297278663e-02
9.865352841462644573e-01
1.125327956379413435e-01
7.569412041620098008e-02
5.532173508875438267e-02
1.797306295302627255e-01
1.093262453998147948e-01
2.387285860563234663e-01
2.197712295850737241e-01
1.643192658114478108e-02
2.132848283080288412e-02
6.301159756325278583e-01
3.096079200402191423e-01
1.992564427985617781e-01
4.085237777213615029e-01
2.555761964237238670e-01
7.912911693496532672e-02
1.473696995402656862e-01
3.752230294010416856e-01
6.763727091466984476e-01
1.263090062642889588e+00
4.986348633530933716e-01
4.543833982778485922e-03
2.468714478458889361e-01
4.062415351371130301e-01
3.016875462862935176e-01
2.610120554608751364e-01
5.018400843849910031e-02
5.801684739612156250e-01
7.535854552322500052e-03
3.094882656149965383e-01
1.341481386716048441e+00
2.510113262844759774e-01
1.106012868652076486e-01
1.639688660697040112e-01
5.360989876248367647e-01
2.049657827715419267e-01
1.426224811997305053e-01
6.327969247505055295e-02
1.399462567971963223e+00
2.840854471419415050e-01
1.264963566916211812e-01
6.437885497542721325e-01
1.799165322768729036e-01
1.325412475335385976e+00
5.553348197927704399e-01
5.628766797048065929e-01
4.726127510074241145e-01
4.472375363657794978e+00
6.169712343258362125e-02
3.199385656641656750e-01
3.290942785808007899e-03
2.411523701353960880e-01
3.335911482392964200e-01
6.124522236006768594e-02
2.225108996639001691e-01
5.472876634010990671e+00
9.341919675432888703e-02
5.837763779803394754e-02
1.647932587139368243e-02
3.238781839189907030e-01
4.421509868971570945e-01
3.146413561150996352e-01
1.036167299827076421e-01
3.871563343063597618e-01
5.291325305541917379e-01
3.182267052539070051e-01
7.100685316079179410e-01
1.050464929546736197e-02
1.549535888437122866e+00
5.084698040692100379e-02
7.574684000034360987e-02
6.076798500356234145e-02
5.100504206650203765e-01
2.950033688928104803e-01
3.427668930572159711e-01
6.113495881154631939e-02
7.607157558168139988e-02
1.368067272518137090e+00
6.451690525339791142e-03
7.780589917800710076e+00
5.849570516740930648e-01
3.030025717857313672e-01
4.796280075065019466e-02
6.720480607073796298e-02
3.432166457523675995e-01
4.038729186508626112e-01
1.237440864702827464e-01
2.407904862735373630e+00
6.087181412688547066e-01
3.793036919909101856e-01
6.552850278112578586e-01
4.496342761342039807e-02
1.974517502097897226e-01
4.331646977640428275e+00
1.847226006023657829e-01
4.650115561754767923e-01
5.046925645499582280e-02
2.646098912887804439e-02
1.473182057926446242e-01
5.246580599323783511e-01
4.155837054869482988e-02
3.603232232965418447e-02
4.873344305063270210e-01
5.630304460892081586e-01
5.709771360309812138e-01
9.556512233171439441e-02
2.029337938246953965e-01
8.059510684526749458e-02
2.809738188370980091e-02
1.357078336070145497e-01
7.671145179646818857e-01
1.531268163232080322e-02
1.160643475776585581e-01
7.368991728776877470e-02
1.411304383169352805e-01
1.905560725903755193e-01
2.642738991450945818e-01
4.238070779213577999e-01
2.034233796581717477e-02
6.270081830602129008e-03
1.415899621937170838e-01
2.109782707732966722e-01
6.992250239136975631e-01
8.223809049408498106e-02
3.278817842877194355e+00
5.953866712581220438e-02
5.225809632353045631e-01
2.636625892332057353e-01
6.635197443270320905e-01
8.393327565898512921e-01
2.340794612599914615e-01
9.977466487198108358e-02
9.344941157501399087e-02
1.511597210679082703e+00
5.998371550740481603e-03
5.682681956067425766e-01
2.960783062976122260e-01
6.346024495525885711e-02
3.649945146947292662e-01
2.411777828566696036e-01
5.748383021142194238e+00
7.187930545747230893e-01
1.169089993877729383e-01
5.077442654832077240e-01
1.565393985392078691e-01
7.381014636728884248e-01
2.338013454078562869e+00
7.480802175888425776e-01
5.663799145146215797e-02
4.348727364837389198e-01
4.579968575705505307e-01
1.674200277569241058e-01
5.243813328331524692e-01
1.857654000867708377e-01
4.210001045384908380e+00
5.556918894401253750e-01
3.356317168066241634e-03
1.947927827130357947e-02
5.490507589798160559e+00
2.209170899748197636e-01
6.718652848629991237e-02
9.169596274264313340e-01
4.234070912101745715e-02
6.989532811415545943e+00
2.187025899553313724e-01
4.465526558395564033e-02
4.122155763642074144e-02
3.244451212781057289e-03
1.416990023489406447e-01
4.064215712788470797e-02
9.060053477629851360e-01
2.614411210282011067e-01
5.948985569106336746e-02
4.705572005706538941e-02
5.937106162946005627e-02
3.520130982647066281e-02
1.749994118731315884e-01
3.605668118071402306e-01
4.011071402365217614e-02
1.750693369661901755e-01
8.039337874712421117e-02
5.794923095707221750e-01
8.191249699667913289e-03
1.219512041227007876e-01
6.874411247882332432e-02
2.918499071934944900e-02
1.246331522362559008e-01
4.908511781444646616e-02
3.459323565121207866e-01
2.863793897428131355e-02
2.283792193686457958e-02
5.095503307264007131e-02
2.712427263433421776e-01
1.309660969908839345e-01
7.352635057319570899e-01
2.425840293682000326e-01
1.873685948606200469e-01
1.246873171834356642e+00
1.474635549556677638e+00
1.916402222051150350e-01
4.186166768973929031e-01
2.256590479636228636e-02
9.967558503941247039e-02
4.171522923626730939e-01
1.064037732142514514e+00
1.846054960429757419e-01
7.082978494294777175e-03
3.445434906196681579e-02
1.475610887048610931e-01
7.542309273006925219e-02
2.784841549898400825e-02
8.667879534211797576e-02
2.739780185440302690e-02
2.969587589496789914e-01
1.519960163718696855e-01
9.497654009222458726e-02
1.020154060193456225e+00
5.384197899184380853e-01
3.222845733143800406e-02
8.619865867526230185e-02
5.451607652517945213e-02
1.042582062653096692e-01
2.380102048437747475e-02
1.238916067876532634e-01
2.416220918207435953e-02
2.820790394069705442e-01
2.241062396764400555e-01
2.477688122163450302e-01
1.369967967025148836e-01
1.125982105299745900e-03
1.234197548461367089e-01
7.355927034805402887e-01
2.794865870765783633e-01
1.983109696092411056e-01
2.146185406153758302e-01
1.568948257001566704e-01
1.888432562695653918e-02
9.750915458595857399e-02
1.689180930899336186e+00
1.827254507055887933e-01
2.599856131512427448e-01
1.832223155274920856e+00
3.376084496536746471e+00
7.173049860266755839e-02
9.741265539698697878e-03
1.318216188976247503e-02
4.237307828637712492e-02
3.514500793714327997e-01
1.807046532780923545e-02
4.119182964039039274e-02
3.883175712903642052e-01
8.850728225045723097e-02
1.911375540620497748e+00
3.310917226723955054e-01
1.268045146303259374e-01
6.949954551829072846e-01
2.060833625206687780e-01
1.268728198899768123e-01
1.571042656205945409e-01
1.254985542670301879e-01
3.933563462776447084e-01
2.104297539486183199e-01
1.505316464753475025e-01
6.177416169343652452e-02
1.631221948851648840e-01
4.864529108234340038e-01
4.695394682275314535e-01
1.152970887414163786e-01
2.195862971930714544e-02
1.006056558092364606e+00
1.652783023329452150e-01
7.106262960968920961e-01
7.740415730422961493e-02
6.860717421618590939e-02
2.376015233623638701e-01
7.916548126765974303e-01
1.246854186960782811e-02
3.449744137205045663e-02
2.328229712103305205e-01
3.211612320592165948e-01
3.267814530207074353e-01
5.053680462079866015e-02
1.720300425789245413e-01
2.056493560417990141e-01
7.953934698912719092e-01
3.963982847693953669e-03
6.085143802310954975e-01
3.405722495708149999e-01
5.711626180895899851e-02
2.259803178470584650e-01
1.901482446337124932e+00
2.955747819446431501e-01
8.349451515142389812e-01
3.394927137040547604e-01
3.439764815921809715e-01
1.288999206440670786e-01
7.964030634397877007e-02
3.530993771469548292e-02
3.936297735100321993e-01
4.219582635384798719e-01
3.831216794531488445e-01
2.979346606110778173e-01
1.619570733706406918e-01
6.563454864461816529e-02
3.015778755099545738e-01
4.939554809291402115e-01
1.458005056435590197e+00
7.507288873070941393e-02
7.943853967508036906e-02
1.034735043230785995e-01
1.240415900833028662e+00
1.906661597617639314e+00
1.613575936934411870e-01
6.648519184916276137e-01
3.741272685072942750e-01
2.832155652210196717e+00
2.014030243903271733e-01
6.617390026458915830e-01
1.076191079996633437e-01
1.652120818207755693e-01
9.231781035582348194e-02
1.670762052960988731e-01
1.120786642547709072e-01
2.363280905726641568e-01
2.245253869511595612e-01
3.299056330252825991e-02
2.937666386125925219e-02
4.829048134580788548e-02
7.270481810297312053e-02
2.407800708219371144e-01
2.881792341219027720e-01
1.818133980674123407e-01
1.731114014288595571e-01
1.737074324077513277e-01
3.444468159347065239e-02
6.585713890502770118e-02
1.647652229991218298e-01
9.877626197427420707e-02
1.698541646384179593e-01
1.104698214216806584e-01
3.857711343089544886e-01
1.091927104207903454e-01
8.519964014181752310e-02
1.840715898881129797e-01
2.166848659513106318e-02
1.012549484397823746e-01
2.072805055235719396e-01
5.139604314382648781e-02
2.408746320345219599e-02
3.092649233935692021e-01
8.839501675351625620e-02
7.048947736741806303e-02
8.098737834375469014e-01
8.665773985670633534e-03
4.920355284051799311e-02
1.521030050140067258e-01
1.099047661048954544e-01
7.506958387530790477e-02
9.337792693968446356e-01
2.525381673467071153e-02
1.236652839622944672e-01
3.148837240030561979e-01
4.760512108018395971e-01
5.369451962237132836e-01
9.072189137784354707e-02
2.270385078145267521e-01
7.092345316039508907e-01
2.703934345867619049e-01
3.519274973966680653e-01
1.282973847484793206e-01
2.943576613049730256e-02
5.391661745677115425e-01
1.082084896458191531e-02
6.625650831921361394e-01
2.935766972701836508e-01
3.309376302870208786e+00
2.233701333871198069e-01
2.463960446223305012e-01
6.216996517226861668e-02
1.091531315097229449e-01
5.221263456822412136e-02
3.115153066792110681e-01
8.807483198165526606e-01
3.178615153562693307e-01
7.952051439039155012e-01
5.851825895744812156e-01
2.146488214908221226e-01
1.468548063540323911e-01
2.325955742824771175e-02
1.672018621586204290e-01
1.159330650597204304e+00
8.527437023688867468e-01
1.417983323082339542e+00
2.207750489954394407e-02
1.433392084810507228e-01
4.539592975593907155e-03
6.429698404718302458e-03
2.943063028956828253e-01
9.663640305426753063e-02
3.288569143187068389e-01
5.281247110293487215e-03
3.755967084629931452e-01
9.536964598975672391e-02
7.896623141656822220e-01
2.289838158898507559e-01
1.998803599224531491e-01
3.179185914401114754e+00
4.101085412865269897e-02
4.573604596013284285e-01
3.074563740499227857e-02
4.167518299807018156e-01
5.137068842704356486e-02
2.070070091823320024e-01
3.919405572944192201e-02
5.574176783456594002e-03
5.691110727386403667e-01
8.244125671836947944e-02
6.880459202810448871e-02
2.655920713373307596e-01
7.552959516221952052e-02
1.293702124516896701e-01
4.877067480413370126e-01
1.170620067373144002e-01
5.771192620804488360e-02
7.787224383174301545e-01
3.072744184495050379e-01
1.203137490976171620e+00
4.720082492180849992e-02
9.066014993149180967e-02
3.010679075738978749e+00
4.222442756338257858e-02
1.650719970456890895e-01
6.287892460124329397e-02
6.336832696138498811e-02
2.599601854615393726e-01
4.955623582405348920e-02
2.404318493253336242e-01
1.335358832165706167e-01
1.501900896663046769e-01
3.549478944544423586e-01
5.357387553259755908e-01
1.050204503842605414e-01
3.410529810863550254e-02
2.507553380276966205e-03
2.120454935055076540e+00
1.655094879924511597e-01
5.114567397776959012e-01
1.492049095809784953e+00
8.844808430328771065e-02
7.890950379676928139e-02
1.406520222595536218e+00
2.260880476095683822e-01
1.586184686435771207e-01
4.022606515518432957e+00
1.335286161130181670e-01
3.442136034703677794e-01
6.772981236981302777e-02
1.961558473810493530e-01
2.193106912811415288e-01
1.345894591672818635e-02
3.158121880873691056e-01
1.880621309741450919e-01
1.851277907013582302e+00
2.407456130201912625e-01
3.025942945997102049e-02
3.068622355192733922e-02
1.174775672491975703e-01
2.063079219919987384e-01
1.449759478116225964e-01
2.018256166340842983e-01
1.154368203216891466e-02
1.058250835653535143e-01
2.570197936894941249e-01
1.551972179411899577e-01
2.953238512448561615e-01
2.103451088706439001e-02
1.070035424229220655e-01
1.243214900160286296e-01
2.671517080993843329e+00
9.998368455016083400e-01
8.604565429893692996e-02
1.281236068772123871e-01
1.382363047521976696e-01
2.592497158824103032e-01
1.397410696066929692e-01
1.371396664920974673e-01
2.250499515568266384e-01
9.832425392228616445e-03
2.495019039533249994e-01
2.352700283222000643e-01
9.224249844671644771e-02
1.483041905857351295e-01
8.506936809869209970e-01
1.262007682762180005e+00
1.133768733049246580e-02
5.003717202396777974e-01
1.443475464141477371e-01
2.861966478836023287e-01
9.635451239115275235e-02
2.683761486416121667e+00
2.428795201163484463e-01
2.936819206648509928e-01
8.089883224338236811e-01
9.476092126984028696e-02
2.181618974308142944e-01
7.767822616004569358e-01
3.084864318645658798e+00
8.439025322889459613e-02
1.048749382746527910e-03
3.615153934434106042e-01
1.717398903406303967e+00
3.400768527201480929e+00
3.395454982382757336e-01
5.162233569188917799e-03
3.396605158641742284e-01
1.460207315353034274e-01
8.451839090496578999e-01
5.699526133533117100e-02
2.272157821930698984e-01
7.964694036678369171e-01
6.059367970835806139e-01
8.209577979214251198e-02
2.265814041958654212e-01
9.454839933547651287e-02
3.345563750842576317e-02
6.078463829682881681e+00
1.300664472753686705e-02
2.034757190205523369e-01
5.094924133288686319e-01
4.310409055479901691e-02
4.471922439486843426e-01
4.310623739756399009e-01
1.272551097887961724e-01
5.614731521066345099e-01
1.367856270322084615e-02
1.646464872793038881e+00
1.090071967527371788e-01
3.669406072013028930e-01
2.529447676396058831e-01
4.834414375048069062e-02
2.024382341163435961e-01
2.343013211821825537e-01
3.747303163890694511e-01
1.481264015836609993e-01
2.796251097436435185e-01
1.339303875254803100e-01
1.503014175226183191e+00
1.429205833480883259e-01
2.142827143136185331e-01
2.908652183512664413e-01
1.524947767270300736e-01
9.725689901709478821e-03
6.250256242345691993e-02
4.176024264052337065e-01
2.157078185696297834e-01
1.860455689181326200e-01
1.947690091575608740e-02
3.426358718243469048e-02
5.678427349955329495e-01
1.866722453681407892e-03
1.952433938130786195e-01
1.972784390824414147e-02
1.132424145443817615e-01
3.983872720590317384e-01
3.945284673942164866e-02
4.727853049333766156e-02
2.611130010594476820e-03
9.442543905058962128e-01
3.291126346293283822e-01
6.863535266787103017e-01
7.861517836354968702e-01
3.421879380132744064e-01
4.977869573130375147e-01
3.739823239434698077e-01
1.735864139254653937e-01
5.460147370283794377e-01
5.272781397986284757e-01
5.301164494139572192e-02
1.235778106966901740e-01
1.151421610454212291e-01
1.772786126614379065e-01
2.765651531780043658e-03
4.352391720057321306e-02
4.635043554459970516e-01
1.426298898478693289e+00
1.389726696844651062e-02
1.759457982606496829e-01
8.543852789961880134e+00
1.327322291785073105e+00
2.643043488420194348e-02
2.264589987429027895e-01
1.074759236906926499e-02
2.026518445220550468e+00
8.436123993630264550e-01
1.552972803506614541e-01
3.293771000131874072e+00
6.350494846403813565e-01
4.891920891056911191e-02
8.779007480391586016e-02
1.965556266345069164e-02
1.775378789829589257e-02
1.516916838385408806e+00
4.546967206828384650e-02
3.408723813197678948e-02
2.191888033209276887e-01
2.242611368524662918e-01
4.108641450899173653e-01
2.635745921585499474e-01
4.417799232669988863e-01
7.086161198149865115e-01
9.298968197806619429e+00
2.085791780711986343e-01
1.216691910979224023e-01
2.483663784891181059e-01
6.805712991639675802e-02
7.981654556871219108e-02
1.069336619752923601e-01
6.070935834241838330e-02
1.255000860945853225e-01
1.008559253459307414e-01
4.451050518275872503e-01
5.496969944531206881e-02
1.034527055190963829e-01
5.485661739107073887e-01
3.877427911470969490e-02
4.095007339287014270e-02
1.627784935135546396e-01
4.812906540660591981e-01
1.443405338530025228e-01
1.344140368026580379e-01
6.328830302844072886e-01
8.214169017274407514e-01
4.835726992453601714e-01
9.900870618341396645e-02
4.368485720804599071e-01
1.689292719449492497e-01
1.175964955734026401e-01
2.219496752415049956e-01
1.217598473075064414e-01
1.082078313147088133e+00
4.134993521891882073e-01
5.508262940558238396e-01
1.479563868293868045e-01
3.333944920018577784e-01
1.484519176767798765e+00
5.725060932544588123e-03
3.473165371032693183e-01
1.187533209608156448e-01
4.125199587223903341e-01
3.049285106529312991e-02
1.487035224910602804e-01
1.685930112230379918e-01
2.896556609422751283e+00
1.982219496006091819e-01
1.165675872923204182e-01
5.395680663913812736e-03
1.020471623863861838e-02
2.318311787010742808e-01
1.989236817304037563e-01
7.539586331291744381e-01
1.415719833323286769e-02
1.903675665958291796e-01
1.611853781792100260e-01
1.063962993071778801e-01
1.276681541985809631e-01
6.770466766054509256e-01
8.330714995227710140e-02
1.119640995400052130e+00
7.850339757107778482e-02
4.135116906028958317e-01
8.584415292294798050e-01
2.178424715256592481e-02
9.056928705243774691e-02
1.407808868829945881e-01
2.358404765450289875e-01
1.167232551473571300e+00
4.167030798197721153e-01
1.010806018364572845e-01
2.054167851256820734e-02
4.296112833214590920e-02
3.713252042540870490e-01
3.834507057971780597e+00
5.306027229499062775e-02
5.901490810826597044e-02
4.799216935406582785e-01
6.549253338925269119e-02
1.298699295410317700e-01
1.273814229368169793e-01
5.070788326375577082e-01
8.443507633160551862e-01
1.180106820113225041e-01
5.982939783823371105e-01
3.848503819156556816e-01
4.926136056039956967e-01
8.330854738760802569e-02
2.314357872358843993e-01
2.781860802675495958e-01
6.483050334617897204e-02
2.014565756055555656e+00
1.416735298244322094e-01
4.667069951892363067e-01
9.261734852743870594e-02
1.949496136134848401e-01
3.272056475573539153e-02
2.268016322512672253e-03
2.793013299007340855e-01
9.830597629177618701e-01
1.230294007173972776e-01
7.373387989168478374e-02
3.520955022133935852e-01
3.079723032254656767e-02
7.402631226054744440e-01
1.370862103971678403e-01
4.045300045038160291e-02
8.890900296773544653e+00
7.245422649416242977e-02
3.458972426829510227e-01
6.518074523953929500e-01
2.191798470133253240e-01
3.353164137517716803e-01
6.863408071740684235e-01
5.494730061675770494e-02
5.731169605594109429e-02
9.932290360397559581e-02
5.175028602226509067e-01
1.332858508092150007e+00
4.240124238359048725e-01
1.021133939017837111e+00
1.500310501797082752e-01
2.531910970037846154e-01
2.971536594027740508e-01
2.926750470131825654e+00
4.435747964200417726e-01
7.118242816355181690e-02
4.142231303128598996e-02
6.792390061001755963e-02
6.053774230152753066e-01
2.752624497014992122e-01
1.445969139506733336e+00
2.390079580494860675e-02
1.728397822310469012e-01
3.132967103616253746e-01
1.106400090659119151e+00
1.388437018827923947e-02
2.161652773854497861e-02
6.102508452650870496e-02
6.574465417705260828e-02
1.727392877790624448e+00
5.140648230526351448e+00
1.270146986045898874e-02
1.760906882801456241e+00
6.341363706556835123e-02
2.652233101357743261e-01
5.529035905071352092e-02
2.823416763060823675e-01
4.203916380372044181e-02
1.244411500106749890e-02
4.996422728190530460e-02
3.821166981133528040e-01
3.015882850458200259e-01
6.414910540778179238e-01
4.477555503046350138e-02
4.231751760878726953e-01
1.372691963126329850e-01
1.076434599406727172e-01
9.193708257574718934e-02
1.246553072234414389e-01
1.521267420822967030e-02
2.899220650470243354e-01
7.948030379110762045e-01
5.486550717555089413e-02
9.203682383801742306e-02
7.014510307741469441e-01
1.021859657858609910e-01
3.393612143336167453e+00
4.347930894206705754e-01
1.189513897724500391e-01
2.748274876689338949e-03
6.105848978008102980e-03
4.153532493964758737e-02
7.013543715480153110e-03
1.739878108516688948e-01
8.164719805836298527e-02
1.788782987178477168e-01
3.212423261324747620e-02
4.390219533172208533e-02
1.932195883823785432e-01
2.761908476609993834e-01
9.317935994306195679e-01
1.716864392894630331e-01
4.454801085822660683e-02
9.525824591922227302e-02
5.159745821086223483e-01
3.674702124520602964e-01
1.722318915073899337e-01
1.325220810564775586e-01
2.188849944706987571e-01
2.588696015008445372e-01
6.614364966183616801e-01
5.573812867370180335e-01
8.389193627393003172e-02
8.647160426271874867e-01
1.361756088840290646e+00
1.069016443633584862e-01
1.756714212871409234e-02
7.471025467844530366e-02
2.803887725928776442e-01
1.836692651299761392e-01
3.593336047743453943e-01
1.242785637885694943e-03
1.990273896145919041e-01
2.291264207532462738e+00
2.529609434917393096e-01
1.367857336251917522e-01
1.220914430835612574e+00
6.548577099365443521e-01
2.426098105314999920e-02
1.315495536852169522e-01
1.768255663129254460e-02
1.624473964236210904e-02
9.335297845775208936e-01
2.880390196103828071e-01
8.214080787476356615e-01
2.343549201879147614e-01
3.336981958402884980e-03
5.088395881582882252e-01
1.762079774305080893e+00
1.276368577813612459e-01
2.879920169618465087e-01
9.364046046721472005e-02
5.206150224169345947e-02
8.611044113615425044e-02
9.735453365892918209e-02
4.304827094112011199e-02
2.375283773358577155e-01
1.135202874102957837e+00
6.618606797818986642e-01
2.964764509708676943e-02
4.157542717489932649e+00
6.889900702345452821e-02
4.108975799245521282e-02
3.039008666819225102e-01
2.139876973626724660e-02
2.360670599899407751e+00
1.160920385694814705e+00
6.929623179377703002e-02
5.472183698383870087e-01
1.470247833429161044e-01
1.209120417633471556e+00
7.888722729770940301e-02
3.002492624628460560e-01
2.374099676467099351e-02
1.027729523669471012e+00
5.981384013307818881e-01
3.081436237974706227e-01
6.939627243273149837e-01
6.597199814213658420e-02
1.117403570710030214e-01
1.199765319189416701e-01
1.169264351451759915e-01
8.525181528977224255e-02
2.125380494736185399e-01
2.293237546715368169e-01
1.154876470172019887e-01
8.302818069948389446e-02
1.222202581776110804e-02
4.649395183162000067e-02
1.609521807583051745e+00
2.370419503811735384e-01
1.384588647023883654e-03
2.479183954657214473e-01
2.966599381495854115e-01
8.689113271469446342e-01
1.400363422597341312e-01
1.780895018073480607e-01
1.144562110789787701e-01
1.907988735546398973e-01
2.018095262537446602e-02
4.677563622746960803e-02
4.699754206040086466e-03
9.238836836965896859e-02
3.684253443636336528e-02
1.059446813294602358e-01
5.317867670939221275e-02
1.186498622947211035e-01
8.713351417939124710e-02
8.141261446195333651e-01
6.058974110284629649e-02
3.624823883793514279e-01
1.280747880240424297e-01
4.268425366127354681e-01
2.745057373682695534e-01
4.003241654300939700e+00
2.483222041503869437e-01
2.497470581744031526e-01
9.513370147581103053e-02
3.381247617269846351e-01
1.442574048764564687e-01
9.947227100157704505e-02
6.349970544772676195e-01
1.138411908731944422e+00
1.346183958249097534e-01
2.897423981972557239e-01
1.221635151855450657e-01
5.930947881655326270e-01
9.799078022796806064e-02
6.990071119459673188e-01
1.078467395872211854e-01
1.738382608480672498e-01
1.377602156054998084e-01
5.762055857462869968e-01
3.047821486183451278e-01
1.515782806244169584e-02
2.744124861724471856e-02
6.903296236059867086e-01
6.186984338206497069e-01
1.037356980621014363e-01
4.140791795733210490e-02
2.711011105196690484e-03
3.468502886906491001e-02
5.449531941673909641e-01
1.914607238953853208e-01
1.198089021776107821e-01
1.436035988013009967e-01
1.004169838847932816e-01
3.616919482783879092e-01
7.166919949682040714e-02
7.188458863436447688e-02
2.232481364310215100e-01
3.021406370325176449e-01
1.194351631778031581e-01
6.748890702561016752e-02
6.054903131215179368e-02
1.177110482877392200e-01
5.426200530861719634e-02
1.977832673552972279e-02
3.827971151378942172e-01
4.035583376575864745e-01
1.024243152106221917e-02
2.225789164041920287e-01
9.019342303539709116e-01
1.346806394526131601e-01
1.890006964127914912e-01
1.782312095969228460e-01
3.046497940148563677e-01
3.220226787957967962e-02
5.319662327555733233e-02
4.873479727784496562e-01
1.213375405178550304e-01
1.492574686168954834e-01
1.807870042796901888e-01
6.850714595419759023e-01
2.124763478732946409e-01
2.493163855661526540e-01
3.083107946495866059e-01
7.304374976004238684e-01
1.807535097553715775e-01
4.456567478291845741e-01
4.488986368563459978e-02
1.284071746704663619e-01
8.677162612506526818e-02
1.237345520077430816e-01
4.224701557974773480e-02
1.068084250160447723e+00
1.955180958087546772e+00
1.395203701021016374e-01
8.595324920930542956e-02
4.412169793427888065e-01
1.416131059338586184e-01
1.010164081664247926e-01
1.453458491285379850e-01
5.138087667782186702e-02
1.462499073621684187e-01
3.825593438769527288e-01
2.010152119953463323e+00
6.861130493876331782e-01
8.365987479596087573e-02
1.382345221542479186e-01
8.920295497254222550e-01
1.749249022098638140e-02
2.603942242258061937e-02
1.864038640559918525e-01
9.671636465282569539e-02
7.849865196085273333e-02
6.698910388605554267e-02
5.872836699099251434e-02
4.825825132384178873e-01
4.753721886601799951e-02
1.612871379623518481e-02
2.458589594766270314e-01
7.804145627225939075e-02
4.519726594610819215e-02
4.951879162883360053e+00
1.703716335125355363e-01
6.800156474358191871e-02
9.251168118014847508e-01
6.473231090920920916e-02
2.682119888507787930e-01
1.164385251782768194e+00
7.577908017459192291e-02
3.932546818930239274e-01
3.453326692938993858e-01
4.807364969211064265e-02
1.909054940621368601e-01
2.416385007510518657e-01
2.338003671036764097e-01
1.216107842906728048e-02
2.294033856754279732e+00
4.081499514110261129e-01
1.258582543401523257e-01
1.113785757509246493e-01
3.694770315550982565e-01
3.978177030164400246e-02
8.762616083512458909e-02
8.610731128670180354e-03
1.143440809233075006e-01
8.155044034610343939e-02
3.209926426043512304e-01
1.153561017979339853e+00
3.561927243077025323e-02
3.991870993858998573e-01
8.514562557017435473e-02
3.692696273303532339e-01
9.819428102973747075e-02
6.131395765956836330e-01
1.160363379195875760e-01
4.174807635981993281e-02
6.320081134142058188e-02
9.968160007039021664e-02
5.842452272447892087e-02
2.497227102264510182e-02
9.778697758953751595e-01
2.716013471241362498e-01
1.472076938141129478e-02
1.121602279130917701e-01
5.154356700977069661e-01
5.811050619807587303e-01
1.358369566781353621e-01
9.264659913497919411e-03
5.319847716677900129e-02
2.497080096925430315e-02
6.510053993593772903e-02
6.126885919125040630e-02
1.903305464310929840e-01
1.951484870730413601e-01
1.828362081535895300e-01
1.136526705048847008e-01
3.715008567416431817e-01
1.517020480411500893e-01
1.564750965407644689e-01
2.476424187633257112e-01
6.715372071719027947e-01
5.549535288538828270e-01
6.059512072802011873e-02
1.556283074641542086e-01
5.487192341120414874e-01
1.591432844211821962e-01
4.105285417113929691e-01
4.165336862024590636e-01
2.053852203266110510e-01
5.446609919953264434e-03
3.421800272772509977e-01
1.115685343177123673e-01
1.350302681622057577e-01
1.776353064663350467e-01
3.061816012600236392e-01
1.139100126253801692e-01
3.420068071099743312e-01
2.685133224222539111e-02
3.429534697016284328e-02
1.735878044464531644e-01
3.038419126266574954e-01
8.057942315274982392e-02
8.269565271766123882e-01
1.701412899573694071e-02
4.555589868155988931e-02
6.516136044919881853e-02
3.652124125917423358e-02
6.350670708125852326e-02
2.745253508651617214e-01
1.941700767554973284e-01
1.046037619771773119e+00
1.081532501104728733e-01
1.372164634141984363e-01
6.445279670448597620e-02
6.067821841525804921e-02
2.064494176071067777e-01
1.038853159021416520e-02
1.725304677122804775e-02
8.907318253087642690e-01
5.117425614875845130e-02
1.241628224333960195e-01
5.532825550867460918e-02
9.465914174951678417e-02
1.659717212986125956e-01
1.616616377851619601e+00
3.009285262064821387e-01
1.151480777591646493e-01
1.197584531146009823e+00
2.129554605804745149e-01
2.216238103289298600e+00
2.543200664115521370e-01
1.231332342467082730e-02
1.970698168923709914e-01
4.093751238841030621e-02
6.736225361633120350e-03
1.039789285653875371e-02
1.314374790909244861e-01
1.335785440755306031e-01
2.593257118121547466e-01
6.857307855353521331e-02
3.281758200326538311e-01
3.347437037922985081e-01
3.470166140496184770e-01
4.203214253911774501e-02
1.667378644676913435e-01
1.057332554704963623e-01
4.499601517150333407e-01
2.013569753267991924e+00
1.686734723522095511e-02
1.091944791515639807e-01
7.846120870911500733e-02
5.041557771086568884e-02
1.949458400477075692e-01
4.950428585006543848e-03
2.175256463369725779e+00
8.150875267937492119e-02
2.613034703667272210e-02
3.125791777411780492e-01
4.032887810288802999e-02
4.610883642960858508e-01
1.811361762948856258e-01
3.582031869331581131e-01
1.645747187275693746e-02
1.858379483730489279e-02
1.501678539850631877e-01
9.286889955296627752e-01
7.693660930419335409e-02
2.652376365210084574e-01
7.047640678306775486e-02
5.975975949954819288e-01
1.033371215458679382e-01
1.855696767751410237e-01
8.434130480561552456e-01
6.046254454256869831e-02
5.323059413807378348e-01
3.580820966469342448e-01
3.591205125956561162e+00
1.899112555741586106e-01
2.228506816661651735e-01
3.518232262907117769e-01
2.156467244276903950e-01
2.865855064015542311e-02
4.425636543883922913e-01
2.071630794436658471e-03
1.718226739952090076e-01
1.666298316959679837e-01
2.925553745100395453e-01
3.297200652300575352e-01
1.276429666661719642e+00
1.442916710259470880e-01
5.213350732697630274e-02
1.927496717688202965e-01
5.933670277618172118e-02
3.021062146085459754e-01
2.533119299164202087e-01
7.787371925074190737e-02
1.032680510360050041e-01
3.046119758048352333e-01
3.327250016144384648e-01
1.028992941259142258e-01
3.895138112212839787e-01
2.702565276228354185e-01
1.351294171821104673e-01
1.497281249593912511e-01
1.500630683082518346e-01
1.181468757761849453e+00
2.259206842089788170e-01
6.304981530270851176e-01
