5.848296582630583273e-01
7.303586222619156132e-01
4.363321801546842793e-01
6.005893660162118231e-01
5.160188554293502206e-01
7.227144723876877119e-01
5.316914105573170568e-01
3.973602247666518927e-01
4.177613658991576884e-01
7.439575399474489537e-01
9.299571621069127048e-01
6.088317320054662529e-01
4.162705583404437415e-01
3.980412639702696209e-01
3.374187413603613739e-01
5.810001514155130886e-01
6.107716161648116815e-01
7.040425692347322961e-01
5.152045023714967309e-01
3.531673959195524848e-01
6.633056429309169832e-01
6.657665899450185831e-01
9.128798850788172325e-01
4.165583232765373012e-01
5.066586805021838780e-01
4.056638494556591423e-01
7.507493283332261624e-01
3.434950476623499505e-01
3.514361016321403963e-01
5.180481221787818225e-01
8.246519585030364086e-01
5.986593114943346006e-01
6.156905327245592030e-01
3.354270103637619349e-01
3.717664875538450042e-01
3.776098186397918166e-01
3.218413411523053935e-01
6.279937438984546372e-01
3.574487987247814691e-01
8.128092732763340100e-01
6.959396871320024935e-01
8.417324987735643749e-01
7.275604511966483612e-01
8.567611624191454611e-01
5.205269877326621497e-01
7.580829094581369443e-01
3.586448625584165439e-01
5.229326430558656202e-01
7.089467190520618578e-01
5.765958916331036521e-01
4.686419486707995019e-01
7.836689292574826604e-01
5.011798329227176163e-01
8.924778650234157507e-01
3.566678713555587743e-01
5.644367473256678425e-01
8.940513986651340561e-01
3.385671100666072797e-01
4.286560194507168520e-01
5.002168075176751660e-01
9.129329269070149966e-01
7.824009846999472328e-01
7.565686922452787844e-01
6.126218592858855283e-01
5.726279930168420851e-01
5.246609060418225834e-01
9.569840626164406450e-01
4.581054965674083435e-01
5.722201060423034447e-01
4.494338463348523938e-01
3.504623989877903578e-01
9.976746348610928683e-01
6.633088445777554076e-01
4.665176878851856612e-01
5.569621149005820060e-01
4.842444834081072735e-01
5.757465754520125767e-01
5.237212235219509404e-01
9.418621770597712661e-01
7.295900894481628374e-01
4.254894927397842586e-01
9.269646509434352755e-01
7.358770767720693717e-01
4.058450353131436428e-01
5.938054239952190727e-01
3.476063082950778815e-01
3.855209633649249179e-01
5.534909815569548641e-01
6.287295187312771372e-01
4.290668949399883969e-01
3.218413411523053935e-01
8.018231426954232077e-01
3.491721282011854832e-01
7.257736227069195856e-01
5.873802769395188861e-01
4.272128934581654325e-01
9.454877878322327511e-01
5.763176121851396605e-01
7.453486102340605157e-01
6.437341473153320726e-01
5.391980019746414055e-01
4.730566110729116924e-01
4.762550676714261133e-01
5.664970531847829394e-01
7.958439047054538529e-01
8.878801293254749982e-01
3.759973928575270352e-01
6.316278955880232360e-01
3.644281742249585454e-01
5.679858433635224246e-01
5.325353025992245470e-01
6.487900249417192233e-01
4.217268155923813988e-01
5.058102766969907460e-01
3.869194062464279549e-01
8.520378111584511194e-01
7.211163339477498768e-01
7.313125943775518056e-01
8.226381322510191163e-01
7.100244453624572349e-01
6.585525151647877440e-01
4.856494500118122559e-01
3.645740286762103599e-01
9.668597992322454093e-01
5.743295105761546671e-01
3.259507190000686672e-01
6.195237528424479834e-01
4.845089761473848067e-01
6.869930394719713229e-01
9.427546567005296030e-01
3.261754272318134196e-01
7.390725307853631687e-01
3.672676673565639094e-01
4.769151782810422957e-01
4.675862339348640928e-01
4.011614321298440089e-01
3.881417720901437218e-01
3.924656324595350299e-01
4.681895324629957722e-01
9.088641175155506291e-01
6.492727715105881536e-01
5.530602787219085492e-01
9.364132192224762230e-01
3.917931779425040673e-01
9.741231355643531487e-01
8.154879743417565718e-01
3.571568105275690908e-01
6.087653392910863381e-01
9.033272133288843264e-01
3.839144743286959649e-01
6.132625775812459157e-01
4.752989791503680062e-01
3.340943485217052755e-01
8.475500389259219558e-01
6.096810534799175230e-01
8.844599131350349142e-01
7.900457569409542469e-01
3.766821848507171389e-01
5.658889206534345462e-01
3.606079854885907987e-01
4.917814389528626928e-01
5.856707625264789829e-01
3.873330567274784753e-01
3.938755016676047660e-01
8.006282825345676368e-01
5.554400288080664216e-01
5.443283500960810484e-01
4.689912956131359056e-01
9.374455780956387763e-01
8.584029857730338664e-01
5.732716956757735183e-01
3.218413411523053935e-01
8.180717138938220501e-01
8.725096888433385711e-01
4.532988080405327969e-01
4.151578538373424387e-01
4.155144475862104780e-01
3.899444330720021057e-01
7.315548558659009659e-01
4.285192703564505989e-01
8.595871482392078988e-01
7.968617109642822660e-01
6.809980393788325204e-01
4.040995861204193518e-01
4.810396512828640780e-01
5.234422627575153752e-01
7.454085552280401705e-01
4.973037647477613898e-01
4.085446432066525690e-01
9.165324551725283486e-01
6.251162414808090206e-01
4.410874012364564001e-01
6.322231773865027993e-01
3.842659277276067042e-01
8.947223753594319984e-01
8.202413386532718675e-01
6.966788151176978028e-01
9.638445137229169069e-01
4.412534656122636401e-01
4.268430354183193609e-01
6.287669329241604155e-01
3.465477314429366018e-01
3.389869521800680241e-01
7.491520435261603827e-01
4.717533739999924536e-01
8.403609659021846756e-01
6.087074221592004841e-01
6.835693628125005805e-01
4.987669014090824193e-01
3.218413411523053935e-01
4.568173089945121723e-01
6.932434888283908192e-01
3.712713507227307086e-01
5.378849662130856801e-01
6.657205159620240842e-01
4.953984546940571332e-01
7.297586353385423497e-01
3.755386407502491197e-01
3.649123724026307469e-01
7.569576559879405142e-01
4.512265350374421446e-01
3.788302203879184149e-01
9.294880273778517443e-01
6.039866662928250474e-01
3.711015114592938202e-01
4.111553722705839631e-01
3.296447186489511183e-01
7.813899658053927721e-01
7.266757523302042054e-01
7.677741234527278857e-01
5.277118947681987970e-01
4.434889646083922110e-01
4.110483977101436759e-01
3.218413411523053935e-01
9.158070599972678583e-01
5.917354270047813225e-01
7.685250786080264351e-01
9.280548844288410981e-01
5.267124190366816450e-01
6.705965752928887413e-01
3.363239087274338956e-01
9.286624881998716274e-01
3.347755151586145339e-01
4.126370862628236380e-01
6.286741963305070291e-01
6.817832118150360943e-01
3.556203122348775003e-01
5.117535905727667034e-01
8.137089521820185523e-01
5.630273140567176871e-01
3.839860985308865549e-01
9.604293007358289946e-01
3.649125331943550155e-01
3.296109685857661620e-01
8.346131205487079541e-01
7.786006673317283910e-01
4.626821390206075080e-01
5.426458715748794237e-01
3.927199631306824146e-01
5.035193559789529205e-01
4.884176773980312691e-01
4.818143434812148240e-01
3.457912268133160327e-01
4.082306481532370634e-01
9.719381403601026204e-01
4.986787297935699192e-01
7.518722266627203554e-01
9.027283589717418621e-01
7.696323974937516743e-01
4.434453312680610715e-01
4.370085537398478159e-01
7.525877551422344158e-01
7.537789180845144710e-01
4.699928659537281339e-01
8.470850908126402734e-01
8.835299216434437941e-01
8.355328641868681183e-01
3.517844800495328883e-01
7.638443164627629622e-01
3.365660056151456025e-01
9.062743481185913108e-01
7.361158856486346158e-01
7.761633536086511853e-01
5.777555668399102506e-01
5.889174111029401582e-01
8.986514561763144782e-01
4.284053198667232554e-01
3.681580604015566305e-01
5.985996392455505966e-01
4.292489424812669929e-01
4.813288261056721806e-01
3.962070683257967185e-01
3.961044838149013203e-01
7.295159574731572283e-01
6.144931923017572517e-01
6.922637236109774328e-01
8.457116405665037195e-01
9.012065866114377100e-01
8.872644570540338949e-01
3.617904165472016764e-01
5.426429000087280574e-01
9.680836172186253474e-01
4.184927555179072667e-01
6.699328664741768247e-01
8.609301071356244561e-01
3.218413411523053935e-01
4.903301451750839979e-01
8.183845175445321196e-01
9.718268353157943906e-01
3.839189601254405781e-01
4.353652274254042331e-01
3.218413411523053935e-01
5.057502982766836075e-01
9.720686546260661753e-01
6.971090383170204241e-01
7.673009359214209013e-01
5.653903579008331404e-01
3.582350526595671769e-01
6.678727354039578623e-01
7.139953277930293218e-01
7.429566435986536543e-01
3.955931491706897174e-01
4.129349826902255494e-01
4.197289934153290991e-01
9.511945913837425159e-01
3.606424506851623746e-01
4.205493184549439212e-01
7.788236697263333230e-01
5.860818621796455297e-01
7.021278623994515744e-01
7.200556435250085041e-01
4.958676905849904726e-01
5.136682790875808369e-01
3.303497056101157292e-01
9.060090488553275145e-01
8.568102455919081040e-01
4.286970208385560976e-01
5.215347094383412374e-01
4.562716902571946065e-01
3.311627363689765291e-01
4.219440409456114982e-01
5.321173681404551825e-01
3.218413411523053935e-01
4.919933112667932984e-01
4.122078999548973721e-01
9.839555672932729369e-01
8.599941079501224328e-01
3.826025264383007829e-01
9.407982300600649106e-01
9.820936316622361772e-01
4.806995290442758195e-01
6.833747312818618802e-01
5.381336460382850628e-01
8.053107973816052700e-01
7.921637546494415538e-01
5.256811056137093985e-01
7.349591252454653612e-01
4.680097710164179969e-01
4.417471044103553068e-01
6.105609477656004369e-01
9.045165341372960466e-01
3.862424921935190825e-01
5.868620393574585092e-01
3.791710640506041341e-01
5.709359367474424740e-01
7.797080152546709275e-01
8.985411923295697489e-01
5.130513681672337345e-01
4.434595176289594654e-01
3.999632840350945129e-01
4.410766507216264953e-01
4.534279743564996745e-01
4.146254326884360464e-01
6.472274645504590973e-01
5.818849412948842170e-01
6.121565345669958136e-01
5.253555828656182314e-01
9.439317114439735867e-01
6.155771824105435996e-01
6.277359842313906535e-01
7.092344680115705291e-01
5.842463008796191515e-01
5.309398470312247653e-01
5.783760985948587230e-01
5.196003205729975427e-01
3.596191506291118167e-01
7.177635842286111956e-01
7.128845873183093929e-01
5.801876551996896225e-01
8.001251868318387528e-01
9.426136784711326433e-01
3.756879679662620819e-01
4.162739529456341292e-01
5.300753357206775540e-01
7.688928811771460481e-01
6.262363667835545433e-01
8.681321165731551437e-01
8.616355933625621244e-01
6.347470852336795089e-01
8.346305674067360236e-01
8.145437341910669593e-01
9.151985132433395620e-01
8.500954654496488683e-01
8.009874102692885467e-01
6.048650291436212800e-01
5.410431506054032003e-01
5.022900496167672646e-01
4.242258659795170028e-01
3.218413411523053935e-01
7.559921654345507225e-01
3.218413411523053935e-01
5.362331456500436522e-01
5.346121277206808964e-01
3.475876742057483759e-01
7.474045148408098305e-01
6.496926172934794907e-01
5.838589098814133127e-01
8.517673224319737280e-01
9.081150852796576745e-01
4.970588545331763308e-01
7.048889153337264402e-01
6.578661773428771120e-01
7.086892114992958680e-01
6.251194625326151888e-01
4.144368751913718452e-01
9.052777572330060751e-01
7.764324882424987750e-01
4.651827464326769301e-01
3.518294939924416775e-01
9.190741227340646358e-01
8.226752181304625156e-01
3.270136486450865299e-01
6.066235115409327472e-01
3.248841957182597717e-01
4.029725529819472851e-01
3.218413411523053935e-01
3.218413411523053935e-01
7.519362103608672188e-01
7.549020575293865498e-01
3.827854814523313220e-01
9.404088966174805053e-01
9.518627623679507543e-01
9.301187469519266449e-01
5.746131484297224423e-01
3.617851591374172671e-01
6.386927626638322364e-01
4.528193703068084663e-01
4.785371569914059764e-01
5.985927608874348493e-01
7.307786763366854732e-01
4.376453659275451047e-01
4.527160573101072782e-01
3.854524576431486160e-01
5.005878671280137304e-01
3.374748292422520834e-01
4.249619490745665806e-01
8.011472782608964893e-01
4.454661677006424014e-01
6.065789371485439396e-01
6.853086047819769711e-01
9.209284873895209333e-01
5.200753812998132330e-01
8.347708848162920248e-01
3.218413411523053935e-01
6.159550648217057001e-01
4.197543154508885932e-01
5.327396106684664234e-01
3.280340827020711281e-01
4.938839149644456139e-01
3.898434663973419645e-01
4.105953493280110056e-01
5.404853587738693843e-01
6.685769241639851757e-01
3.274344685275258904e-01
4.984172653505297701e-01
3.952506882459398407e-01
3.614225203587062563e-01
4.085239524614093787e-01
3.729392637836507762e-01
8.509943427357574697e-01
3.996304313905592598e-01
4.308825545147476066e-01
4.561863850124157072e-01
8.117613570630333175e-01
4.903536526381608307e-01
5.104853819588897057e-01
4.232224584750128860e-01
8.852634054313360812e-01
3.990734146801221405e-01
9.307829795750311996e-01
3.218413411523053935e-01
4.124843236404935332e-01
6.992445451978120952e-01
3.537528941264043159e-01
4.172758794297506402e-01
3.856976261850898480e-01
3.628709420986744316e-01
8.000790063059535218e-01
3.880860216176734157e-01
6.675899978928401257e-01
6.323942434244727018e-01
6.696043012509305115e-01
5.211794932963254023e-01
3.767441050702851069e-01
3.969937896917633546e-01
7.816198584948630401e-01
9.166369653676129658e-01
5.165779609110229265e-01
5.078156686988729573e-01
7.999098260584562858e-01
6.975467346117290024e-01
4.728960967619581512e-01
7.054362184125612112e-01
5.081495567744758191e-01
8.988578798352460097e-01
4.866936295829990544e-01
4.447308144047656397e-01
9.471586304487267238e-01
8.899362600794068490e-01
8.996140466300069916e-01
5.517084073039183467e-01
3.703666808632427032e-01
9.813049341301125494e-01
7.500595209670753993e-01
3.498455753446039762e-01
6.082657608906453239e-01
4.368676040753147194e-01
3.218413411523053935e-01
8.246625253128156974e-01
4.987708816689924718e-01
4.158234012180973549e-01
8.895267494781965434e-01
8.382578781392379108e-01
9.729265776572240121e-01
3.311205131108644895e-01
7.950462160814826262e-01
8.895887596177604051e-01
3.680697706893689136e-01
5.318182414337654373e-01
3.407469804977983907e-01
5.579748306768868016e-01
5.232989584580953757e-01
3.630182222083641053e-01
3.218413411523053935e-01
4.198107949566982633e-01
9.193765770765168766e-01
7.665768032030562118e-01
5.052784977009409095e-01
8.981967537852696415e-01
6.827385562987764445e-01
6.983846554624701941e-01
7.534624060408517954e-01
9.354619936795527391e-01
4.992008145716966272e-01
9.515066216346705907e-01
9.044650081961606025e-01
9.058874944019310593e-01
5.718158486018878328e-01
4.993036105419247361e-01
7.656348536091170942e-01
8.828635899016271660e-01
4.101048942117029306e-01
7.567027039075515660e-01
6.560783231201905430e-01
3.331400341969291135e-01
5.105802878514013043e-01
4.378637762546599976e-01
4.207412360166300491e-01
3.553232011570182647e-01
7.893013114120815965e-01
6.696610562747078443e-01
5.586644501197699508e-01
4.242779933722677921e-01
4.862174889936240474e-01
5.326867660211173083e-01
3.699079622105798659e-01
8.269731684662952054e-01
4.489264174006739605e-01
6.045280424226217031e-01
7.328873381057644520e-01
4.175987299719423618e-01
6.040569411593955662e-01
7.583248932908419615e-01
3.243714783380383104e-01
3.447249159236195348e-01
6.056848123603552070e-01
7.494062621698015514e-01
5.286984475487468416e-01
4.046554982219051078e-01
7.544157143294697443e-01
8.580561170752760702e-01
5.565249179672941970e-01
3.333519398981755755e-01
5.832044247399927883e-01
7.057044060951966902e-01
8.467572819133362128e-01
9.430038371262782215e-01
6.629138059822519136e-01
9.667313335387653916e-01
9.955665434864261476e-01
8.284190346066773181e-01
3.481192487721839757e-01
3.852374514603477129e-01
3.790737608630794231e-01
9.259124450061138045e-01
8.887923803081846374e-01
8.980000338234697121e-01
5.816371544033897001e-01
5.372928273291367463e-01
3.800142005757969343e-01
5.005602250567562361e-01
6.065906953909075972e-01
5.049739657811230797e-01
9.444066748118340460e-01
6.372143760431950854e-01
3.218413411523053935e-01
4.701158875587513886e-01
9.444781675924690534e-01
4.089889069447584236e-01
7.013844782332305794e-01
6.675442457884569469e-01
6.791520542831347429e-01
4.710363579151380931e-01
4.060577630121705583e-01
3.792704356465974591e-01
3.711239229894206515e-01
4.812316119816580362e-01
6.375151024763905383e-01
9.762729075830793857e-01
5.761734986378602708e-01
3.218413411523053935e-01
9.737848492842474668e-01
5.648846680698682565e-01
7.169760738076761397e-01
7.738862880106800457e-01
9.460186068119353919e-01
7.948791601004123741e-01
3.586153138913873439e-01
6.332008745950714612e-01
8.976970478292091160e-01
3.218413411523053935e-01
8.488982397829345494e-01
5.253415028481065452e-01
8.811972544973049049e-01
8.026074624283041636e-01
9.063006043518890831e-01
8.508867541273354984e-01
3.624962145979111483e-01
7.874568473184957451e-01
8.503255571347853037e-01
4.519178635675845657e-01
9.355294822513704478e-01
6.026156604953634144e-01
4.450030895287045429e-01
6.354437751339298002e-01
3.272206055967020744e-01
3.243940368959483678e-01
6.109933695367607553e-01
5.066685979094999182e-01
5.891873425567536460e-01
3.219832095431685581e-01
5.674683385527721224e-01
4.148835857155542262e-01
6.757573374456351534e-01
3.218413411523053935e-01
9.239272946900239925e-01
8.431698320588943973e-01
5.485292543540480903e-01
5.611388787247533205e-01
6.402650000010191578e-01
4.165061929027477072e-01
3.260257884193676348e-01
7.372806960051597747e-01
6.333941995146586956e-01
5.155025774164465613e-01
5.419783002879571265e-01
8.199729532380904962e-01
4.032293022258090498e-01
3.858358336192602711e-01
9.038059640948787887e-01
4.999082646452817635e-01
3.854340685056250049e-01
4.566074581017027234e-01
6.062369443733560681e-01
4.098546583639502972e-01
4.210068138133372107e-01
7.909952851016892605e-01
8.401105804625091933e-01
8.538802306743842330e-01
7.356990257483292384e-01
4.674371178695753692e-01
3.218413411523053935e-01
5.032454172876280607e-01
5.675996685192971070e-01
7.893795495424841269e-01
8.347652250363174486e-01
8.913735812692630267e-01
3.331847532561767466e-01
3.588003962784444556e-01
7.514088479816239952e-01
8.027331622466626904e-01
8.395452000717664731e-01
5.567156296254147652e-01
3.477584833498459371e-01
3.897302264919610959e-01
6.498307516452317412e-01
5.506222540900699292e-01
5.491736658357816436e-01
7.512788695514212023e-01
8.272128218529345434e-01
7.460452186636755689e-01
6.034864363788934316e-01
4.269605276577112529e-01
5.735556664938031846e-01
4.343784455922198862e-01
6.200674851437651958e-01
4.665187711265938453e-01
5.604556230312214282e-01
9.373276652770852202e-01
6.578877120767442355e-01
8.656049831316539045e-01
5.594177173881695886e-01
3.740364171978494134e-01
8.138166102672725888e-01
7.397167024188484596e-01
7.055362765734443098e-01
5.429205288691666409e-01
4.860347094853043060e-01
5.104036483805242108e-01
5.952447977117115707e-01
7.539840043965102545e-01
5.456495946824215793e-01
4.924491358158196719e-01
3.269265377631760394e-01
5.717627103106758257e-01
5.859813620851316296e-01
7.378119275704673186e-01
9.533409268808374915e-01
6.541898084358211962e-01
4.599125401098400623e-01
5.453176182742048850e-01
4.576037221469012040e-01
4.828111696475153591e-01
4.799734384746564553e-01
7.194433435600158244e-01
7.467575595581393832e-01
5.766996390461339717e-01
7.248799812132333820e-01
7.573717114819947804e-01
6.610705172316924116e-01
4.129221233119678702e-01
7.089633821826627491e-01
6.643615113004439632e-01
5.843346201133274853e-01
9.581063739360665688e-01
4.500569156318465214e-01
3.218413411523053935e-01
5.135338036597765221e-01
9.211203870066153598e-01
7.559841461512138983e-01
8.975316061532961909e-01
5.096046687553777987e-01
4.108695368145978133e-01
9.019719135882509065e-01
3.333440360368092881e-01
6.405784253396217265e-01
5.007666030105123456e-01
3.287201009186084821e-01
4.830144146189087051e-01
9.730508845800220907e-01
3.774552813880744928e-01
5.095286389589478437e-01
5.796629505894548284e-01
9.099781700450262356e-01
5.773727679346197794e-01
4.981799349044409020e-01
3.521984125058760240e-01
7.468284352246440383e-01
7.112506243475275047e-01
4.131027758994645915e-01
3.800913215283192037e-01
6.708031215622691779e-01
3.590901998289910968e-01
9.678228497747050074e-01
4.982646131901738995e-01
4.957860371308820957e-01
3.286325956530170567e-01
4.895230367324452381e-01
5.104788950664410629e-01
6.812178564293972505e-01
3.410542281071745063e-01
5.452419933492135273e-01
4.164348192005923321e-01
5.190870449521098884e-01
5.284918905746802675e-01
3.218413411523053935e-01
4.122011426234535314e-01
9.140747411411146439e-01
3.924983298167201706e-01
7.471621073677900959e-01
9.812904742023966786e-01
6.718270410657801728e-01
3.385461705448164493e-01
7.307459612690122563e-01
7.220123798782154267e-01
6.695718288401408813e-01
5.136700442501251906e-01
5.288259185101038540e-01
7.804002433848392650e-01
3.941160259948079947e-01
5.011289450320116634e-01
4.539988733070480786e-01
5.813495877318604066e-01
5.357936556879610013e-01
9.621311482583349006e-01
8.271653404969672163e-01
5.750611407319894397e-01
5.287183605873140291e-01
9.175586721780299992e-01
3.336687362945847113e-01
3.218413411523053935e-01
9.569387962165074590e-01
3.218413411523053935e-01
3.908613108012113369e-01
9.802703499499161310e-01
4.592958414085391849e-01
8.168601091193643526e-01
6.104549945682393730e-01
4.248592704103016371e-01
9.143515034613154402e-01
3.701285893373906788e-01
5.991164320517963215e-01
4.033241930963848976e-01
3.635021595952760975e-01
7.611021894249204722e-01
3.830417286916687480e-01
3.460192995251372139e-01
7.365445040449657421e-01
8.696904977729429387e-01
5.365795735635209285e-01
3.490433030513487300e-01
5.943272767914318244e-01
5.266705691751736307e-01
8.555430252201224883e-01
4.314267858549671875e-01
5.995874323256710214e-01
3.940773538329288561e-01
6.274652384840059272e-01
7.574289803541941479e-01
4.644394575689430593e-01
4.224636992321151308e-01
7.051568639867414889e-01
5.116757648283399851e-01
7.955365633508348910e-01
9.149174672491906524e-01
6.167487229445584029e-01
6.886495373003009846e-01
5.871673483068399202e-01
6.134678439908896053e-01
9.517971445130027908e-01
3.422378973453376050e-01
6.544232462912961124e-01
5.211812452716340083e-01
4.221174438107391236e-01
9.744016272168833925e-01
9.245478243848384015e-01
8.398522250149015322e-01
6.038600918967084175e-01
9.307178020945567898e-01
3.823801807786945117e-01
7.880915505786088016e-01
6.170799938105189231e-01
3.232906039817273758e-01
6.114859878357651324e-01
4.530131130195570455e-01
7.658732523600578768e-01
9.951152147087262145e-01
8.291524084967830666e-01
4.665914765682533383e-01
4.825203906949196431e-01
5.934874349722291109e-01
8.589561457387775434e-01
4.709698494025768012e-01
6.489422459918504638e-01
4.333529766732265309e-01
8.752981210729370298e-01
5.139762681092387986e-01
7.377441972808662651e-01
6.362997932101804865e-01
6.439773627670561940e-01
9.423293559441896505e-01
3.777313442415838329e-01
4.132398671125537826e-01
3.982501441581546286e-01
5.616850358062069892e-01
4.770081404769389022e-01
4.455207213230730767e-01
4.446712963245371686e-01
8.648203931533129385e-01
9.359919258483104798e-01
5.720323969490971328e-01
4.551654485977611464e-01
7.308779060472453404e-01
4.742800086959532146e-01
7.647721536465081904e-01
4.283629834264717218e-01
6.544130091856985576e-01
6.779718891866837183e-01
5.282981194479139386e-01
4.557662608658997749e-01
3.439215206186044260e-01
5.962986473328033554e-01
4.015201628863837024e-01
6.461871327321311309e-01
6.461682546643596758e-01
5.803503396212981169e-01
8.971518901687699499e-01
7.747961036504352750e-01
4.892596382429332813e-01
4.874575179859356178e-01
3.563908649354626257e-01
9.330681476340471070e-01
3.481856678990696286e-01
3.933207343039781256e-01
4.335092746078854087e-01
3.301306539697517195e-01
8.594699173853804774e-01
7.475465039026939484e-01
5.098799699876679359e-01
3.261182943849265659e-01
9.213971696564785541e-01
6.339312445512489402e-01
4.857994944515813263e-01
5.028016635144938462e-01
5.809088575232780327e-01
4.846431687639588537e-01
5.181789015445906754e-01
3.223655412320221014e-01
9.250927283672678580e-01
7.171951439847839005e-01
4.545835056129460261e-01
6.058226956583901979e-01
6.573568668406154503e-01
6.348320733775466573e-01
9.486126178939259246e-01
5.957055559501283071e-01
4.685870345429722916e-01
8.504642422412815872e-01
5.614042855237617591e-01
7.413122282898108040e-01
4.765638565411473571e-01
4.699997089374421400e-01
4.024458374495603064e-01
6.639084948904631078e-01
3.218413411523053935e-01
6.014818675575934748e-01
3.623200969406247252e-01
7.375288459828079901e-01
4.909731687782112330e-01
4.206731556511184578e-01
4.578068806266379909e-01
6.431899709902174633e-01
8.919785537483451154e-01
8.023778857926942010e-01
5.216682249553622475e-01
7.727668016957726094e-01
3.944506953515420911e-01
6.005029072296765857e-01
5.117354270874439059e-01
7.593770607757649449e-01
4.360301973032635892e-01
3.886295391923429987e-01
7.970088698064407007e-01
7.628494442811152298e-01
3.894511504436129479e-01
5.135018302908906929e-01
9.083626616281473831e-01
3.960305540018184134e-01
3.709678324152165252e-01
3.678196774428486027e-01
3.880205007106778958e-01
3.800807635096609682e-01
3.386045248103146665e-01
5.113058201870043229e-01
4.291558968998614443e-01
5.870752449791587502e-01
9.868373182943925848e-01
8.641310466470175644e-01
4.993738360627871242e-01
8.818275732756695184e-01
5.298156851942700252e-01
7.335366163228356218e-01
5.083789849578549402e-01
4.620079740926321676e-01
3.615529279599595802e-01
4.479761824095064293e-01
3.406956393330342059e-01
3.412634194702454105e-01
3.930630029346974252e-01
7.555299958890516754e-01
3.701010274908493880e-01
6.008059269909575839e-01
5.490435483414960460e-01
3.920083756440007061e-01
3.721403545660811885e-01
7.349460853467357779e-01
3.431352640989862590e-01
4.421742652452615996e-01
9.169741560938587943e-01
3.882049838068260539e-01
4.189410858005366278e-01
5.841937069505585001e-01
6.809889235542050390e-01
5.696446189874370125e-01
9.229070413178502852e-01
4.146497949052480037e-01
9.989941010760671203e-01
4.191011382740362778e-01
4.006363237242925868e-01
9.223414036949147965e-01
3.218413411523053935e-01
6.050635008331740616e-01
5.935490299341816822e-01
4.715980815498883039e-01
9.605464064326925122e-01
3.248544692144073598e-01
8.151013747350621674e-01
4.324152904720542367e-01
6.592444919940144699e-01
9.493453835526212137e-01
3.919205790509836529e-01
6.067699739072852649e-01
3.777048808493892462e-01
5.979326554867430144e-01
4.135815530166793708e-01
5.271983136005011783e-01
7.585179121816434389e-01
5.035344492706684827e-01
6.776499564828190048e-01
6.507120774418899689e-01
3.748110161712458477e-01
3.452233026484046730e-01
7.835424268750037502e-01
7.276326988377392890e-01
5.235317733282661701e-01
5.727621369625964798e-01
3.249455088163580307e-01
5.178074654176969549e-01
3.928986215020430772e-01
4.977599819405049697e-01
7.748214432366681281e-01
8.832597140128812807e-01
8.167582944370792575e-01
6.887545695446609662e-01
3.801187632539531069e-01
8.904538584325845108e-01
4.038919777669210398e-01
7.308393054597083216e-01
3.752934926648078817e-01
9.094137362867668051e-01
8.122715299308735926e-01
6.083755029607502696e-01
6.540635579169310487e-01
3.509593578076291576e-01
7.361971699336642416e-01
6.037189964661258124e-01
3.513736326015883260e-01
8.452730150992920910e-01
7.492462680051792390e-01
9.146369899457177377e-01
6.066308326190058553e-01
4.603993065434771048e-01
7.242329138645366982e-01
7.412229731465449500e-01
5.833197525903421887e-01
5.440390947397739652e-01
7.975401097749397206e-01
5.911653114226510519e-01
3.330023619361316412e-01
6.082189422332181516e-01
6.165025235976397955e-01
5.638430232395987840e-01
9.453237994983511028e-01
9.618830509448592636e-01
6.112736954959492319e-01
9.586052347831843790e-01
9.713024179413686232e-01
6.042128878097888789e-01
4.083118614738502350e-01
8.611194902597086864e-01
8.230078639481731573e-01
8.900894016165133982e-01
9.484798125259954471e-01
7.962864729860706925e-01
3.218413411523053935e-01
4.471423538520760133e-01
9.213387261955904295e-01
7.660289422795572012e-01
6.397071498215459728e-01
7.391236062690926811e-01
6.798711498665298558e-01
9.110562833906223901e-01
8.395254620416900959e-01
4.797032671392210679e-01
4.606846922179431147e-01
8.908183709605239642e-01
3.473345914901898035e-01
3.218413411523053935e-01
3.765772983114420436e-01
5.587694920444413738e-01
4.706071082508985759e-01
7.986424911741917265e-01
6.600924481979671965e-01
8.920827757493557941e-01
9.287442907752295751e-01
7.968783290625446325e-01
3.599778893652897938e-01
4.385748819417753519e-01
6.114553142790929430e-01
8.804381205295129798e-01
8.574283799754659485e-01
3.865741085303912028e-01
9.691448218890852395e-01
3.937608298823626063e-01
5.165580222860971515e-01
6.359150858902801184e-01
5.273581762818402296e-01
4.362424514437752143e-01
6.890508193656510461e-01
3.218413411523053935e-01
4.382606695311701550e-01
4.723534268611878084e-01
7.399826799460580418e-01
8.613268536439522283e-01
5.783431250766742915e-01
7.857870513748074215e-01
5.902175964786766649e-01
5.674406399226766817e-01
7.922331673766329629e-01
5.273942015930380700e-01
7.886078728080905265e-01
3.561831774543341989e-01
8.314100683339388231e-01
9.745817566631580497e-01
6.340116958196111430e-01
8.119624439509315339e-01
6.071985204646095369e-01
3.415218229192377164e-01
5.421566406845260699e-01
8.945611624201761369e-01
6.015579745358821118e-01
5.367257900760037392e-01
5.059793731224603297e-01
5.004089703730723038e-01
3.490871366537033893e-01
6.426776188074442286e-01
5.996341239202057638e-01
6.200605350664977200e-01
6.932969397596424610e-01
6.570192590559821300e-01
8.907098532422276227e-01
3.253675270014257936e-01
3.694288475360020807e-01
5.197843502030911056e-01
5.530286357872875591e-01
4.524674977721803715e-01
3.841455150153086917e-01
3.762828711958318695e-01
7.158040904367675150e-01
7.933964547419797286e-01
4.170770202141707017e-01
5.809286619507819660e-01
4.926748694632524517e-01
7.237093764752811076e-01
4.851613854856303698e-01
6.884772264075533776e-01
7.396881666276908796e-01
8.409828912690755498e-01
7.259116023491963832e-01
8.462664282505432123e-01
6.946636996268807929e-01
8.599787678306740624e-01
3.935274059845618178e-01
4.977138392391505795e-01
3.801511578549050530e-01
4.990698369765097508e-01
3.796547129456073755e-01
6.102223883195546650e-01
8.842417758812187722e-01
8.897836115154115211e-01
5.447070981028765413e-01
4.224637586022486069e-01
8.209886732492837069e-01
7.834623795630719645e-01
3.978686584242286384e-01
5.968651594985581177e-01
3.371435844553844485e-01
3.218413411523053935e-01
8.536311209075144735e-01
5.225259632335184090e-01
4.639350876087094400e-01
7.598307241714956639e-01
8.048911163230811905e-01
4.650619153523896099e-01
3.459624261876818041e-01
9.976942918750635325e-01
9.908445316219057775e-01
5.392983142528451346e-01
6.559104725530456870e-01
8.149310602285423366e-01
3.566968567171916460e-01
7.440061872381066310e-01
7.361114947117664009e-01
9.495651153213714446e-01
4.003214697976584802e-01
6.419439586580570900e-01
7.056929418317482439e-01
7.102929103498877295e-01
5.996983492533393134e-01
4.171402246145981541e-01
7.669527650327744306e-01
3.218413411523053935e-01
4.808713082403763828e-01
4.735902327066991435e-01
5.551877243074005985e-01
8.724741581731695339e-01
8.780396004483257411e-01
8.793390869398243215e-01
8.067098933913783299e-01
3.218413411523053935e-01
8.116530390004628170e-01
8.862917104636116594e-01
5.541206039251500570e-01
5.074738767187753075e-01
3.710317192643476925e-01
7.787234817321003755e-01
3.991771066267729151e-01
3.822290824050464386e-01
6.990136877260455517e-01
7.654203742791575449e-01
6.631386894147671685e-01
4.034282266846881959e-01
7.476796260529956495e-01
4.044719058571187298e-01
6.457545153449016917e-01
7.167662858548989879e-01
9.413733051674895158e-01
4.326086458012738389e-01
7.597981540418116131e-01
8.396974488988723229e-01
4.525108825313373662e-01
6.532452092798283205e-01
7.286562198334887164e-01
9.992926213937677327e-01
5.753432715030131206e-01
7.344963378271605059e-01
7.612550829703427224e-01
6.010603314182259016e-01
8.390293211658601535e-01
4.851009648850578837e-01
4.205506884039048598e-01
6.203626874822498749e-01
3.674557565369646617e-01
3.218413411523053935e-01
6.031632886375414282e-01
8.412178553181084428e-01
6.643467951585452225e-01
4.578527529222937154e-01
8.385043842661678015e-01
6.509165796640583590e-01
3.218413411523053935e-01
3.218413411523053935e-01
5.254282140891815001e-01
6.378269612270882627e-01
3.820265740637077689e-01
7.970650556667177034e-01
3.621921138536537965e-01
3.948093987060644072e-01
4.456325951113556116e-01
4.285362453683335127e-01
3.551772076553852964e-01
3.218413411523053935e-01
9.347024370966158235e-01
8.857642734573010213e-01
9.469514466865522895e-01
6.925662459244272817e-01
8.652285761383472495e-01
3.239505562213131351e-01
5.780826390723647901e-01
4.636803487064100060e-01
7.321308308484260063e-01
8.510387838566721985e-01
5.121088094299993676e-01
6.746503596702997374e-01
4.468158754397652532e-01
7.530644106337360810e-01
8.270528499476152984e-01
8.032790296034822974e-01
8.090364264819532858e-01
3.723037125146982929e-01
3.955139766346112418e-01
7.354450577360450714e-01
7.183405190741073421e-01
8.525114718105970546e-01
7.686250882989776878e-01
5.093217144866707402e-01
5.120572062628437893e-01
8.270849349938168560e-01
4.804448890222044466e-01
4.578777655925551637e-01
8.847259649495957667e-01
3.255477151711231865e-01
8.220830078474793412e-01
6.100624902010082229e-01
7.141906536800132210e-01
3.838688788307033084e-01
4.126114182799591190e-01
8.965254710551434636e-01
4.903995200354501205e-01
4.670273470035062324e-01
7.470430955210898283e-01
6.453929724163751658e-01
5.686748286929480534e-01
3.254721822155969280e-01
6.895029929708617056e-01
6.323485563713012736e-01
8.478853318029244690e-01
8.144512148814048169e-01
3.589330171307490991e-01
3.218413411523053935e-01
9.099707650981628815e-01
3.672766868652074801e-01
9.545379551516717243e-01
6.009682493200823039e-01
8.735500485529558157e-01
7.701212997054650566e-01
4.238779592582169187e-01
5.176413380493960492e-01
4.923083888742447733e-01
5.062675412069322922e-01
3.414166668336678923e-01
7.020406048717722225e-01
6.030608752423370911e-01
8.434577548583140905e-01
4.602262541316763378e-01
3.517017527316385617e-01
5.292009285168610688e-01
8.956922438083327886e-01
9.878486864579827387e-01
5.779834057818024062e-01
7.772551382145261867e-01
4.002936749873214906e-01
8.492553203184014521e-01
9.508743850260588104e-01
7.921419324282128471e-01
5.923955988620817070e-01
6.542056253950915279e-01
4.526989673698203487e-01
7.509716471710908836e-01
6.997266273690582183e-01
8.913684426933132787e-01
7.497797789625709752e-01
3.928697117752137924e-01
3.618083230279870999e-01
7.165648357823520831e-01
7.092840599296434956e-01
4.823635088816873862e-01
3.331665989657858762e-01
4.103004938764331921e-01
5.058223462676624260e-01
4.465348867493259544e-01
6.647286111507089146e-01
6.612982127922925057e-01
9.791082383644905685e-01
7.813111943387317515e-01
3.716437333321443992e-01
4.603046887004272336e-01
3.986782315728694681e-01
4.211070622443588984e-01
5.477973387672893102e-01
4.967811901528371710e-01
6.588944712170703433e-01
8.920688272944780062e-01
4.195650984540480466e-01
3.712578611903653014e-01
3.697390737903918367e-01
3.218413411523053935e-01
3.804214908496864056e-01
3.885971217093465713e-01
5.643628424107434149e-01
5.490843403867108341e-01
5.064647744889243519e-01
3.218413411523053935e-01
4.612475237526302285e-01
9.309028703761066392e-01
6.660528537351724232e-01
6.154635503666757712e-01
7.640895256441075922e-01
6.216567065735594255e-01
4.148797449424437289e-01
5.510334189312922071e-01
4.167267987285670494e-01
7.899591920949763368e-01
4.643310202894400662e-01
7.254558449697825484e-01
3.601320556525536842e-01
7.081192500029349635e-01
4.758093578049962802e-01
9.421309859116463459e-01
5.143302119684360907e-01
6.785385238889624082e-01
4.990263434136517628e-01
5.385432191572633309e-01
6.172844247561414255e-01
7.134072509331498280e-01
4.562109904722859710e-01
8.002231812259069654e-01
3.218413411523053935e-01
4.007678020301302380e-01
7.011176394733007466e-01
4.696879285213022004e-01
6.286799337178768932e-01
9.600092788052049242e-01
5.835055367054072795e-01
8.225764017829426678e-01
9.087432471140073353e-01
4.371347676372493996e-01
9.745813571309768220e-01
6.709259858887131056e-01
3.262345093134477181e-01
3.218413411523053935e-01
7.586970167779161223e-01
5.341772093516388153e-01
9.019531713378033944e-01
3.571292569334795775e-01
4.005810136367742302e-01
7.951703727522623222e-01
3.218413411523053935e-01
3.440032381125109340e-01
7.662991884505786500e-01
9.968939397082143827e-01
8.552249519390313637e-01
9.025411148022128849e-01
5.454007365242306005e-01
5.934601818318134825e-01
5.148642759951992387e-01
5.099358526406089220e-01
3.343018646697393237e-01
3.218413411523053935e-01
8.366550413232032302e-01
8.449803489476843676e-01
4.087104240862725613e-01
4.124005710884455778e-01
5.276535416206896700e-01
3.565916861435353691e-01
6.347635134026472503e-01
5.698281436791087229e-01
3.850025106688108045e-01
3.835064337366175802e-01
8.814823416638095654e-01
5.972503392368077035e-01
6.561333659576733535e-01
6.874574011317812205e-01
7.479684161116714192e-01
6.234701252672349980e-01
3.218413411523053935e-01
4.727998600758537839e-01
9.074021312626009417e-01
4.882666432692896463e-01
4.594348241534574329e-01
7.562568657809075612e-01
4.510759310455686455e-01
3.269866558542433577e-01
5.054445108188505564e-01
8.775702768937342357e-01
3.866142887522640570e-01
9.660389709976897610e-01
7.937986590629462214e-01
5.775597802100795874e-01
8.656322140994047176e-01
5.869031427942268397e-01
7.429761014497188176e-01
3.218413411523053935e-01
7.917438693084301038e-01
4.941609522414855959e-01
3.461240009621436298e-01
4.733046205130767015e-01
4.575372362372935320e-01
5.627627332069670141e-01
3.893081693075255423e-01
7.832686575999178169e-01
6.439894369807941388e-01
6.133736817411462594e-01
6.170569995754326964e-01
6.364893802531944589e-01
4.197255266385775396e-01
5.830126010448546392e-01
4.978457768790144899e-01
9.508781133899550930e-01
5.884706688570882083e-01
5.947900382116969586e-01
5.438820523893095338e-01
3.601016592276172767e-01
4.435551057793531426e-01
5.329450519681334653e-01
4.735278787582294924e-01
8.614779953757778497e-01
3.218413411523053935e-01
7.571006509896819336e-01
6.747977878337934055e-01
6.893873830573309380e-01
6.984731575204782272e-01
5.329293201098678212e-01
4.561439041904554181e-01
5.782028500383988856e-01
3.378162383780889955e-01
3.865449641411234927e-01
9.866215914055288527e-01
7.499631833104646317e-01
5.671678228236618491e-01
4.838157626800508315e-01
5.272820061072591713e-01
5.772784945308271354e-01
3.965651911693099385e-01
8.435167323317458443e-01
7.300029116144015617e-01
8.212454207751385127e-01
8.962128248253198315e-01
5.286419433130634671e-01
5.697021306268591490e-01
8.136691773359732149e-01
7.018400082034506049e-01
7.026458789883840428e-01
3.435244448156896668e-01
6.421741890122240060e-01
4.760111842843540164e-01
7.294068637132253841e-01
3.749246139119601362e-01
7.355660668710706229e-01
3.524465752781864025e-01
5.511001344827369808e-01
3.910187726872205172e-01
6.873975792349862335e-01
6.149076045942385438e-01
4.345674937061415610e-01
8.411992076163895549e-01
5.465411703033545843e-01
6.406257702354491990e-01
6.017418191217362988e-01
7.432581333559414860e-01
8.201187276168602214e-01
9.887662884668705354e-01
3.838269321063517148e-01
3.296594227726207804e-01
5.303264110811930498e-01
9.710887159128140933e-01
3.577080911398796137e-01
5.421491228521431172e-01
6.701739282164080880e-01
8.728531878171407188e-01
5.216282544593140447e-01
3.962640646287646784e-01
4.182033117527870214e-01
4.287592449583324528e-01
5.819596065440831856e-01
8.727534352571317822e-01
6.852407699735445501e-01
3.897400304337266252e-01
5.974333247770765576e-01
6.119400241197662238e-01
6.561732739927259583e-01
9.850521657746634796e-01
9.807298632552763351e-01
6.708785148649571983e-01
3.882558537558715162e-01
6.423680938972818888e-01
5.022871435276980989e-01
5.667410798566907548e-01
5.026329143891355988e-01
8.228636971359508667e-01
5.834138696627934051e-01
7.590920529409773687e-01
3.359681590003393281e-01
6.146774021591082660e-01
3.999102873162859728e-01
6.203820540891240576e-01
9.890697976889282206e-01
3.312247391138862240e-01
5.775997371372446620e-01
3.252815658640322849e-01
8.760745340162342520e-01
7.720388205681786298e-01
5.400763553753814561e-01
5.365169182092246469e-01
3.828040791405553644e-01
9.056859617634662740e-01
6.014212031311377826e-01
9.180185723172795687e-01
5.827764403185952125e-01
4.427085555303675313e-01
7.291619118796909271e-01
6.059231471940225155e-01
7.635345766881495022e-01
5.766471026392400168e-01
4.803954624738346890e-01
6.270296441679956700e-01
4.872726945378056396e-01
8.463250480795112551e-01
7.227913280175024546e-01
9.711423919191842780e-01
8.066844715661340981e-01
7.892097033352524216e-01
6.646672296670685931e-01
3.218413411523053935e-01
5.299292095869165831e-01
5.157573460189502912e-01
9.537262716542623808e-01
9.094692225145355469e-01
5.416771156629446304e-01
4.674003809846115076e-01
9.973029045871374398e-01
3.912585107158833564e-01
4.950545903651047408e-01
4.127917774529595296e-01
5.967760818130909417e-01
5.545901145828956436e-01
8.585637776792345299e-01
6.282768117908540395e-01
9.728531903926106450e-01
5.087585400725750384e-01
5.216440533466029095e-01
4.175480985900109632e-01
9.158052408197102645e-01
7.448881322775068314e-01
3.947402152891917315e-01
7.054540292241284760e-01
3.422141724871201607e-01
8.625182309943758563e-01
3.378412811093918777e-01
8.190151627752568775e-01
3.588633141493899337e-01
5.327710770537164020e-01
6.842072344008788276e-01
9.705344725960483032e-01
7.736240151805519050e-01
3.218413411523053935e-01
4.544451161014594343e-01
9.399423981950185691e-01
5.976396423764195331e-01
7.505623213606386068e-01
6.245998127510676845e-01
3.615306341911083687e-01
3.298995165118713824e-01
9.365829111013516117e-01
5.325343698433675499e-01
6.183918622806041654e-01
9.426457769095109018e-01
5.095807911089674791e-01
9.769637066181057206e-01
7.079790490811390669e-01
6.431956226575962221e-01
4.660509315431229371e-01
3.218413411523053935e-01
8.876720726489190083e-01
9.497822696283232391e-01
7.153781766456452917e-01
3.786184005797889052e-01
8.471617942353124597e-01
3.390278775989568616e-01
8.732329452477303189e-01
4.007461100677081611e-01
5.623358861742716597e-01
5.636341249861370750e-01
5.010764937133257435e-01
4.224508859616740719e-01
9.971220582666158183e-01
4.627698673307946708e-01
4.769194126236779852e-01
9.697880695461016387e-01
7.814933247906412639e-01
4.839323379165648698e-01
9.919437944950389996e-01
6.052878230875111676e-01
5.468962429297856698e-01
9.956171398806079598e-01
7.320004079000620445e-01
8.195411351458086191e-01
4.585476644504216104e-01
4.606728572925199439e-01
5.787373378323867890e-01
7.296766697377680133e-01
3.806268202444825777e-01
4.392120052840621236e-01
5.096875913741937270e-01
3.218413411523053935e-01
5.161346870867492553e-01
3.891930784206967253e-01
3.930655123710926624e-01
3.218413411523053935e-01
4.247541991546302520e-01
5.957001723252037806e-01
4.947492674248179512e-01
5.223363363787835167e-01
4.434822453407882281e-01
9.696511616459717597e-01
3.750766916388361127e-01
5.094529888437678844e-01
9.899600936725106992e-01
5.222957440037174770e-01
8.258782730316264198e-01
6.717843665087285254e-01
6.207178449898231865e-01
5.403949876662865748e-01
7.289251110219484575e-01
5.170625885913026076e-01
5.088595118475521817e-01
5.523733714128246097e-01
3.311914850052933290e-01
5.116274859174664291e-01
5.398106789195001864e-01
3.799655266330406733e-01
5.897233641023811312e-01
5.280830600728120272e-01
3.256794765336351594e-01
5.635027304683739580e-01
5.594145263783403266e-01
4.921823918503824835e-01
4.724035548852179578e-01
6.691680734982969891e-01
3.218413411523053935e-01
6.672114588910943445e-01
4.668295656964663309e-01
5.213806687506120641e-01
3.218413411523053935e-01
6.025910996512646722e-01
4.072585112557778331e-01
8.083038563379494335e-01
8.615493579472219832e-01
3.985255137985115326e-01
7.277112159885695819e-01
7.932109575397003898e-01
7.088741245529316393e-01
4.935642115225148396e-01
3.601564816489792875e-01
7.323275694060324970e-01
4.736875663425227367e-01
3.419470026106963267e-01
3.856090760120182703e-01
3.407164259565444442e-01
6.914385961020131921e-01
9.633723744309854453e-01
4.675964661085229568e-01
7.659274703867653411e-01
6.878564260430104493e-01
5.871052987720926097e-01
8.779130118772389135e-01
3.220830520794059626e-01
3.756191095020532944e-01
3.577213626820547332e-01
3.495999429548444226e-01
4.015586151537033910e-01
7.741404691705878749e-01
6.207345279466013332e-01
3.388467700115793679e-01
3.282005621131092732e-01
7.062181389879840232e-01
5.491007131966909594e-01
8.200323799437502226e-01
4.950444223075883832e-01
6.185769426768669144e-01
3.218413411523053935e-01
3.825867164869022341e-01
6.432147765973375009e-01
7.129378920403491859e-01
4.003966838194275013e-01
8.923486405010083722e-01
9.409146431865199611e-01
8.011208573778328956e-01
7.863382853211828838e-01
5.616274027021767035e-01
5.369507637678777590e-01
7.769915871186391376e-01
5.885587516023297328e-01
3.778096395480454728e-01
3.979605602320108182e-01
5.722270838546196225e-01
4.836737966220903129e-01
5.898505380676638543e-01
5.463438226521113439e-01
6.422214718457248672e-01
3.218413411523053935e-01
9.105666001440222423e-01
4.386874662260155655e-01
4.052782278203932442e-01
9.579512712880881020e-01
6.594149474639269259e-01
4.729931743563078328e-01
3.463081384342958091e-01
6.087696521537796501e-01
4.725167974093710255e-01
5.724728124065587842e-01
3.703676051369930722e-01
9.028170076804233890e-01
7.076028451956819509e-01
3.888567112781167734e-01
6.202343138379566856e-01
3.963689290179551183e-01
9.035324521420731170e-01
9.496972039509145036e-01
5.313967783323392258e-01
9.208628331551944601e-01
8.473898904283799771e-01
5.134074437208770991e-01
7.701715592777346187e-01
3.571723793334504737e-01
5.957129977038712054e-01
3.845518422341109854e-01
5.949728643326427369e-01
8.514161138863163281e-01
5.137209248910579173e-01
4.241613488466249304e-01
5.852361280852087511e-01
3.218413411523053935e-01
9.420653273467215483e-01
3.218413411523053935e-01
6.983859168000922102e-01
3.930804695069545773e-01
9.386066137409829757e-01
3.218413411523053935e-01
4.496041587728192290e-01
7.259321076954308172e-01
3.218413411523053935e-01
5.689481067739757814e-01
3.880632860950092300e-01
9.363013677275723312e-01
6.426745666456386008e-01
5.005906248540586967e-01
3.969152256327733719e-01
8.939486339659669101e-01
9.189051048914371744e-01
5.098717385900273236e-01
7.871360251426166021e-01
3.218413411523053935e-01
4.608138201317861782e-01
4.868891132652742870e-01
3.397321577354173727e-01
7.310903048860231124e-01
9.054376439362864515e-01
9.027954601277972113e-01
7.235182308681795682e-01
9.426341039679121403e-01
3.729351454784671782e-01
4.954739041524457432e-01
4.097184259187682809e-01
7.669888749844608888e-01
5.101245694109711737e-01
5.647356241375509622e-01
6.845976702110889711e-01
3.311290019436014531e-01
3.546082112809322284e-01
7.814388002051887439e-01
4.838831008460081073e-01
6.713148419330572381e-01
8.644624430002753046e-01
4.248038567923541065e-01
3.802151712220697699e-01
9.337115092696678387e-01
4.813287530753136978e-01
8.226838021814760760e-01
5.797331484455363615e-01
8.765054931004623295e-01
9.251960123610130093e-01
6.445164438030408505e-01
6.087954257616714493e-01
8.397415722400822791e-01
9.619236557993993131e-01
7.871897405517658264e-01
7.310810780335595949e-01
3.265619798834366594e-01
4.192400078349859394e-01
7.221571641195853042e-01
7.019103621042001029e-01
9.676003812570104223e-01
8.051027666411455508e-01
6.368329313085839827e-01
4.947195193534142943e-01
5.911619616573681180e-01
4.792785160228607566e-01
5.803880019049736383e-01
4.752186639610463947e-01
4.115457806663684881e-01
7.317981465971804544e-01
3.218413411523053935e-01
9.037420459337114353e-01
6.325020969833254902e-01
7.050318131796721177e-01
3.491540530793273978e-01
5.260565078418035778e-01
3.848728485138458999e-01
8.001249055720347503e-01
6.272083557099689122e-01
4.550123156500546773e-01
4.248404185304552327e-01
5.234718792815126198e-01
4.492782819496898283e-01
5.464867883822283057e-01
4.644775318820554832e-01
8.848731854882597725e-01
5.905435486260622868e-01
8.849576012158121285e-01
9.113508323012413648e-01
9.071623992366145695e-01
5.873026484676540093e-01
3.744925926774049785e-01
3.357035398864828268e-01
3.694522677953922529e-01
4.699688983549880072e-01
3.218413411523053935e-01
3.296093851687998399e-01
3.397915244774334376e-01
6.006723891507362856e-01
6.371822396502504482e-01
5.258523360757568765e-01
5.000650701245660246e-01
3.971690736383844955e-01
4.418874775414395883e-01
9.210208992213944068e-01
5.788022700164876522e-01
6.255620648603016365e-01
7.754940067956029859e-01
4.474517511880040654e-01
4.420570551559324657e-01
5.358107974545258667e-01
5.364938370283292013e-01
9.133985692307544646e-01
9.448200874849697062e-01
9.448931020903521549e-01
5.420122705586555290e-01
4.225505603053710812e-01
7.336092625611880802e-01
5.646129445909686684e-01
5.953935280128186402e-01
4.364085687855481788e-01
4.320919848054121104e-01
7.493490662274667757e-01
8.977449418877365694e-01
5.768087347298554990e-01
9.737078545536412832e-01
3.613628852043629380e-01
5.438364091399021660e-01
5.975067738944427331e-01
7.262522355416264341e-01
5.551245363109584829e-01
5.048050208207928158e-01
4.818931307238731310e-01
3.218413411523053935e-01
4.426721397433512339e-01
3.796846897526640618e-01
7.669716297120009463e-01
7.288865550559636697e-01
3.218413411523053935e-01
4.299245355291719806e-01
6.981822709639914359e-01
7.987280682982422775e-01
5.135674704502919408e-01
9.089285409213672118e-01
9.224925153259961874e-01
3.696573241790600539e-01
4.542905559078103672e-01
8.651162640243811319e-01
3.633881187987429984e-01
4.799059616600312994e-01
5.360225159934856043e-01
9.091862249260906914e-01
7.214351517531844005e-01
4.109203863971049309e-01
8.064461895027127403e-01
7.510575278037417979e-01
6.431067513857992024e-01
3.838701223018216035e-01
5.913731724480428831e-01
3.218413411523053935e-01
3.544353073117433861e-01
6.037713727962968902e-01
8.094841830648580316e-01
6.844582720681275934e-01
8.888293983880477533e-01
9.479982175664343202e-01
7.375112864414907765e-01
5.827532976127796083e-01
4.189151573797939010e-01
5.839279606881544460e-01
7.538400343281896898e-01
6.850288567622055957e-01
8.684566342521923277e-01
5.697416209047820868e-01
6.096060794052300391e-01
5.139529610679772764e-01
6.767401736684935942e-01
5.185675977723200880e-01
3.567696188240327970e-01
5.775450352268231002e-01
9.722285955047752504e-01
7.516431793476006096e-01
5.458241329326779523e-01
4.251315463858503785e-01
5.212853053447741303e-01
6.186602866407546752e-01
3.500856033142007440e-01
7.949995753510188390e-01
8.171518600394640508e-01
4.088483874849188626e-01
3.964934014963956144e-01
7.684228458166946218e-01
3.584197576853132561e-01
8.122519457796558706e-01
6.329348868505081382e-01
3.392328312107785737e-01
3.332848946174725158e-01
5.452416076151602731e-01
6.337764809089612150e-01
7.453758400891644653e-01
7.507553904270978240e-01
6.373343229532102416e-01
6.348130842162547083e-01
7.955022147447402547e-01
5.097166570478078862e-01
4.462037834552776694e-01
3.921708702916525957e-01
7.960107768398149153e-01
3.864849564140224736e-01
5.388079682522818326e-01
5.180288214271338010e-01
3.708140558519016916e-01
4.176551997868075405e-01
3.266965735101047263e-01
8.251149370756208912e-01
7.739370905323635919e-01
3.620129412228771937e-01
5.082024673696013961e-01
6.305340485097690184e-01
9.907873314956158195e-01
5.422729551811804605e-01
8.212949731207608295e-01
3.666945868484789428e-01
5.024225381672634549e-01
3.652144553290641027e-01
6.093675026650294813e-01
6.782860730562384477e-01
6.020391065446184520e-01
9.166440618197241319e-01
3.858800051107724172e-01
9.520887473030136272e-01
4.562240144789337926e-01
5.286805979395751143e-01
6.019946804626491454e-01
4.692762793658488696e-01
5.884321208738425568e-01
3.913179757518556734e-01
4.450950444027584885e-01
9.420005497150445439e-01
7.500296357094160538e-01
4.176336161816445181e-01
5.842588738695337902e-01
3.952282647076120758e-01
8.601057999135724996e-01
3.218413411523053935e-01
6.463778017321790692e-01
6.334431973118050951e-01
3.717529227118467894e-01
4.230500586742967917e-01
3.779923235090241751e-01
9.525502250656437964e-01
8.289811598782064195e-01
3.723254138711973305e-01
4.469757978644923746e-01
4.061303838093329177e-01
5.045510443425720304e-01
6.434962573107373407e-01
3.272491088604830289e-01
5.250066585610443370e-01
3.218413411523053935e-01
4.641218313156678099e-01
4.248480892930976416e-01
4.243005296470335197e-01
6.648043442947089154e-01
8.235912855525322485e-01
3.798560514170022939e-01
3.802053400775693981e-01
3.218413411523053935e-01
4.346256359647176493e-01
9.787322971268279659e-01
7.927501578187730047e-01
6.600424923994292481e-01
6.677458699354439364e-01
7.701604869832087141e-01
3.692493084210685672e-01
5.095160746019592457e-01
8.757250574108099705e-01
3.929637206332807220e-01
4.550727909609244004e-01
5.975286038053192472e-01
7.760323962310706758e-01
8.167834484448580623e-01
4.868862943644240437e-01
5.440116932812942840e-01
5.176024400971387385e-01
6.259112163629940717e-01
4.797451102561609559e-01
9.052830725751377372e-01
9.690318016753379782e-01
3.715711881343323753e-01
3.218413411523053935e-01
4.412258333114711939e-01
3.657137201354158096e-01
8.322291587451224881e-01
4.947707100862052676e-01
9.053468852987966997e-01
6.039554002634059948e-01
8.338520518679708449e-01
3.267823721754998800e-01
3.922283330841336291e-01
3.864231756312978550e-01
7.128582721768554897e-01
3.947708410403273915e-01
8.798218258015165771e-01
7.816238257049116234e-01
3.736044433760853933e-01
8.672625948810012142e-01
3.730239383870161962e-01
9.357529127460351148e-01
9.254220720808694622e-01
6.159568446037281264e-01
3.785780096460059085e-01
5.601942228310535787e-01
4.982529678228883041e-01
5.514760273946471836e-01
4.886335253617867247e-01
9.015112145892644202e-01
6.986789564724508184e-01
4.790061026570145986e-01
4.726285811305819817e-01
5.977227740085542251e-01
6.920414217517505406e-01
7.189132578579220390e-01
7.122827239091659157e-01
8.780400673525700084e-01
4.342239380630379397e-01
4.006869764519293553e-01
5.451640503888912637e-01
4.729478298772301081e-01
7.501497268563637189e-01
9.200191849559955504e-01
6.418642924608634059e-01
3.650089481902318300e-01
5.422925776349342142e-01
4.804640972562111978e-01
6.205928401076784562e-01
6.782295982277303237e-01
9.060507118089141665e-01
3.476986117323065950e-01
3.780304278297252352e-01
8.639514295521040221e-01
5.150019405304393505e-01
9.272640498457367375e-01
6.895040844124304957e-01
5.072370836822738260e-01
5.504956455019566208e-01
5.417755125964536234e-01
3.362002121432516866e-01
3.760183116006773907e-01
6.661558507609867119e-01
6.480134896992475468e-01
4.042393144081180001e-01
8.448934976626795157e-01
4.128239600959340283e-01
9.053959422825457182e-01
4.110034510232418170e-01
6.223062169047796077e-01
8.444786443748243387e-01
4.970172866102910980e-01
4.261308433019098674e-01
7.801907501885840812e-01
9.597112783650282308e-01
3.887203799190898090e-01
5.861334602143782879e-01
5.901528657536040390e-01
4.071742134284191406e-01
7.164814121518342516e-01
5.799682555584141364e-01
4.385014391772958930e-01
5.955725790126664698e-01
4.538973655153261677e-01
4.637126102843842079e-01
3.854357332127198998e-01
9.285274933550630161e-01
6.101889284727517460e-01
3.625417447696182016e-01
4.027677067558400048e-01
3.616293250679745164e-01
7.753683161111973865e-01
5.045949366627577870e-01
6.762761466363915730e-01
3.700104808663311484e-01
9.799998630603468097e-01
4.055182954881024204e-01
5.737911417622902910e-01
8.220345490322514825e-01
6.811296526928594108e-01
7.517697382796326711e-01
6.717595680863281959e-01
4.724844130093866501e-01
8.775747499840969024e-01
6.735221452205130133e-01
4.629104586087251505e-01
7.137798899126803764e-01
9.763286466708757105e-01
4.596429749648450191e-01
7.249196826559543005e-01
6.561473434279777583e-01
4.810093012254094136e-01
5.194125735759144158e-01
6.271729047461179762e-01
6.525078343006884829e-01
9.025133004356978850e-01
6.098111289379024580e-01
3.483296067102419902e-01
6.144970018273628876e-01
9.572743465081102743e-01
5.303752696711333536e-01
9.137789642869716955e-01
3.409909455479523954e-01
6.149607723657229963e-01
7.390936780609361767e-01
3.833817870126006166e-01
4.977606921218530878e-01
8.924908424077924174e-01
4.011772570326973542e-01
6.940007647943684521e-01
5.155929908956273788e-01
3.945394783750136858e-01
5.094944338323441624e-01
8.544154257370756289e-01
5.725135813109314409e-01
4.429060539387582596e-01
5.122158534149665599e-01
8.275681969927803916e-01
4.537972912809212778e-01
5.572891804466223453e-01
9.882261264763786413e-01
7.088767186587796587e-01
6.014634650925105852e-01
7.207809207520189387e-01
5.342507378486892611e-01
8.184127904759140870e-01
5.587483993897276457e-01
7.586191919408993289e-01
5.564265897868424515e-01
8.947503428511500712e-01
5.870147723130111350e-01
3.970092721955720827e-01
3.231110436200560487e-01
6.270801844000466474e-01
6.265329360142574133e-01
7.047665863804383202e-01
4.216825727598316198e-01
6.055017854651680853e-01
8.549588864451116432e-01
6.169687840780395671e-01
4.471342289002239734e-01
5.793898157415019456e-01
3.619098492015250246e-01
8.584125839978012928e-01
9.610816816740500590e-01
3.655474513089461142e-01
5.777907979402764349e-01
9.039428271734556430e-01
4.339052343747933915e-01
5.994300269084273936e-01
5.099671851687641588e-01
8.105906632809749546e-01
4.458999368444583333e-01
4.640781683406778879e-01
9.160293923528338711e-01
9.250940005230378071e-01
3.913328817434962859e-01
4.270049019997759765e-01
6.355169994314460169e-01
3.868031129668356716e-01
8.049197025346095380e-01
3.935293028824508044e-01
6.997208725633136117e-01
8.033721682007206599e-01
5.243368980040146177e-01
7.603100197451678754e-01
3.218413411523053935e-01
3.481724556776846224e-01
3.720375131908156829e-01
6.068433007435619642e-01
7.070443530323020642e-01
4.371948139730259530e-01
5.054452618035921718e-01
6.304353958513964074e-01
7.183417477158832165e-01
3.366454229831565836e-01
4.817036918487762609e-01
6.855735399813506215e-01
9.000518588206822823e-01
6.197031993077061207e-01
3.218413411523053935e-01
7.845877631149247300e-01
5.299876738312453428e-01
8.067889146382430932e-01
5.180402467686543444e-01
3.289172496014650671e-01
3.370594188677240588e-01
5.674888257220165322e-01
3.425215051888839679e-01
9.135857432656312449e-01
3.218413411523053935e-01
8.241815992145450354e-01
9.883569560719482894e-01
3.218413411523053935e-01
6.951673612307689432e-01
5.505263137947140617e-01
4.509433072793495034e-01
8.047414041293093900e-01
9.373844963046217282e-01
4.985402797069524161e-01
3.218413411523053935e-01
6.586155827949777830e-01
4.924625492728132992e-01
5.219187508384927066e-01
5.649413279061593629e-01
6.507974404143076486e-01
5.068422294024403918e-01
5.429574030381518757e-01
4.687079990025644349e-01
4.568155115471689842e-01
9.873421665416090010e-01
8.911871383096784394e-01
3.227448733574333484e-01
7.628568463285088086e-01
5.947267526433803742e-01
9.049088444548519794e-01
8.038107434046197763e-01
4.994911934041165735e-01
7.569112201213998858e-01
3.783127288361562979e-01
4.863191038666141996e-01
6.522796997317615864e-01
7.497796670901683003e-01
3.218413411523053935e-01
3.732532152366178635e-01
3.716208408749533398e-01
9.181122074638484731e-01
7.634003353721616758e-01
4.282192369126311404e-01
9.722602216817028964e-01
5.411029399548371588e-01
3.737019807967144613e-01
8.655883685783873904e-01
7.192887805406708024e-01
6.324194401263544263e-01
4.643661166042280519e-01
3.230609375364881797e-01
3.380324879034595220e-01
7.526296547256779990e-01
9.854599701997632799e-01
7.633490353610450363e-01
3.909062637576445343e-01
3.457299381620134726e-01
5.198008335597777974e-01
9.070657096364757033e-01
3.218413411523053935e-01
5.980807578948761360e-01
9.589547466927433872e-01
4.349679970111539062e-01
5.980381702744244077e-01
7.186118159124060822e-01
3.448445962422220235e-01
5.140394127039736860e-01
4.607210319384411612e-01
9.360598857114809102e-01
8.438044134409427022e-01
7.977379478708693794e-01
5.919891947385168551e-01
7.993385662601623087e-01
3.690360723624866446e-01
6.119479067644520986e-01
3.828451866286349259e-01
4.725778926649846223e-01
4.545301517761846655e-01
3.880322924742076740e-01
3.333974427069327784e-01
3.638214921951297698e-01
3.763012348485165748e-01
8.931767640005970899e-01
3.524509809907594993e-01
5.767902005566489798e-01
9.763803550623935124e-01
7.910460337805376163e-01
3.744550316758145092e-01
4.048587321606132994e-01
7.374621423757237171e-01
8.880237276248951206e-01
6.782053475552158872e-01
3.264883945108636443e-01
3.491808311983256030e-01
9.097530919819201145e-01
8.406085861822334415e-01
3.830220921001253331e-01
4.207918637359363001e-01
4.092125763372415070e-01
8.432019296135341291e-01
7.011767966528362761e-01
3.374610948605488159e-01
3.847442953253538689e-01
5.156380472532025028e-01
6.020749740305566533e-01
9.362576314161350499e-01
9.425602000298868299e-01
3.702863151802401331e-01
8.300563491117217696e-01
5.712753929613783033e-01
7.369213722852367976e-01
6.512638547112717946e-01
9.236643122787346893e-01
9.806918357094716043e-01
4.477519386304127380e-01
5.472831160198348144e-01
9.999978279043024720e-01
4.716906308802034653e-01
3.416171251855682489e-01
6.309323401412766374e-01
7.183307659916897681e-01
4.095062262252220919e-01
4.479822672971290887e-01
9.378243197896974914e-01
6.895573105296213257e-01
6.556241049757501882e-01
3.218413411523053935e-01
5.951487211221012652e-01
3.643996868038013592e-01
9.672692372326125998e-01
8.151882100854018764e-01
4.242529242108405985e-01
6.324632787524053779e-01
3.218413411523053935e-01
3.263248849467720314e-01
7.444683671562427607e-01
7.807469158918065588e-01
7.651517360297378501e-01
4.619788255546563582e-01
3.718129759993531458e-01
5.003434792942473841e-01
6.279039537724693254e-01
3.500908493869531179e-01
6.743820552840832372e-01
3.764423856991839235e-01
5.401898047309733331e-01
6.006864331252343980e-01
3.253076930071358563e-01
5.186650573010578302e-01
8.668635770977527466e-01
4.936194475063898635e-01
9.649586472389805047e-01
7.743080694408627229e-01
7.805377743512986743e-01
5.971386299479366500e-01
5.138832243216039375e-01
9.301702217129164119e-01
3.231687135045402948e-01
7.156639305061820444e-01
8.426184642691092463e-01
7.356910975837160915e-01
4.658476783415296252e-01
3.517028992015472921e-01
9.632374012991846701e-01
7.641362754617335717e-01
5.679674678149631006e-01
3.894781633612204863e-01
3.369947502787343230e-01
3.270781711821264537e-01
5.286948020436494922e-01
7.045034186933525344e-01
5.944309038626957031e-01
6.004793273102490003e-01
9.751062399694212512e-01
5.912373666017156637e-01
5.805769894311442192e-01
7.253410713294515810e-01
3.824598626305930615e-01
7.572813585583939577e-01
9.958166667090639912e-01
8.335927834137948356e-01
4.419630005085458668e-01
6.444699860151822390e-01
5.316084330214247977e-01
7.009044983874958001e-01
9.823104335623987771e-01
4.536910921626469140e-01
5.437633500728255020e-01
6.109038345633959199e-01
7.708082743134425652e-01
4.359261920346634289e-01
4.030385133403166509e-01
6.926895263248143975e-01
6.220136806125149409e-01
9.331840146627973231e-01
4.766584650756125474e-01
6.686010452337904919e-01
3.502155671761129629e-01
3.753482646968754333e-01
4.443366801261275922e-01
4.306804200401223581e-01
3.947469015413639370e-01
4.385174045763377548e-01
5.239815703083426923e-01
7.930813209713549750e-01
9.533389388591715363e-01
8.733979087575436395e-01
9.285850542119722384e-01
3.351277426414671634e-01
6.955748404401136398e-01
5.797130548792868154e-01
4.640235621486123452e-01
9.995811585622625950e-01
5.791410592681911496e-01
4.185411556677476885e-01
3.609725862720051803e-01
8.849796490713088826e-01
8.542270135918377250e-01
5.393460209714272535e-01
5.685051814233732514e-01
6.739228528938051577e-01
5.112919714348357347e-01
8.911769281506523033e-01
3.852002891327694911e-01
4.664609395857693408e-01
5.146645509764684601e-01
5.577585329274362680e-01
5.744706839547750743e-01
9.733153727764136676e-01
4.369266151261291253e-01
6.716676953531787175e-01
5.157651092902869605e-01
4.359907736976210146e-01
5.311233890978616090e-01
6.807112690825994905e-01
9.450451287102237252e-01
6.950349187420719055e-01
3.712926443823990619e-01
8.248155052457439851e-01
7.398089250161729025e-01
3.760960767371013813e-01
6.001270371261071546e-01
7.562904591344380423e-01
4.372862561611604582e-01
5.170579635119203488e-01
9.129761275834133993e-01
6.188324778943017357e-01
6.129267623932947995e-01
5.708678760108271133e-01
9.344904397953105457e-01
4.363051515196877950e-01
3.615978043699555333e-01
4.394394831855687467e-01
4.188585874802869813e-01
9.812160644472274207e-01
4.931249744022701553e-01
5.128488502718666631e-01
5.344418629733288517e-01
4.508550846685274727e-01
5.430491839146228683e-01
4.171073665015247456e-01
7.408780478748820952e-01
8.168245205638192674e-01
4.965419610345556678e-01
5.407505688185919590e-01
4.768757104687688653e-01
8.988990675228747396e-01
4.660541321217420707e-01
7.953664070690064092e-01
3.807647124931684557e-01
7.187703674793123332e-01
5.413491570728906632e-01
8.995308568139811500e-01
6.375557173631566377e-01
5.225262995368908925e-01
4.810515786415465733e-01
4.790040720719726530e-01
5.143388593445412660e-01
6.245297180065422227e-01
8.660569103571723604e-01
6.160046787920121503e-01
5.868371180793005015e-01
5.189290868139346813e-01
3.920183271551263005e-01
9.631755501099033001e-01
3.573322132351713365e-01
6.927049768385398210e-01
3.655788492685302926e-01
3.218413411523053935e-01
6.614256107945881702e-01
3.705542877066134722e-01
4.716051561395422920e-01
6.584365731815136069e-01
7.392513431563534354e-01
7.485837039058389486e-01
8.633106924191272791e-01
7.199417360225706108e-01
6.993580188931660668e-01
9.136341340167606351e-01
3.218413411523053935e-01
6.528627564650464343e-01
4.441514668396517318e-01
3.942612883247712530e-01
5.721782120620829692e-01
5.120926739549576112e-01
5.306259513560932506e-01
9.413293418732414652e-01
8.073576957750869809e-01
7.354900936938552070e-01
3.969760953449100738e-01
6.698641280480523985e-01
3.365765220706543048e-01
6.498371949062048403e-01
9.067600761165092171e-01
7.415569171895646239e-01
6.148968283055203932e-01
5.795735350998633129e-01
8.933870170923146059e-01
8.318636695903555145e-01
5.928233679004634160e-01
4.272815917648005724e-01
4.140983441560145972e-01
4.080516032807989246e-01
6.172717330571452221e-01
8.195607134615738865e-01
8.982300757332681851e-01
4.022475247508395246e-01
3.629315256587720140e-01
3.778814420982661293e-01
9.104768056498916406e-01
6.059826086146157254e-01
7.680509428512423131e-01
9.036321442310879526e-01
3.334012391965814892e-01
5.747550273909930452e-01
5.427200981256734558e-01
3.700385906625091037e-01
6.333648178965399778e-01
8.739359678680362897e-01
6.975321734956509978e-01
6.295122154805745662e-01
3.483461259794363718e-01
4.479648066368752679e-01
5.120116586611784815e-01
9.268876950412916482e-01
3.776592201153853856e-01
6.567800344659748824e-01
6.800717661858208807e-01
6.661049749510996598e-01
4.166527503575017666e-01
9.201764228917258537e-01
8.958963159044371904e-01
4.166791911467421228e-01
3.814575578758267471e-01
3.218413411523053935e-01
4.277484584931510736e-01
4.125018103107515599e-01
5.731438027682824732e-01
6.848396455775523917e-01
8.806764119869566754e-01
6.364609073163016717e-01
9.117309148497618754e-01
5.587037837235345750e-01
4.411502065292997043e-01
5.342962521875554982e-01
7.728914565227323896e-01
8.743110828410849411e-01
5.586210288988613382e-01
4.616617819882657403e-01
7.529261666535969066e-01
3.922272223571943162e-01
3.750703780950352950e-01
8.073607140323914022e-01
9.499771089402702096e-01
5.708081062434261499e-01
7.023976206478297346e-01
8.020935810812235278e-01
5.083197927120398640e-01
4.135591719153309809e-01
5.517712829257641616e-01
8.175278035239134100e-01
7.637448559307359330e-01
3.218413411523053935e-01
7.875904754289435594e-01
3.860028824064660191e-01
6.820123635110447724e-01
3.931972747937691470e-01
5.703890128720010555e-01
4.703376912960194889e-01
6.457851178474183218e-01
6.608688048688842187e-01
3.702883671476738803e-01
7.824735728405716184e-01
5.947770993635841386e-01
6.437526129240240813e-01
6.448740565883669396e-01
5.123687824498851517e-01
6.525798861788283389e-01
6.603631178787529032e-01
6.284987880728266640e-01
7.663095991520938455e-01
3.218413411523053935e-01
5.782995885789554702e-01
5.794187907403357540e-01
9.929374171268237070e-01
5.059118713729778838e-01
3.564844513999421705e-01
7.346619935819467262e-01
5.673635954009191851e-01
3.939149267098666085e-01
3.218413411523053935e-01
9.274642458985824511e-01
4.491283850902973440e-01
9.664369769318454928e-01
3.425124152526648480e-01
3.813698724336000434e-01
3.759484102987857290e-01
6.408255810670546726e-01
5.479107904905226034e-01
6.736363243275941270e-01
5.641440303886263719e-01
9.398413899840917241e-01
6.662667119173707464e-01
7.200892413201930298e-01
7.390935808334819779e-01
5.101511998094540035e-01
6.480108451536652492e-01
8.009778340159935395e-01
9.393770545233154357e-01
4.591431359805137058e-01
6.276331147069708072e-01
5.016542948970278415e-01
7.646245854477756732e-01
5.443974794616700530e-01
9.527917281944582317e-01
6.481921292708168192e-01
3.218413411523053935e-01
6.042320510267120692e-01
9.529419692956164756e-01
5.879572805006156866e-01
5.216372261358142026e-01
7.818101221144998503e-01
8.552717146368865597e-01
3.580654875864566211e-01
4.586556189066542388e-01
8.798883839142802588e-01
3.218413411523053935e-01
9.653417053064049513e-01
5.268268990411606456e-01
4.955814749605832459e-01
4.007216651805183272e-01
3.218413411523053935e-01
5.843972949502906911e-01
4.441013407251039879e-01
3.218413411523053935e-01
8.175334019947425590e-01
8.394997945321647226e-01
5.400243053724019804e-01
6.239146426557241609e-01
5.892016697722290974e-01
4.783340408548615863e-01
8.428487176981357409e-01
3.640481209977969868e-01
3.933466953437387836e-01
5.144493682455991701e-01
5.623558403079665924e-01
3.218413411523053935e-01
8.218110507376168439e-01
5.188994064818125418e-01
8.289535642648163671e-01
4.746056020141393161e-01
9.094164699408529007e-01
7.630097797384903791e-01
4.133093511780219220e-01
4.085530555810790720e-01
9.434316937127051883e-01
6.790479737354173650e-01
4.871747026567450622e-01
6.596093153009429111e-01
5.220469892251659028e-01
3.539430215601651053e-01
6.223484035678041870e-01
4.030601184573511242e-01
5.120891627963728432e-01
5.584057542571774224e-01
5.183656077247558169e-01
8.993306136841769938e-01
5.999053244798977502e-01
7.298237509173177706e-01
5.091939134735785633e-01
3.932319028868189181e-01
3.766575275224454677e-01
8.287063857564519465e-01
4.446857762174892259e-01
3.859799385990780873e-01
5.128800864123943537e-01
5.298979216392257774e-01
4.469839015234018942e-01
7.253986863571583177e-01
8.860073667690713251e-01
9.984315823685282476e-01
4.588605105879050572e-01
7.016821704149177608e-01
4.052038281589305790e-01
6.289861706085081439e-01
7.536074877287257667e-01
5.475989176868131247e-01
4.812122522222079812e-01
8.119682127203682320e-01
4.255603003216350544e-01
5.813514853178489705e-01
7.272468722336201674e-01
7.133230572938471514e-01
7.969991822751810728e-01
5.262496070855982033e-01
4.384542291596248975e-01
6.937029515972833460e-01
4.240251760782515755e-01
3.994053653782358437e-01
3.606904202732643117e-01
5.231098827008985319e-01
5.877981322251352170e-01
5.898566790160290063e-01
8.068331839302188557e-01
4.962597582452413225e-01
6.196679131259741347e-01
4.004106160508750789e-01
4.125020147511673785e-01
5.063730550632505878e-01
8.048647029593515301e-01
5.493357641281553239e-01
7.163963682863960791e-01
3.288980832330056225e-01
4.850903721273932545e-01
8.329499117774026296e-01
6.923486697335882178e-01
5.162959095086067096e-01
4.447882812529610486e-01
6.663478193834643237e-01
4.523975115887599041e-01
9.787203612365121819e-01
4.862747132411158746e-01
3.723664917937316021e-01
6.451035330249078603e-01
4.074194073685340478e-01
6.551980714185758892e-01
6.953825575009043858e-01
3.788593615839664364e-01
8.109475191617561141e-01
4.938379353868004307e-01
6.947391495137684725e-01
4.571715727283349184e-01
8.003580044394135173e-01
9.831289049191235252e-01
7.896431795384636354e-01
6.966949175131447181e-01
3.218413411523053935e-01
4.819130163124541455e-01
8.135709681166315432e-01
6.855040163285844868e-01
6.477287575214653037e-01
3.218413411523053935e-01
5.793099196434273734e-01
4.324466334893690145e-01
9.012325034882955332e-01
6.394432671408651903e-01
6.690233453221069437e-01
3.232471742408487003e-01
5.052946045407822329e-01
3.476348798209267787e-01
4.984959520929804766e-01
5.893881917140143534e-01
4.230220263207428166e-01
4.338485615732668998e-01
6.967027628378168469e-01
7.128401317094323897e-01
5.178173719850971413e-01
3.218413411523053935e-01
5.085200279969562809e-01
4.517893160832191501e-01
8.385485401344625611e-01
3.778768364470631580e-01
4.134849369784089346e-01
4.870572555186555852e-01
6.999810263718878600e-01
5.379953871125073839e-01
5.056709678492368187e-01
6.088093857481712279e-01
3.298716645443382500e-01
8.072253531617701316e-01
3.966378732784614503e-01
6.915181251875632817e-01
7.367491810470990776e-01
7.192215091465310461e-01
7.541552132152027355e-01
5.954211261585188320e-01
3.440191252195611837e-01
6.543241388563225680e-01
4.720328634439340254e-01
5.532870296432395030e-01
6.645050750753184188e-01
4.364408385991148664e-01
4.930872240194431044e-01
5.625405006220175474e-01
6.017327900077155123e-01
8.460091123313935313e-01
5.692073878923205044e-01
3.627803588586804850e-01
7.596658563738675207e-01
3.719312196086344557e-01
3.258560218658483332e-01
5.177381155377344113e-01
9.263528758437972188e-01
3.652007716293591000e-01
4.302875527500153452e-01
8.380904413779100004e-01
6.945777381307977061e-01
8.451694966384629693e-01
8.549577155249117322e-01
4.794934312909392982e-01
7.800947574882447499e-01
5.099472777332968443e-01
8.371464082394616257e-01
7.830992890356959224e-01
7.458346886419566779e-01
9.965624764323200990e-01
4.284325880907457473e-01
6.514874668336677610e-01
4.147543762926976241e-01
4.583899636435468938e-01
3.599729290909510770e-01
3.956734956974780060e-01
4.180434732958552835e-01
4.648550797077052321e-01
8.600774788042279129e-01
7.361687032194944580e-01
6.731535147238304484e-01
7.882131712038434879e-01
7.335132754085695872e-01
4.998561880302236915e-01
8.708088239080608028e-01
4.404457900659479730e-01
8.647464029767031324e-01
6.632739935745149973e-01
4.450385665925162271e-01
4.291429660409405433e-01
4.932081838344495872e-01
4.218575101801482763e-01
5.630492838815166490e-01
4.641024492758756836e-01
3.404905149905765871e-01
5.209939007706875236e-01
6.631128463068699519e-01
9.748853969094084526e-01
4.871688304847892059e-01
5.052180788029709824e-01
4.236671186503608300e-01
3.843344386168910942e-01
4.197073874102049129e-01
7.552215851971989524e-01
6.995271091709617250e-01
3.218413411523053935e-01
9.153943204137724443e-01
5.046609370181851517e-01
3.734102358788268794e-01
6.285688879515376470e-01
8.646264870414673842e-01
3.382196780318579288e-01
6.689780059226418940e-01
3.776550880507690278e-01
8.251967320851922860e-01
9.826994621753103454e-01
4.250503856849270901e-01
9.215770340488927959e-01
6.892532306298009281e-01
3.824924760097429544e-01
3.908824219949906253e-01
4.232925811353025480e-01
4.679891054118993088e-01
4.069183571262968147e-01
6.661169347776498828e-01
4.588104982373391594e-01
8.129082481114694447e-01
6.190893514690444244e-01
4.330547718190691509e-01
4.233753743044360585e-01
3.221245250486506340e-01
7.258231716968056579e-01
9.382055632365694509e-01
3.827054360273224876e-01
4.300048302409968382e-01
4.187005358810929057e-01
6.673229524922164035e-01
8.669947317271076148e-01
7.029304614399005668e-01
5.756378681022129573e-01
5.715226824909306336e-01
3.518544720372784873e-01
6.177238871956748367e-01
4.297633939587869323e-01
8.953564144954127002e-01
3.797220418478460813e-01
3.785281719745648421e-01
3.564027917332061035e-01
6.857782960298680619e-01
4.004465876829571558e-01
6.094468569633737509e-01
5.911205222202413623e-01
4.892642367030546335e-01
6.286003662097650047e-01
5.146440821343869487e-01
8.248689786571800076e-01
8.219101951096170477e-01
3.334289849504914471e-01
5.015586856062448362e-01
4.020870383676742321e-01
7.630720233831022048e-01
6.159179852724636639e-01
8.476524848353017560e-01
6.683502465711336216e-01
5.376900244767531811e-01
5.121246296074413173e-01
7.986318275511344877e-01
5.962614156778309749e-01
9.479203480338334042e-01
3.782421857816037347e-01
5.819359500393336271e-01
5.019185255788995992e-01
8.947980520858614950e-01
6.030956592535710037e-01
9.424862762461647669e-01
4.920598337265381095e-01
3.486039515165632596e-01
3.218413411523053935e-01
7.320361898062549555e-01
5.734863412559015883e-01
8.624635127599200590e-01
5.534354921146800166e-01
6.739028519651534266e-01
8.651398824306673063e-01
3.218413411523053935e-01
6.782162114835895705e-01
6.902863453219058032e-01
6.423451257015724281e-01
4.537485021701204158e-01
3.241173540202487158e-01
7.779857638877408776e-01
3.307092192081100279e-01
4.995054730214374406e-01
9.117782933543786550e-01
5.129874412566888253e-01
3.256947378573806229e-01
8.186329530734920423e-01
6.553792850529769343e-01
4.098152722715238672e-01
3.738126802299069351e-01
8.523776595827354807e-01
5.464982371768389857e-01
9.305072514951369111e-01
6.404976951527029394e-01
4.007243119419346966e-01
6.305804129034094929e-01
7.886855476507790286e-01
6.118792517331868019e-01
6.601788961249910326e-01
5.462346592737769013e-01
3.432081731375600242e-01
7.001280890181095229e-01
4.440283348591085866e-01
6.189608754334720020e-01
4.240703273294356146e-01
3.288580880847066235e-01
4.142132480796320571e-01
5.753260275502142251e-01
8.436127927771263080e-01
5.014543435916121172e-01
3.925621571823951772e-01
4.546307712117076405e-01
5.367859260283240896e-01
4.173706520161763467e-01
6.185351869054956930e-01
9.860447520804394017e-01
3.218413411523053935e-01
3.394268356689860711e-01
5.176852980463808596e-01
5.565978672602003297e-01
6.644331852076210687e-01
5.796329208276755907e-01
4.139074472442131891e-01
8.119895031747519365e-01
5.907629866370484040e-01
4.548884157251819049e-01
8.365671148640032584e-01
5.254779801517563964e-01
9.008292748384831850e-01
5.548815098424202397e-01
9.203417026104948606e-01
7.910978780937332200e-01
4.437720621764981721e-01
3.218413411523053935e-01
7.248347247299774532e-01
6.198055855609720943e-01
3.428681243434713588e-01
7.875542246607104557e-01
4.251882711886476041e-01
9.704634897650145087e-01
4.549106938060967220e-01
3.629497197001284037e-01
6.372473732315402373e-01
9.456714485908372936e-01
3.940031803209431138e-01
6.584045109635403570e-01
3.218413411523053935e-01
3.711741137650906297e-01
3.431588682087585163e-01
7.556096568385103351e-01
3.745361451330390112e-01
3.714690515183748376e-01
4.182946787713026637e-01
6.275108077919023808e-01
9.751761999438695039e-01
8.128452723889825204e-01
5.381927450411390090e-01
5.782655448680030785e-01
9.502506989864079046e-01
4.212175689147220625e-01
4.207332593111152708e-01
5.708960117324691774e-01
3.999484501477112985e-01
6.689412665808833758e-01
7.966634801094768514e-01
9.382348087922489643e-01
3.981614530929258322e-01
3.350198489207296126e-01
3.633824171319081642e-01
7.037780362425311020e-01
4.535165392720306166e-01
5.222318048648560973e-01
4.153701070281624608e-01
6.195758344493346170e-01
5.780115273427623990e-01
4.465752617275227099e-01
6.851152882230587826e-01
7.165529985261057666e-01
8.609762254924064884e-01
4.455764233839056843e-01
3.425826286239161411e-01
6.371924405891250531e-01
5.627092806991494944e-01
4.425763597654278070e-01
6.442338530903426452e-01
6.252054406663890562e-01
8.039694858186808846e-01
8.946747239043643107e-01
5.322140068238657706e-01
6.156928194173479918e-01
8.009647625650015978e-01
8.187570978183160708e-01
4.482825838371088945e-01
6.728822273972048240e-01
3.218413411523053935e-01
4.986240831863518741e-01
8.691467621089316031e-01
7.831033637358806310e-01
5.334929198413809193e-01
3.677872220398480940e-01
5.679552972972800040e-01
9.101958006858238415e-01
3.218413411523053935e-01
5.605288980571647706e-01
4.733505964098288499e-01
7.412515997684772096e-01
4.235347522676488619e-01
7.300006070098213895e-01
7.965160445807809575e-01
7.877634897628532640e-01
4.522244931282292102e-01
3.218413411523053935e-01
3.879211281298467484e-01
5.077797978803241241e-01
7.052027992008932378e-01
4.171371085294401926e-01
5.606364324124308851e-01
4.652573596306788795e-01
4.100366684957817420e-01
5.961425460806322185e-01
7.828838509316126126e-01
6.298027490942457174e-01
3.707105057623108491e-01
6.705333336619646589e-01
5.433906836638321414e-01
4.389179541218868330e-01
3.449745711359461509e-01
4.492079744501030203e-01
7.209887073792613510e-01
9.524063016750502486e-01
9.782001163830523760e-01
8.893503943455171035e-01
4.374340344575723405e-01
4.320095437732173194e-01
9.161480780039750194e-01
6.243278472255560096e-01
9.889819459392421575e-01
6.249884724415646353e-01
4.297680115137710866e-01
9.273054323804241772e-01
3.449580591048024281e-01
8.092867519581423696e-01
8.023120303384160268e-01
3.504341175849746692e-01
5.667754616830886771e-01
6.508385945866799194e-01
4.563972500323241199e-01
9.680926228969642944e-01
8.485685796135711279e-01
3.218413411523053935e-01
8.360026903621060601e-01
9.804941910653132142e-01
3.399204575586812771e-01
8.188041410934197017e-01
5.419322982029732838e-01
6.510897892603683124e-01
3.551140149592674211e-01
3.929417577931652583e-01
7.018213782528814892e-01
8.850146369804707813e-01
8.600727559064584860e-01
3.218413411523053935e-01
3.218413411523053935e-01
3.797486217886712478e-01
7.479353896716992578e-01
6.904208843419196162e-01
9.110601966416348452e-01
5.898524438858535612e-01
6.292092625253966620e-01
8.239750751086786229e-01
7.440108509882574772e-01
9.134862445355956817e-01
4.202247287477641757e-01
5.429467940512863189e-01
9.849889302831512650e-01
5.937541340973535586e-01
4.639821185509304113e-01
4.260758177507275035e-01
5.856141278031105069e-01
7.130021606460412720e-01
3.885016586776239844e-01
8.247734072494952162e-01
3.837465646100207683e-01
6.269224769371442019e-01
7.449969902807734856e-01
9.850858611727795200e-01
4.965404881874623255e-01
8.682119477688838849e-01
4.390504567610828413e-01
4.709649856356374342e-01
8.765943913026575940e-01
3.218413411523053935e-01
5.243616755495098536e-01
3.218413411523053935e-01
7.873765046295451153e-01
3.871778286130770907e-01
8.008827111052234660e-01
4.440684136451470976e-01
5.808130848123294054e-01
5.811224282708972178e-01
7.648288645163934252e-01
3.414419967911168641e-01
7.985939257929079993e-01
5.150425088178225419e-01
7.748796227801658665e-01
3.218413411523053935e-01
4.107967623353607212e-01
3.296826365303981432e-01
7.919374288586165100e-01
3.232384968973805450e-01
7.712419285629672494e-01
5.640047374312247008e-01
4.574861623312050929e-01
7.647795933138317181e-01
6.541457482155385028e-01
4.689074813986367496e-01
6.010275064683034962e-01
7.326933338955289310e-01
8.879320109235893099e-01
9.777980412862380399e-01
8.592380525964390392e-01
3.973962992613008782e-01
4.637366566975385518e-01
9.189029108022617187e-01
9.054628133418767266e-01
7.889476069557751492e-01
3.378444588986768693e-01
8.192412391302913433e-01
6.159363262730542798e-01
3.648378276080365690e-01
8.405997889690635105e-01
7.538362785395320564e-01
3.218413411523053935e-01
3.863454095496137164e-01
4.726931439537958024e-01
3.959122857357323944e-01
9.868741901484490153e-01
3.820558881335117118e-01
4.121470948208117990e-01
3.218413411523053935e-01
4.936949574363156956e-01
7.688994133021578303e-01
9.795547487890431393e-01
4.501514204045561351e-01
8.148765899665516566e-01
9.472684356856977406e-01
6.428373866486228883e-01
5.640229439935194877e-01
6.900737130179405154e-01
8.069649215911847140e-01
4.546004970375249199e-01
4.991768210138664008e-01
3.964033900892696693e-01
9.707568594154162289e-01
4.378484284563596285e-01
4.846785256007890008e-01
9.556197814714790795e-01
6.680546341478622585e-01
3.259817030626621093e-01
8.134782549737193946e-01
3.756737419956159840e-01
9.272948701968194429e-01
3.562996583909034398e-01
9.437100471489353604e-01
5.702647471224324693e-01
3.566769220371250881e-01
4.356808991030382550e-01
7.545693888859671405e-01
9.829635709189337156e-01
4.656301071181365159e-01
8.979607287185729092e-01
4.942660109757067710e-01
5.124565839901942255e-01
3.293332753526072021e-01
5.092994362468418190e-01
5.420206679381961434e-01
4.320281602090198514e-01
7.438767613920977961e-01
4.690527008264779307e-01
6.650938149508494046e-01
9.135062785115123374e-01
9.038858921289574244e-01
5.093982130567040745e-01
4.937740268294373291e-01
7.227466223798539868e-01
5.113285732573189524e-01
6.611155088463944729e-01
4.616358143329912789e-01
5.090862459617090385e-01
4.530418708811058126e-01
4.445728136053067048e-01
3.245319137207631766e-01
6.435882558113259488e-01
9.888067272345237857e-01
3.668012325068194524e-01
5.806125205676326839e-01
3.319384940401168826e-01
3.427232783635939528e-01
6.917214671335377707e-01
5.507315945656887646e-01
6.491262460879143603e-01
7.725714024867441632e-01
7.840603254154860924e-01
5.236565532931528599e-01
3.291673868246119405e-01
7.788072056399290011e-01
5.118722379501379205e-01
9.617449541978803085e-01
9.332167977883363275e-01
4.431988320618618915e-01
6.439341456898324267e-01
6.408479714786733394e-01
3.580959755353008700e-01
3.299377422513840585e-01
3.242223323988954742e-01
4.634619767578463945e-01
5.976347910858778034e-01
7.555117288193757830e-01
5.323487049899607859e-01
6.156611792863788679e-01
5.106656291875700804e-01
3.940994174547622353e-01
9.588191524963753931e-01
3.218413411523053935e-01
4.265643429596200908e-01
7.804684938128724214e-01
8.502437210418904989e-01
8.229944654283052330e-01
4.132651228012712008e-01
3.920152870469377215e-01
4.206735928392145718e-01
4.797885135264824963e-01
5.496518278209089337e-01
6.676079348816562620e-01
7.030978114522061784e-01
3.710008298167594143e-01
5.343336963429300424e-01
3.990939601262078473e-01
4.452084249366354829e-01
3.459304825732092969e-01
7.170183301547763399e-01
4.349193470193462585e-01
6.036445481336026875e-01
9.683108698579484530e-01
3.669240356286707638e-01
9.734851794131678115e-01
4.144808142855445632e-01
4.239716965932940340e-01
9.478799745886878902e-01
8.391959126978922878e-01
4.710964374026875290e-01
9.871464184703214739e-01
3.600041400583362527e-01
3.762384756775427053e-01
6.462164569559871730e-01
5.168191452171947420e-01
9.041898966989044828e-01
4.749079728707557568e-01
8.774371615581569861e-01
9.899747569693078120e-01
5.028223948955824474e-01
4.020294815002742328e-01
8.152621346195958463e-01
5.826235479711036058e-01
6.550193122242088384e-01
3.857211654072724150e-01
4.425993628489125475e-01
5.969703572455403728e-01
7.002082806127651882e-01
7.476340391586961953e-01
3.442619078781000708e-01
9.664394868734647037e-01
6.515621820809904818e-01
9.328201034212179055e-01
9.306333069039788297e-01
9.575710571123434711e-01
3.218413411523053935e-01
5.115458101829177817e-01
5.640080273036609526e-01
7.516112064972135798e-01
6.087258682709046909e-01
6.914203416248673184e-01
6.530982257827070425e-01
5.720473193988997451e-01
7.265675319566257118e-01
9.744768213338028673e-01
7.104790043074494799e-01
7.432313460615711520e-01
4.154975264406536861e-01
5.372583323138644396e-01
3.251349750286525730e-01
5.769624049581965064e-01
5.132077304935751538e-01
4.004763246123794751e-01
9.912524960192393708e-01
3.507154216686766413e-01
8.006568234249875626e-01
8.104460677273368496e-01
6.029096083290909069e-01
3.875124862457584585e-01
6.390988088565232594e-01
7.869844074163565573e-01
3.696752783036614809e-01
6.700018111239295360e-01
3.778141862457389810e-01
7.155909847704802207e-01
7.644111273611380319e-01
9.278495089278222530e-01
9.036732477604808578e-01
3.974511332468197988e-01
5.843611881495047733e-01
5.794876658343645071e-01
4.156137267163026450e-01
9.159948257261201210e-01
7.850384426924753578e-01
4.457786109773074767e-01
9.668893792117173591e-01
5.226916084157696707e-01
5.529089804616262871e-01
5.169345126926307987e-01
7.035910736696877610e-01
3.964203621274195455e-01
9.967498475582747819e-01
3.368993623577651864e-01
5.743789678882739169e-01
4.995892612082898920e-01
6.546964316243989446e-01
6.595897164269367563e-01
7.338822910722876403e-01
3.218413411523053935e-01
3.895173673511905243e-01
8.536619917445296135e-01
3.814679249125866867e-01
5.756219145608174603e-01
5.270206732407636263e-01
8.170813304100770225e-01
4.281355653953989315e-01
4.610133521656428757e-01
6.281104284202104759e-01
3.927002172620378539e-01
3.965227601331262064e-01
6.375378643596417705e-01
8.742037574430665536e-01
4.787918014254782806e-01
5.313855379520859845e-01
9.804235490458914626e-01
3.642594083322953091e-01
4.208587374308259688e-01
3.274963633032710320e-01
3.243166616649520995e-01
6.448103158184447237e-01
4.607325699177433065e-01
7.009542124811984909e-01
8.556300405987264934e-01
4.090046469208056812e-01
9.989795468771391906e-01
6.180064743608885136e-01
8.039523178268076498e-01
3.218413411523053935e-01
4.347195995453309036e-01
5.006964180545151466e-01
6.174392160111000782e-01
4.005711852045569232e-01
8.052259101606007441e-01
9.163394222715186554e-01
9.167855793323190783e-01
3.501640945844718411e-01
3.265418965289698661e-01
3.624455810649236942e-01
7.220588804577235953e-01
3.418590802284602326e-01
6.578781028418341226e-01
9.863045685564963971e-01
5.544377039617519598e-01
7.229931016516391029e-01
5.636007119808960075e-01
5.787049581599491566e-01
5.749199587946378642e-01
5.523310216135081108e-01
7.366176478045088905e-01
4.648373861498483195e-01
8.083642924004712516e-01
4.203751035222579313e-01
6.201613418961045010e-01
3.218413411523053935e-01
4.819276047013104636e-01
5.567619414132896072e-01
7.588729983183387651e-01
6.159890091849016258e-01
3.730822258726942398e-01
7.547277716649457568e-01
5.033422994943740347e-01
5.356294857156544964e-01
7.002161649974698587e-01
3.778730801231979797e-01
8.715952465622922585e-01
8.118512830834696548e-01
5.487253405060431577e-01
8.995661848452223275e-01
5.192318082964249015e-01
7.995995529232692300e-01
4.334061254620141801e-01
8.279231351754012813e-01
3.218413411523053935e-01
4.732511526789748846e-01
5.351801028920208925e-01
5.008152664415859157e-01
5.094391205045074589e-01
5.439632730618305656e-01
7.141364819324236279e-01
9.509595149338010422e-01
8.126029744469146499e-01
9.342143220145092686e-01
6.436119407572876705e-01
4.027371334219393417e-01
7.384814368376879656e-01
5.207487843481816148e-01
5.958492579592122862e-01
6.330078478953240495e-01
9.075003075083553084e-01
6.395028163874085791e-01
6.921851049931621036e-01
5.880396065072570622e-01
3.429842515874400588e-01
8.573809663925843205e-01
7.253510968339991205e-01
5.255253430778653589e-01
6.523850036607996561e-01
8.199682151506663130e-01
4.812783115784519672e-01
4.926513649607607848e-01
7.298645916216403018e-01
9.849833591079961703e-01
4.179706602728214815e-01
5.112452837787053728e-01
3.360554561035986043e-01
9.265892845500695030e-01
7.994951281851019331e-01
5.462119509735449130e-01
4.180269525748659398e-01
3.218413411523053935e-01
3.365580820986217025e-01
5.294899601878223505e-01
3.218413411523053935e-01
9.858860074186374112e-01
9.181087954028686049e-01
7.871317652001128540e-01
3.218413411523053935e-01
7.846925355162733817e-01
7.200091139547611929e-01
9.205198694446119489e-01
3.737692038922080795e-01
6.861174911744944982e-01
9.449626593130798780e-01
3.860246645257746634e-01
9.320412489141920442e-01
4.038581590645662356e-01
3.943563125706782690e-01
5.550979220332044051e-01
5.132915357760635677e-01
3.892183865031685897e-01
7.498239726766501301e-01
3.509813062577296083e-01
4.935699522351034707e-01
3.328207723547383368e-01
9.802217516634720296e-01
9.387269545311136554e-01
3.986264952827066610e-01
4.159381122035058498e-01
5.752391655463801046e-01
6.337485905648901907e-01
3.632698252764861580e-01
8.423199567067132243e-01
8.156564743272766149e-01
3.328776052446281164e-01
4.554735604610934963e-01
6.225658026183561455e-01
6.034043940757009006e-01
3.773765011928583157e-01
6.642371719281768838e-01
8.817508712218874445e-01
3.338129754560573148e-01
9.944703252657810522e-01
4.003474059718030165e-01
3.482087780836424784e-01
7.980000277585873603e-01
5.439209618286761083e-01
4.138128828338176746e-01
5.236146417697663535e-01
5.064380288006360420e-01
4.809134375816073725e-01
3.260598837218158241e-01
3.790074352375467637e-01
5.701030739251424784e-01
3.756312064916690341e-01
5.944045341501063007e-01
7.282738277696159113e-01
8.916200025447722499e-01
4.540499738554143461e-01
5.263772757822755555e-01
4.006566538128434329e-01
7.155912880868645631e-01
5.394267504926892887e-01
8.487833325901228410e-01
3.935298830941653669e-01
3.683616732023687335e-01
4.533524994034708322e-01
4.100077519024424300e-01
7.829918780272379086e-01
4.872082612965257242e-01
5.072993131971300640e-01
5.928129002400591707e-01
4.596734890004806617e-01
3.900894663240208060e-01
6.489516611958918713e-01
4.723222745858335347e-01
6.990270746035827099e-01
5.198709573339344026e-01
8.153632092003980647e-01
9.118520694294383055e-01
8.182776146906689529e-01
4.962774627413286677e-01
6.147354432693079573e-01
6.083117899051125876e-01
4.840721599140110909e-01
5.524611011266621352e-01
4.567302964189079439e-01
5.648077851770337832e-01
9.494990773428630959e-01
8.463774907730184927e-01
3.395435452005271526e-01
5.000279081793718161e-01
7.252652655021768480e-01
8.329281690587182485e-01
4.774673249442497602e-01
4.860155787611212252e-01
3.218413411523053935e-01
5.584056925652811643e-01
6.396800471482703143e-01
5.675756959508256871e-01
6.093439361848188573e-01
5.330916769801886668e-01
3.218413411523053935e-01
5.681276716595504706e-01
4.820773346885611210e-01
9.662241327358342957e-01
6.763135894667353654e-01
3.354152653709543408e-01
7.279452981624457975e-01
9.097041063614776935e-01
7.012980608688983430e-01
6.431884589952461262e-01
8.418228797590530110e-01
5.908785558243403457e-01
3.321454799107874667e-01
7.913408157643057050e-01
8.288124315563053512e-01
5.017039772276367104e-01
5.698606291948872249e-01
7.801972212186744082e-01
9.332360887742809918e-01
3.218413411523053935e-01
6.339595460997892173e-01
4.482227522055159397e-01
4.253732315629087934e-01
3.900911655839275349e-01
9.832406108341410489e-01
8.066764710929512638e-01
8.478679710402735603e-01
5.318850564074175669e-01
3.822387102616643384e-01
4.815454806428259849e-01
6.813478923743684357e-01
5.465549697048384115e-01
6.077342925408537599e-01
4.760044038953403223e-01
6.651000430334421676e-01
7.185674919494191570e-01
4.172236482846579664e-01
7.569015365345523882e-01
5.039855230504107775e-01
8.655204964406968404e-01
8.012162270676067566e-01
5.545112243026177890e-01
3.939945008463630605e-01
9.138167723341527049e-01
7.543497259076049621e-01
5.983565659778212753e-01
3.220758623999767090e-01
5.636534029290332093e-01
8.096184257376511928e-01
6.501210347111524568e-01
3.324586678108996107e-01
8.733081582191518644e-01
4.986597187327819203e-01
8.882897275273617943e-01
3.255208134860012037e-01
5.818194716273297207e-01
4.562888230656331201e-01
5.337186933730251326e-01
4.846969783101161555e-01
9.248463086746774309e-01
7.594047877256284718e-01
6.164594113485216686e-01
6.457855698601563388e-01
9.540001025079661856e-01
5.133180143242647153e-01
5.662079471128305119e-01
3.926538162226756445e-01
7.532386895645600822e-01
8.753915671391129250e-01
6.494274972260887235e-01
3.218413411523053935e-01
3.612900580291085184e-01
3.271483123429583251e-01
3.218413411523053935e-01
8.482586745531891514e-01
9.711168687673051858e-01
5.969730863003090970e-01
7.062460412158765299e-01
6.228579870650169381e-01
8.570730158747017491e-01
5.328128507313989459e-01
7.529506889978911932e-01
7.760431474176214817e-01
5.712909644086761052e-01
5.020333830576272360e-01
3.669880809168579727e-01
6.364725655595256937e-01
3.894769325954308137e-01
8.117084217687879910e-01
9.671515629726076257e-01
7.766226401168375704e-01
4.174647515914200469e-01
3.783817082523844855e-01
7.005476257578638899e-01
4.937533678027605233e-01
4.449772684417784840e-01
4.124613913811067123e-01
4.096614420995386419e-01
3.218413411523053935e-01
4.538524612642457212e-01
8.698687034342035274e-01
4.303271626184863585e-01
4.753893035216604779e-01
4.049601994866723342e-01
3.337375566914319025e-01
4.171538827274688943e-01
3.369696626371641024e-01
7.625705403227557300e-01
7.700791952007848273e-01
6.174281666341538966e-01
8.035777565016185564e-01
9.136586254635955529e-01
3.740420395193979064e-01
5.142701221979167903e-01
3.704829251488676589e-01
4.328701888517220153e-01
3.268594918717842579e-01
5.281864777627792717e-01
4.509359507191000316e-01
3.346893072335947461e-01
5.617821982709567674e-01
3.218413411523053935e-01
8.779821445650063394e-01
8.420288344527108171e-01
6.545024021068257536e-01
5.435231432840590404e-01
5.524438293413943546e-01
7.380556638405968428e-01
6.378428739196919661e-01
3.218413411523053935e-01
7.142425310231688140e-01
5.825359002384379314e-01
3.794528492451273438e-01
8.081206494808831353e-01
4.897257575328904933e-01
5.228299234846950361e-01
6.551851009751982202e-01
6.580214438726496029e-01
9.573139134912014292e-01
6.985809495457390161e-01
9.233514278192901381e-01
4.277205331784622588e-01
4.014064794898266064e-01
6.043440483702439137e-01
9.414162954304454711e-01
5.657403506123929171e-01
4.327018760886620075e-01
5.024883668903118439e-01
6.857013476233777549e-01
3.979962514154795072e-01
5.540449562224102342e-01
6.371222593229320941e-01
8.394257729594499784e-01
5.555970460733913319e-01
5.340670513572788325e-01
7.250642056202943886e-01
4.998274412279657963e-01
5.163434713036972878e-01
6.207076861481075625e-01
8.094751725427034028e-01
4.184020468240765012e-01
4.415173695921000285e-01
5.806146854829059567e-01
3.218413411523053935e-01
9.082601421079403714e-01
3.363326335298599812e-01
7.763210303892574826e-01
3.366967912809937236e-01
4.992774729950719137e-01
9.946499512327229287e-01
3.974120631233514223e-01
5.708987070725914936e-01
5.394455575354205612e-01
3.354592883061107700e-01
7.127270901537073877e-01
7.168539883165566673e-01
4.314928674873945713e-01
4.249015703583174930e-01
7.639307843254514729e-01
8.360348150032356207e-01
4.239768994446631578e-01
6.041371006527624932e-01
4.490664104312376281e-01
5.292617010500373365e-01
4.976382445204597382e-01
9.336099217080170432e-01
7.739985714630996938e-01
4.058928424490790277e-01
8.623698040775288343e-01
7.689819524622851787e-01
6.574946099704793712e-01
6.307659722738591102e-01
6.113467297909438436e-01
5.569772750650566762e-01
9.099697172332740225e-01
9.426485084604856457e-01
7.385722152833613663e-01
3.761703011655733730e-01
3.497740818837403176e-01
9.921972142870607581e-01
5.065183003608986212e-01
3.650957797416105044e-01
5.957299483174691712e-01
5.670182032572361752e-01
6.076702395154319758e-01
4.475976204488777421e-01
9.112005369199996929e-01
4.170192421507774583e-01
9.340308345185881489e-01
6.196970123540803677e-01
5.645516121960021394e-01
3.406581199205648836e-01
4.730514862495956985e-01
6.938047101336056732e-01
7.697597481355025195e-01
8.575613726975453988e-01
6.755721360523011532e-01
4.647512345798882061e-01
5.846884804670410274e-01
9.049373850005921760e-01
5.660465838917995152e-01
5.080542098193757683e-01
4.050680993369743521e-01
9.932046734241364305e-01
4.381348798087588148e-01
3.883207055528813956e-01
5.249693755500026704e-01
4.147752279196180170e-01
4.637544450520214023e-01
7.429967091658059575e-01
4.195181040191108823e-01
3.775699229601529039e-01
4.485009700380053754e-01
6.957826827083919419e-01
4.947899141316601246e-01
6.416297360520162307e-01
3.933761464342013237e-01
3.455501917380590093e-01
6.368640245288323953e-01
7.600642814942122349e-01
4.558793008306084027e-01
3.218413411523053935e-01
5.026207464685601423e-01
5.684053531090037525e-01
3.932427434867655225e-01
8.721508273910004716e-01
6.009981043755624475e-01
6.776513433627950889e-01
9.997458443285630603e-01
3.656655146066090101e-01
3.400633312829908217e-01
9.680562254861277971e-01
9.214654774824103667e-01
8.786257543009955429e-01
6.727497371496777845e-01
6.446672749649392520e-01
4.898681446925474692e-01
5.039903728884753686e-01
4.449567114252662714e-01
6.794555020725473460e-01
6.343113280845479318e-01
5.666305787183664178e-01
5.157336409328955318e-01
8.330083583894140054e-01
7.575046397156529610e-01
6.473612748177677290e-01
4.783446412990376428e-01
5.529511086171858825e-01
7.688438763378623308e-01
5.721541162988704743e-01
3.218413411523053935e-01
5.275321592795881864e-01
8.336818061437601957e-01
4.774503551174138494e-01
9.958507348443157436e-01
6.442448854382102352e-01
3.734691969152834634e-01
3.476530239383747167e-01
3.221121480254376945e-01
5.648604219613949651e-01
3.426988719141092488e-01
4.059997180352363788e-01
3.218413411523053935e-01
8.577619162694396504e-01
7.566310445618616987e-01
3.299235105343029106e-01
7.992780924814023580e-01
6.374666945446652022e-01
5.433735398910607417e-01
5.303100788566316171e-01
9.830152663356751530e-01
4.950764209563568441e-01
8.795881679273251930e-01
3.826559981350968753e-01
4.085399922729170408e-01
3.392725268866989552e-01
5.140479596169460486e-01
4.379063598481764963e-01
6.873642386450360409e-01
7.608378771689526809e-01
5.780992943512679449e-01
3.342493788787995745e-01
6.020387030454876776e-01
9.284414041050105260e-01
7.551952766321748944e-01
7.049042066242489080e-01
7.001088531597311482e-01
3.987827108059507353e-01
5.006428457917451169e-01
8.149519898283232866e-01
4.539548455237216729e-01
5.047857131345463433e-01
5.122092500023627260e-01
6.027452371542812992e-01
6.724966856564712492e-01
3.381284080663130021e-01
7.025264135789307529e-01
3.461831090183695725e-01
5.162786492145887696e-01
8.929459327456421569e-01
5.563408224130339530e-01
3.510283705244887642e-01
7.629519573371080776e-01
5.932770461816186947e-01
3.493090230704363752e-01
6.667758672658481434e-01
9.780367157466425265e-01
7.993855414517744284e-01
3.218413411523053935e-01
4.024644234277925392e-01
4.025935379605371511e-01
9.900203102509955722e-01
5.067215613614524106e-01
6.466938941799592611e-01
4.196173341846719529e-01
5.858324749417644917e-01
6.622912458806636815e-01
7.133098131074353532e-01
6.643859699270233676e-01
8.680068271595325902e-01
8.041344193687964825e-01
6.130678999281897745e-01
6.768689018216655917e-01
4.491200582719296897e-01
4.839910077417741152e-01
6.261337542468117245e-01
7.016738483752472666e-01
9.138015371132491849e-01
8.084284976217884777e-01
4.148877899262480851e-01
9.809170304961233322e-01
5.209374515202808142e-01
6.612736781006246511e-01
4.773917684171484765e-01
8.410732631806621118e-01
7.077966037941519906e-01
9.563788098539076632e-01
3.998841784634213914e-01
3.345039021512484223e-01
5.816590482291643660e-01
8.220604161040233615e-01
4.795678877186015931e-01
4.937374091684121891e-01
5.976080397926352150e-01
4.955184278909455786e-01
9.897300206791747046e-01
4.145984524349904388e-01
4.964995532290523705e-01
3.218413411523053935e-01
7.006399322413903175e-01
3.540671078894161994e-01
5.140373003757068293e-01
6.141864780270187563e-01
3.701042440522968602e-01
3.771357014422146436e-01
7.045014342610576019e-01
7.100412153472611676e-01
7.162140427108147911e-01
9.003546204026313671e-01
8.372454245708750298e-01
5.724010984897911491e-01
6.085379960452961257e-01
4.089289519757077773e-01
8.325965828590158324e-01
8.442251161436641338e-01
3.681973127108163490e-01
8.194756300053708253e-01
5.518128648285129945e-01
4.441437716414372017e-01
7.707275449366293163e-01
9.211348152090342856e-01
5.418532085388526598e-01
4.910371160481437625e-01
3.540306359277132775e-01
5.389324697094066696e-01
7.136316845800434461e-01
3.987661496753414081e-01
7.753624940450998260e-01
5.486128668732815905e-01
5.479983779810357891e-01
7.254317013303814843e-01
8.809350033247039802e-01
4.581691676743639974e-01
3.810451553983316697e-01
5.180676076892001269e-01
5.152074534757259405e-01
5.284322074137843828e-01
3.479455559618511717e-01
9.602439437084794305e-01
3.688408714598787608e-01
7.907113323524795900e-01
8.086523950501037783e-01
3.445656256523276229e-01
5.114926040838843058e-01
5.035141809446957994e-01
6.301890657853255195e-01
4.212447269205924494e-01
9.597278631889981648e-01
4.871284927012833887e-01
4.404998616062710814e-01
3.700720594133269370e-01
3.809841966256357626e-01
8.986583453853104198e-01
4.479122049635826386e-01
9.456598002341147780e-01
6.124706947899403175e-01
7.547113907763984830e-01
3.559764359384047783e-01
9.173538788184145698e-01
9.033288939165897702e-01
4.529153609137682168e-01
3.705267552746882020e-01
5.966393120102404524e-01
3.218413411523053935e-01
6.407586127063062964e-01
6.499013247822873485e-01
5.085812109290582805e-01
3.845481874375750175e-01
3.704340533813572645e-01
5.998827562556705573e-01
5.607749609704800742e-01
3.904695403724260383e-01
3.218413411523053935e-01
5.572866970976854128e-01
5.695031677807308457e-01
4.804338017620739532e-01
8.363138899349543687e-01
9.622260659207312328e-01
9.084042805710671464e-01
4.894001009606396280e-01
5.942723970970278380e-01
