4.543193887841648348e-01
6.576409705751017354e-01
1.242960017504100900e+00
2.030724711089135326e+00
1.196538840243662083e+00
7.810797682396031227e-01
8.175756786093155704e-01
3.218413411523053935e-01
3.454118515755801866e-01
5.264907449245944449e+00
8.805637757616618932e-01
2.251372429840451161e+00
3.299631948520633795e+00
8.585323034488828720e-01
7.906546239101205353e-01
3.596990418563547731e+00
3.218413411523053935e-01
2.525674356546538935e+00
5.039181068506536354e-01
2.027652471258375222e+00
4.133671045385295173e+00
2.539551604116692562e+00
7.168621594864227342e-01
1.549702768976854106e+00
2.482899710351452516e+00
3.685362534370876464e+00
8.218695092851147077e-01
1.676543159201693056e+00
1.414650032779272593e+00
1.524601726858648254e+00
1.808392160239088664e+00
4.203571243891400577e+00
6.810976455659457862e+00
3.876485525179304004e-01
5.290543209122794188e+00
6.483798034485114492e+00
4.210202888058143245e-01
6.768491044921768562e+00
8.145397438029775561e-01
1.606595320616414080e+00
2.220381792649069208e+00
6.006109834895143607e-01
6.486049026464250744e+00
6.101585662035461377e-01
1.311064762124284577e+00
2.701569403595543761e+00
2.391143695416679371e+00
9.540195163850507809e-01
1.877867934694655183e+00
3.218413411523053935e-01
5.328317489088555403e-01
6.463122538206224066e-01
6.907670564806966951e-01
3.592499703341294648e+00
4.610355512649904064e-01
4.987404815957791615e-01
6.776841818597437950e+00
8.015358557191986089e-01
2.456293450868370254e+00
4.128565299704407110e+00
7.879722291879696527e+00
2.092171915669405191e+00
6.970190650079874928e-01
1.103963261491407000e+00
1.364939035831450154e+00
2.196882236511720876e+00
8.649880626638584147e-01
2.043263572681160323e+00
1.944306604832240826e+00
8.303500455942277592e-01
5.991338209086758404e-01
2.090992108024489760e+00
1.359874565866920904e+00
9.319640040512484624e-01
3.571085546474312533e+00
1.965574897219292794e+00
1.732007180364502519e+00
7.654006157132801746e+00
5.170530014926868478e-01
1.386752679859267978e+00
1.105113984032991103e+00
3.497315750049385663e+00
1.465583211710552725e+00
6.913318665567869559e+00
7.549708753629512659e-01
6.729761970710018915e+00
4.338473458822342366e+00
1.669580194950950336e+00
8.040807267179721496e-01
5.978763685313570164e+00
5.082657049294689866e-01
3.633260895396830836e+00
5.168446638011461314e-01
5.322340892768310461e+00
5.854736277677361489e-01
5.202710015260787912e+00
9.282784158624455273e-01
1.692824626320764025e+00
1.125385966160255879e+00
3.664507989448153147e+00
1.384963250662919476e+00
1.853363336835998298e+00
3.056300722089099420e+00
3.679995749584816789e-01
4.398328166669603356e-01
6.404576292304664520e-01
1.699970121036553650e+00
8.775654302511406435e-01
2.980056848130204550e+00
1.255047046595650473e+00
9.785641415141881350e-01
1.664407604441976662e+00
1.871287594503584506e+00
7.420086306319441105e-01
8.190578549138688658e+00
8.937001640223448673e-01
3.966911988503005748e-01
3.286492841530240128e+00
4.004032175915389402e+00
3.941382314262778519e-01
3.072944577008023259e+00
5.273699521019369563e+00
4.351686349271179921e+00
4.235792829023337092e-01
2.962319060493581180e+00
2.447193157835298116e+00
2.052718344509377513e+00
5.146612107640977207e+00
1.233939499938850881e+00
6.073232067758810304e-01
3.388513544341225092e-01
8.372533284486696203e+00
3.441455117582835843e+00
5.248096559959984919e-01
8.096480945267575668e-01
3.404502036239920870e-01
1.396744584344673745e+00
6.325239976619334570e+00
3.150801492511368096e+00
8.126067159518198801e-01
9.209256478808596214e-01
7.743257860864786180e-01
5.179198907720791389e+00
5.830164576265682186e+00
4.003635984665153136e-01
2.175958456261919860e+00
1.643535421048880840e+00
5.639811820762571370e-01
5.915832329508791787e+00
1.268985544632040385e+00
8.707173372712133652e-01
5.451821885873644469e+00
4.468455364182600142e+00
4.513474011796794194e-01
8.130945960395317584e+00
8.545717003325673522e-01
5.496016426768964847e-01
1.631011200598580402e+00
5.358842524502779092e+00
2.202940591972922579e+00
2.475893161452630942e+00
2.049190576531145336e+00
3.827485535808287098e-01
1.885709892852165614e+00
9.839194225265247562e-01
3.920920509645177354e+00
2.442193182787875561e+00
8.370001034532874584e+00
5.903957596449759260e-01
1.252847746611875923e+00
3.389001349026200538e-01
9.658590675159404171e-01
5.134605753946480666e-01
2.546716854820907816e+00
1.689570937480397772e+00
1.322835546574659960e+00
2.174447628348407768e+00
4.489049595962326111e-01
1.470907484386971387e+00
8.235142157449305556e-01
5.929466876827040878e+00
3.392909976043482767e-01
6.523630435137067751e-01
7.264798408546144781e-01
3.884612638793566441e-01
3.576167174499382817e-01
1.525399361780307439e+00
5.767275922694332646e-01
5.430631791943551612e+00
2.341286956778876327e+00
5.954164411212945041e+00
5.661401590830827946e-01
9.839624658105760036e-01
7.852085176315108050e+00
7.540310026419152933e+00
1.278875773824290629e+00
4.459584866088996402e-01
3.578826439416820104e-01
5.065956480775122284e-01
1.228409051385354056e+00
3.937855796954054188e+00
2.051098209845300335e+00
3.557995839581719610e-01
5.247887708766011405e-01
1.216733267899571924e+00
8.971206297252454220e-01
8.440679674703053248e-01
1.344510286297428081e+00
6.925283872787497685e+00
6.654464025255578674e-01
1.105513640191579938e+00
1.123200336763100049e+00
8.322115588509378270e+00
6.290186753540301101e-01
7.791329110360066812e-01
2.408764076427279743e+00
3.218413411523053935e-01
2.039963165111302601e+00
2.392748272853890246e+00
5.402582103518031031e-01
2.638173041494372928e+00
4.366537113423081817e-01
9.298068767753411734e+00
2.028582894096965461e+00
3.469962767581880936e+00
5.769558048882388324e-01
3.481106279158610484e+00
8.466560408712476837e-01
4.229422046213289765e-01
1.764747276329516890e+00
4.427698318078533646e+00
7.837763511544395545e-01
1.278818317466404730e+00
3.303242072598842061e-01
4.889281696379545572e+00
1.415410944811488880e+00
4.064783885656626516e+00
8.377437802143828938e-01
3.324017224192094000e-01
6.524854439038546561e-01
8.317832308515985540e-01
1.394881851040233656e+00
1.158666937362146543e+00
8.774164136378638235e-01
6.364487645614106626e+00
2.521247079806941294e+00
4.479185635785152275e-01
2.155698968574733421e+00
3.969195184765728079e-01
5.138988693989202661e-01
3.497016877204567331e-01
1.322524006392214568e+00
1.455080846564825725e+00
8.602250878412806001e-01
3.335845950251511982e-01
6.217538229896314439e-01
2.470232278786907543e+00
1.391362691748239566e+00
1.019447821159334300e+00
5.061448685091871624e-01
5.111686382120274708e+00
6.501564287970297285e-01
4.229431574598260246e-01
4.374971070025615028e-01
4.363210355241894378e-01
4.178740764675780706e-01
2.582490605051972921e+00
1.112406993289954960e+00
8.575574233229664500e+00
1.686149908822410115e+00
2.279923810345289681e+00
1.252711730843380389e+00
3.650299936908214526e+00
1.166637619842741946e+00
3.803367422731456782e-01
2.598574914266649216e+00
8.664474199633926954e-01
3.958640084283120975e-01
1.399476861374686854e+00
7.084535118744509363e-01
1.074916354888356462e+00
3.898204553433802788e-01
3.194865139955121336e+00
1.772573078770308230e+00
5.273603204341397177e-01
7.442431654791048512e-01
5.221872868541906243e+00
9.602222213521052208e-01
1.864609107517508635e+00
1.200127839664846263e+00
6.293543996670223351e+00
1.580138083294884144e+00
5.636498537032682554e-01
5.232215881982682504e+00
5.336213041623063091e+00
1.534159696503542669e+00
5.068212093916319994e+00
4.018845792916498350e-01
8.654617796768991900e-01
9.252640552861325363e-01
1.025753941178466411e+00
8.767645765944493963e-01
5.664975357127518540e-01
4.439420620780121673e+00
1.143818268007238625e+00
2.184687144861866326e+00
2.284394864578580542e+00
1.979660776707696801e+00
9.911350868696788829e-01
4.163366111028533045e-01
1.059472309671628087e+00
5.836248574816158552e-01
4.650768551018285013e-01
4.705117535398446016e+00
5.181185705521055285e-01
1.205405287276216431e+00
1.393744723230940785e+00
4.694403044288669946e+00
8.206501140565286567e-01
3.328418526870081107e-01
4.931977784368021034e+00
1.587297082512695967e+00
7.236327183883319858e-01
2.053171959920916834e+00
5.297290314475588069e+00
3.854026961617296743e-01
2.302685780590003173e+00
1.338684512445293517e+00
5.369556005942376586e+00
5.306143411102736351e+00
9.722295172443822242e-01
3.620501252775941703e-01
1.451890583568205217e+00
2.799006264918973752e+00
7.785972398679477990e+00
7.221676093594138202e-01
6.626129059292660273e-01
6.806545181692554847e-01
3.683170710197620212e-01
9.777227632022629678e+00
5.900966381262101601e-01
3.218413411523053935e-01
4.852369090074897806e-01
3.825155013626525546e-01
3.446913238031260596e-01
1.321970011263054134e+00
2.250018657634836661e+00
3.775569072739894949e+00
9.724999666580835811e-01
4.389787342951962934e+00
6.410598906084294057e+00
7.509848987653950925e-01
2.372110029261755848e+00
1.052381680205916270e+00
5.097440874080545470e+00
6.562048084548312010e-01
5.429785908060949851e+00
8.409287456716089126e-01
1.065130567331617595e+00
4.525483753791598396e+00
8.750507636783510179e+00
5.846131562287717465e-01
8.398393972496683846e-01
1.196660505816559361e+00
9.440599049380459240e-01
3.796798799268653046e-01
1.343549371731198816e+00
6.193714825311535943e-01
1.650794470065450659e+00
5.897465918083223180e+00
5.834441271156930675e+00
8.115435223791099828e-01
5.791194468175960841e-01
2.004593572868154538e+00
2.560176164175415714e+00
6.881923309318024096e+00
3.241382477672815732e+00
1.594875896666325676e+00
1.432903625673979553e+00
1.326741218545685719e+00
4.435446894848524280e-01
3.346306502020514273e+00
3.420293460119626650e-01
8.763317908625278818e+00
1.654901717579858156e+00
4.137677411792114235e+00
1.236713308493108565e+00
2.176993222114373516e+00
3.986076619418922995e+00
1.456449605410603754e+00
9.931331606878495144e-01
1.662440990852769307e+00
4.609638629698976087e-01
1.440920186438257922e+00
1.695910615392057341e+00
5.121328356060494968e-01
3.309604985494119411e+00
1.049882494397319732e+00
4.302006867709419424e+00
3.632810763530681664e-01
1.312236064427509064e+00
3.364222556216122317e+00
1.771473991060538156e+00
1.549683709336435067e+00
4.439114903009625301e+00
3.663297028551465662e+00
1.856988009209584067e+00
8.897470300373063745e-01
4.309014600342469414e+00
3.218413411523053935e-01
3.278979071808488577e+00
1.622066630610208060e+00
5.253568312082224523e+00
3.296187729971318703e+00
1.902234659341296652e+00
5.018125960936589136e-01
6.506424236321958432e+00
4.172388376455341552e-01
4.786452972923215254e-01
1.345969354897459169e+00
7.625065408990971960e+00
4.285694741524667117e-01
9.795006888891414354e-01
3.500399460667498186e-01
6.979518342898636263e+00
1.475264368827325256e+00
3.263886163785584937e+00
3.482507123181703967e+00
7.485793411805601316e-01
3.348954471356533791e+00
3.814358496825835942e+00
6.050300929236104963e+00
4.179586346848846445e-01
3.042548028184410835e+00
1.165695545868530303e+00
4.130069044577338921e+00
3.402466705241492750e+00
8.026593812462875510e-01
5.814198607334406077e+00
5.565112855132106073e-01
3.497628296832205885e-01
8.646029879392220785e-01
2.411617201000705535e+00
3.847821144424323214e-01
3.910845980891939355e-01
2.916453895235662674e+00
6.545886782918409752e-01
3.787017669014995369e-01
4.744386348432571232e+00
6.364337308275367366e-01
9.184448783682294115e-01
1.475143247009422787e+00
2.247334448642285043e+00
4.008164008974539172e+00
5.888413768484871413e-01
3.863041458011293172e-01
2.058741796411907909e+00
5.406261584530748232e-01
1.959158924184863704e+00
4.396813594830929262e+00
9.853783959270356885e-01
4.056507325649849061e-01
2.046044301113687514e+00
1.076325026623163650e+00
1.980163094273748037e+00
5.277578190957300519e-01
5.842272804455376445e+00
1.497234551207223818e+00
7.839091164171353432e-01
1.210288952356934900e+00
7.618670521282908670e-01
2.299266954047051392e+00
7.434870799760098237e-01
1.694596069077767275e+00
4.514577074197910989e+00
3.748240753449067153e+00
3.938149089916112011e-01
5.218013206573218987e+00
5.923914390956255271e-01
4.122881239400252973e+00
5.404811756062647410e-01
4.702126042078104140e-01
3.218413411523053935e-01
3.592459655244832906e-01
1.829782604180375305e+00
3.273516286617398907e-01
5.830886902079718270e-01
3.241528222123188918e+00
4.022988343487834406e+00
1.753019827951175280e+00
3.460976774524279431e+00
4.014897350669937914e+00
3.220366885198391760e+00
7.945413136991267278e-01
4.618567843960996733e-01
8.345929249654148174e-01
3.688941896257620923e-01
4.767911399519706439e-01
6.950174697775354238e-01
3.329342609207021297e+00
2.172424044988001679e+00
3.986252575355937466e+00
3.656574837796232602e-01
2.208532353549568672e+00
7.379767991242237590e-01
5.221098088803628468e-01
3.529767442379998066e+00
3.361038817418149915e-01
5.820914897318180792e+00
1.768682430787527515e+00
3.542556636758841804e-01
3.754240504850504756e+00
2.818943374468975360e+00
2.295768044804487484e+00
4.749370777726589776e-01
1.110267180008881249e+00
4.435557581915894887e-01
7.465689143322279619e+00
2.207063222916954892e+00
1.658300045313854332e+00
4.267779058135012793e-01
3.553842348480220181e+00
1.355590144209157799e+00
1.316578916974496805e+00
7.827392338287161300e-01
1.089592885322365090e+00
4.411124763575973162e-01
1.566524582181976433e+00
6.819191087713408983e+00
7.560537878039469417e-01
1.672822225183798972e+00
7.411884935500630434e+00
9.003750821080235278e-01
6.912277162604519631e+00
3.312295535063987550e+00
1.911796766704772832e+00
3.895586671404362433e-01
4.725304530379702550e-01
2.140062961784965800e+00
7.892202980743451279e-01
4.883311235066564393e+00
7.941258140397526866e-01
5.398399699850039646e+00
1.680104900709849636e+00
6.555804602396660963e-01
2.529781537365724642e+00
6.578548889388419196e-01
3.233720615701866308e+00
5.704237322663617604e+00
6.300948966142482233e-01
6.354067332225212805e-01
2.341838513589321824e+00
6.386792275421722120e-01
1.025718497568872234e+00
9.608518614426987403e-01
1.265840604261975866e+00
5.030650464743331440e+00
2.484463212125826104e+00
8.919135029874011522e+00
3.051404624715529312e+00
9.157912609932928882e-01
1.819805400144279828e+00
4.601145560584843919e-01
6.165932581141055024e+00
6.268184434461228527e+00
2.974127237119054801e+00
7.642253046048998577e+00
5.103798936732920621e-01
2.550570952273313097e+00
5.215489001420275939e-01
7.580175743806119026e-01
4.726765346610145357e+00
2.096245500098955716e+00
2.380496210689807324e+00
4.670130950039434459e-01
5.713435606158898672e-01
2.384275774141547011e+00
8.387387063340376869e+00
2.498407398620890341e+00
2.953212557923445392e+00
2.355552649948469579e+00
3.622753703373367551e-01
3.373277539788145929e-01
3.255008680214627748e-01
3.529283450990777782e-01
9.382958312220215369e-01
6.542357118256271198e-01
9.958256993806836599e-01
4.188912711136765776e-01
5.132636379974742091e+00
1.654429288123052233e+00
3.935369039502506716e+00
2.990471610822841964e+00
1.964771534534935249e+00
1.870147663396014126e+00
8.277320150934661669e-01
6.677105802887406405e-01
4.941295916394125243e+00
5.955694082399304312e-01
3.602123858777382948e-01
3.735293299346093665e+00
3.959093663136450392e-01
7.872714480729232633e+00
2.869771098908521001e+00
1.454364367918318468e+00
1.150535332192902604e+00
6.118427936510575371e-01
2.807735918052324919e+00
4.800239253920130622e+00
3.845437915698460607e+00
2.580943823414990845e+00
5.068780697259407386e-01
1.561176453032995681e+00
1.551407111426057250e+00
9.198436603990018945e-01
7.673063135252651268e-01
9.001805563068929761e-01
4.667452965263624520e+00
3.218413411523053935e-01
1.287535922676718680e+00
2.313957211818344017e+00
1.381651578891972543e+00
7.474901210170661336e+00
1.238308150018934795e+00
5.844807482580124391e-01
9.409463845979425534e-01
1.854237540370536674e+00
5.395151160388036438e-01
1.759605950914081562e+00
1.402270428088739918e+00
3.814309023129031084e-01
2.433383735941308856e+00
5.347135237225927318e-01
1.827613508729297509e+00
3.569876314644599091e+00
1.658141958219456980e+00
2.902918190599625081e+00
7.787227863582546483e+00
2.247930811509998072e+00
6.766588677748973657e-01
3.218413411523053935e-01
5.424796596486320510e+00
4.428352743012573534e+00
7.333862050130690591e-01
1.390304105042974525e+00
1.720838296562062553e+00
2.500729357025456956e+00
5.166917874110368736e+00
3.868352358076355135e-01
1.126185281232834345e+00
4.022838234795821366e-01
6.042100263909999214e+00
4.171877643888356246e+00
3.667371465153602128e-01
4.079574375502329708e+00
9.500201217057001601e-01
7.281311070018696707e-01
9.545510791722442434e-01
1.203970854187834227e+00
7.265230184898942012e-01
3.614584123068951826e-01
1.404858290655725650e+00
6.231374411014525272e+00
3.475874964471384332e-01
7.160843287751029740e-01
5.669816892446877254e-01
6.766323659315527372e+00
2.122572235743691582e+00
1.712817050206344671e+00
2.412656784476720606e+00
5.164178782871271522e-01
8.579109546897012439e-01
4.275667705231898985e+00
3.617493945486033535e+00
8.160177359393269159e-01
4.520016716914748711e-01
5.370320816496724214e-01
1.567686577546632876e+00
2.503597737025877734e+00
1.476226650606397683e+00
3.389542900505524425e-01
3.538654303590277550e+00
3.755377066195723312e+00
3.218413411523053935e-01
2.403174599781197074e+00
5.156010986099354154e-01
4.101815791533418021e-01
7.487335497489243652e-01
1.845996707972172635e+00
7.345757071028332419e+00
3.295205780582121768e+00
1.669126378181424952e+00
1.821702070946299434e+00
3.290274990043055681e+00
2.638356321721064823e+00
1.716966869765292669e+00
2.835208842753127456e+00
9.548813349931362104e-01
2.981066122366139215e+00
3.220294589381946793e+00
1.673510882077306583e+00
7.829428083213799683e-01
2.458369103552497048e+00
8.335718003000885945e-01
7.211163098616493183e-01
6.014897076698915157e+00
8.456446234163846887e-01
2.446940925072802919e+00
4.351516106231240855e+00
5.129608015025351797e+00
7.617894607236903592e-01
3.045661563397586313e+00
3.691470913685538924e-01
3.689563636709846106e-01
2.745373461242186952e+00
4.062388635000244719e+00
7.763222738900581454e+00
5.282934406767078039e-01
6.441118415770402672e-01
6.304172116520535551e-01
1.229680694017871057e+00
2.047135067166997224e+00
5.240791294891571361e-01
2.368560378606999528e+00
1.876833258780990832e+00
2.773515107399017854e+00
1.211945627942847103e+00
5.844524017811263406e-01
4.085273371474785975e+00
4.824568881333247461e+00
1.700324804331232675e+00
3.304838265157544752e-01
7.870230609207366612e+00
4.866804544786534348e-01
2.436554817570389275e+00
2.310477402343639408e+00
5.625221004079336007e-01
1.638928324050838325e+00
7.379916880803890855e+00
1.515251624139484665e+00
4.218715651845975634e-01
1.415240512236063397e+00
6.691845235054575625e+00
7.300798863282299545e-01
5.571697725052149330e-01
3.812687986106564897e-01
5.532707937965986034e-01
1.869965412623085133e+00
1.130392424837081133e+00
9.972870000317328731e-01
5.357268987388803527e-01
6.079506350921693780e+00
5.516358588050388256e+00
9.627623089442887139e-01
2.338304752413750798e+00
1.080966897601116417e+00
2.475122837273465937e+00
1.379184642312552667e+00
1.162928590943944185e+00
5.094719336950327637e+00
1.310716719127019037e+00
9.400416242281053769e+00
7.256263139485795932e+00
5.550328795669478232e+00
8.842873965347909371e-01
9.453418407744106133e+00
4.238689799779959522e+00
1.939912770426545974e+00
1.493260368374366376e+00
4.801700062540311897e+00
2.355454111582041321e+00
1.362424561834448156e+00
2.982523762392806699e+00
3.877299587350375720e+00
5.190999872288483141e-01
6.281961403271226096e+00
7.431316484724428406e-01
2.018596067726647458e+00
7.714911779673006009e+00
5.964991324125572980e+00
5.727984278062949741e-01
1.686669923929633441e+00
5.188015461728917588e-01
4.936185099800344256e-01
5.984013249705758541e-01
5.329633967910639702e-01
1.261156648792814972e+00
8.910517163078959246e-01
1.233029239094679319e+00
8.771220382513124747e+00
4.704509025413860512e-01
4.891047601436636638e-01
1.064461010518540363e+00
8.772723678620023335e+00
5.806980826046602040e+00
1.665519829429505494e+00
7.254696936857726319e-01
5.485169063534860001e+00
2.035898898751479003e+00
3.765518197004650514e+00
7.698775287140362522e+00
1.728635472281171204e+00
5.567218319086368439e+00
2.235463330461535225e+00
1.735741141908063057e+00
5.562769308613886299e-01
1.992005884911122848e+00
5.124419941128081080e-01
4.290131623592929322e-01
3.720171904011144726e-01
4.806007876012920454e-01
5.424492008495271023e+00
2.574963687723768491e+00
1.887785003349369051e+00
1.551514687810397364e+00
1.402311847535946621e+00
3.398728907063154558e+00
4.115089106172463040e+00
2.088059903473300505e+00
2.936538626884125591e+00
1.898134752621629451e+00
1.265896480182057804e+00
2.437507377249489959e+00
1.519720811542285555e+00
5.237644474079907742e-01
4.467886029563797878e-01
1.264898886472693551e+00
1.770274853268408277e+00
1.394330739974827260e+00
2.991840474294038543e+00
1.064392391299267659e+00
3.562456502477737152e-01
3.218413411523053935e-01
9.675633281355234816e-01
3.332534813590178890e-01
6.435177855171999584e-01
8.951564763631452593e+00
8.117809979930415976e-01
5.002005790222366244e+00
8.288195598223045968e-01
3.370225207252867672e-01
1.365059713986318979e+00
6.416678024777850098e+00
3.281010518323327574e+00
2.672909137795377088e+00
3.960775886218462105e+00
2.437598659702023607e+00
2.828462777475177159e+00
5.382382611465472699e-01
6.236255724957269209e-01
3.970748845070000699e-01
7.467704290457147787e-01
8.792335163373023121e+00
3.218413411523053935e-01
2.258511642990695734e+00
4.117883257175644629e-01
8.125236087152489795e-01
5.717589143988131006e-01
6.313874075475093939e+00
1.679912140508206475e+00
6.107437339427048251e+00
9.744807392242890165e-01
1.077761462015700111e+00
1.350486082361409768e+00
1.090368006799318445e+00
3.565157678802245989e-01
7.147375347968700776e-01
4.419856146184898193e+00
4.255213564020722927e+00
3.704309959890292880e-01
6.041173114218570950e-01
6.088374943160719255e-01
3.079223956808072149e+00
7.726058702026389113e+00
8.664288531346187483e+00
5.924608826522775873e-01
8.432058007655697240e-01
1.128007025415345588e+00
5.860133156139936128e-01
1.736015509906747356e+00
3.417276413288879433e-01
6.753818250683295554e-01
4.419495934566869622e+00
1.252591207406351881e+00
1.607062558463297375e+00
5.097492658293846901e+00
3.638021258628506005e-01
5.976773800576894446e-01
5.309926110503120356e-01
2.550588915497348008e+00
4.702799396805883991e-01
1.892676561691080561e+00
1.682995452018896110e+00
1.350837670233310694e+00
3.838021976154927462e+00
5.967896380507672127e+00
4.623733063707382129e+00
5.373599004441736326e+00
6.119935338506008016e+00
7.851697980962137891e-01
4.799621073201815191e-01
5.770304926647408239e-01
1.046449926738229452e+00
1.449252940639993215e+00
2.231804619273877410e+00
2.359237642323621209e+00
1.069488616427314742e+00
3.633799872033978140e-01
1.279748893514847108e+00
1.032578366295016759e+00
6.229602972852389398e-01
5.338070018120084637e-01
2.954941578296256477e+00
3.097260479385334442e+00
5.871903923534074199e-01
6.997816267066999663e-01
5.298115370059267804e+00
2.381987280452213973e+00
2.580406703405915714e+00
3.601670931894879191e-01
2.901211375845936136e+00
1.854734677455454284e+00
4.136902925004924403e-01
8.174091374734322457e-01
1.762418870289608863e+00
5.920878226031206504e-01
8.722886254795316763e-01
2.210732713929605353e+00
1.602139471893153866e+00
1.261196486119113391e+00
1.518118784428028389e+00
4.628396448499138005e-01
3.697997064374510812e-01
9.898829743851548235e-01
2.595763495779307206e+00
4.486403083353959764e-01
7.576496608643648045e-01
2.404325246339825917e+00
7.832692623786383646e-01
3.350531201706671514e+00
4.166332911248220583e+00
1.575906679733449556e+00
1.231701507906027393e+00
7.712357997293318057e+00
4.605299041736256593e-01
5.097095428531792649e-01
7.605473720455946385e-01
4.357766068709280738e+00
2.852570307887934309e+00
1.757054722288501791e+00
3.924305326717079101e-01
1.246618906449499242e+00
8.812852797337922262e-01
7.266762655245101454e-01
3.218413411523053935e-01
1.090520019416643338e+00
4.825975287155439553e+00
7.584196801975939373e+00
6.091501416772048261e-01
9.918574724984966506e-01
3.939686804828752553e+00
1.717914999076515015e+00
2.334326534627175764e+00
5.194179618467036352e-01
3.703026110326320675e-01
7.525909961401227033e-01
5.899149958660230730e+00
9.781842525163992885e-01
3.417465848503791204e-01
1.497490497845645141e+00
8.334121585050301206e+00
2.135541750678293660e+00
9.674157453747647128e-01
2.047756554185817368e+00
5.666057844855220127e-01
4.795462453678006609e-01
4.993734543505508605e-01
5.617755782077710203e-01
3.799386200118537449e+00
1.297376525905522326e+00
6.188883529167275910e+00
1.754729157303982490e+00
1.261793165155809415e+00
1.677069594449674739e+00
5.150585016350653911e-01
8.811220039107583446e+00
9.601671279877351806e-01
8.731613186008835292e-01
2.574611591563631841e+00
4.990778752979874722e-01
2.766151452572489955e+00
7.229758904187982615e+00
1.816714727611490332e+00
5.005344924852638266e-01
9.667354458390567729e+00
3.987756166916984757e-01
4.326719162981806366e-01
9.009906578621437845e+00
7.373404156046806657e-01
4.779451066843314777e+00
1.821066789053306323e+00
7.192157250147598324e-01
5.666226333720802977e-01
1.531063747521317353e+00
3.621407454342805199e+00
2.174338396443311616e+00
7.464123164795671839e-01
9.981285484770362482e-01
5.631127206650414774e-01
4.126364571420746863e+00
1.240721977880605786e+00
2.640281653506889370e+00
7.032842983808690329e-01
3.597883947054715925e+00
6.383026856105325386e+00
4.276476159797436338e+00
3.520015260096646670e-01
2.427172046289988394e+00
6.641429878947822107e-01
3.963736769509750957e+00
1.473267213578080215e+00
8.966478014204641855e-01
9.125980965057481908e-01
3.246290231260630321e+00
1.818098384672278689e+00
1.157424573217409547e+00
8.416885651389863554e+00
1.034495611443487562e+00
6.183310110294657491e+00
3.709530143362492205e-01
9.746445471528266680e-01
3.952673530336887175e+00
1.584718474877761185e+00
4.015793756383472690e+00
2.118499154114368732e+00
1.187936219556680051e+00
4.988534506232044641e-01
1.210498598138808779e+00
7.949313086140509244e-01
5.944819796828545444e-01
3.055319977673729870e+00
1.537520822833850831e+00
7.498411901500012799e-01
7.289965300686992222e+00
1.742446466874850941e+00
3.243793720889726062e-01
1.356488136364490726e+00
3.218413411523053935e-01
1.670923214020447745e+00
8.456477271494694525e-01
1.716529635815544852e+00
1.326568063486697424e+00
1.276600328146338725e+00
3.363453859448467531e-01
1.138523739978805072e+00
3.940769886374305031e+00
1.513497233553778409e+00
5.377415205568848444e-01
1.133551082646690134e+00
2.267060406739361600e+00
1.216349657441555987e+00
7.466850399400492222e+00
1.461144024340329750e+00
2.432561366592776331e+00
5.544834831033679912e+00
7.077902738734334065e-01
5.951051257682014040e-01
3.218413411523053935e-01
2.836599459283125402e+00
2.548703725837066614e+00
5.942047555385286950e-01
4.068632017084331309e+00
2.782401393965562963e+00
8.304050413661002494e+00
1.070017873802569852e+00
4.287322688385146741e+00
4.882256286881251128e+00
3.069866762853654230e+00
5.134866784348462332e+00
3.157406562480212120e+00
4.316911363501891308e-01
9.409308257328257596e+00
1.030163388638175803e+00
1.133175003350345156e+00
8.749650457275011117e-01
1.070523338350095832e+00
1.880525509982575727e+00
2.802071466532322752e+00
1.023733738425558260e+00
1.736644129723929453e+00
7.698246365290608573e-01
1.048305444865000879e+00
1.869017226343799409e+00
4.282322886118955507e-01
2.446849372322192462e+00
4.394322041561600223e+00
7.758705664196214435e+00
2.364807257149337261e+00
7.184513225520412494e-01
1.496568208421023893e+00
1.702251333494878560e+00
4.225544405159470385e-01
5.318443546977086100e+00
6.954820620827663058e-01
8.253462374373267130e-01
5.724630904255874064e-01
1.773564003575528458e+00
6.583196804356544751e-01
6.940208950142331412e-01
1.051625091850791227e+00
4.785449387491854445e+00
7.873114122341950960e-01
2.337148810550260247e+00
4.264223860030505797e+00
5.790225361589432795e-01
9.367067680844979094e+00
3.422541498861664810e-01
2.083895992420472076e+00
1.440768303973721576e+00
4.808883948823935994e-01
2.128022917257876401e+00
6.750279397934284553e-01
2.449119925026591815e+00
1.611453757425175271e+00
3.342939345798655371e+00
2.168339408122379020e+00
4.041237658038929759e+00
5.961922615896727562e-01
5.195857136914687757e-01
5.423939635730475883e-01
2.169079339326641431e+00
9.050626367165728325e-01
7.395030368115779851e+00
3.584289065446581990e+00
2.209076502365187711e+00
4.602759724528356911e-01
5.829463803396192079e-01
2.895693037689701210e+00
4.078144730076891933e-01
1.067721517470124892e+00
1.598905907144474892e+00
2.012830755371945113e+00
7.672517410932957471e-01
5.068232692141161344e-01
4.663616140409130750e+00
2.458697215198404340e+00
2.069183802320273546e+00
5.959146176854875243e+00
7.119533654678984469e-01
8.502929899844827721e-01
3.329850122577443283e+00
5.190531458633586004e-01
3.439983345594440856e+00
3.071123264893555138e+00
2.982002797726794441e+00
1.084150281448191144e+00
7.136600103282881857e-01
5.568455012493171985e+00
1.558742581378256054e+00
1.556459948203555044e+00
1.351295150230362951e+00
5.593827148185783749e-01
4.569616098748711663e-01
4.207983014272192457e-01
4.207975158681764860e-01
3.523460083453247571e-01
6.552331788756993181e-01
4.827880597494197623e+00
3.708945960214182214e-01
6.036692530462777206e-01
6.591299633024272353e-01
2.936401182876517968e+00
4.565041620335088979e+00
5.172354488428766217e+00
1.520532544746860060e+00
4.539632946519250867e-01
1.856366106885491751e+00
1.745103722393333667e+00
8.913585204344364188e-01
1.124921345296361341e+00
4.172095029892739504e+00
4.733860282892777605e+00
1.722229121893839254e+00
4.959186908589379161e-01
3.218413411523053935e-01
5.049538954463321794e-01
7.228602029527210204e-01
8.616246883932304756e-01
8.820486249669233780e-01
1.420620388875628359e+00
3.524481338865276814e-01
6.477600637201601508e+00
1.460246899758636419e+00
3.497462195960745479e-01
7.065090521274173696e+00
4.111556769056756711e-01
4.318305801402643196e-01
7.257739461062778119e+00
6.824054871903973973e-01
7.651463308003547681e-01
3.973082164402432337e+00
8.970057839827981772e-01
1.687458026946200285e+00
4.153698875737333318e-01
2.046064867242873397e+00
2.587414112470758365e+00
1.916158639587466572e+00
6.334196479694223392e+00
4.105841788896673172e+00
7.034763153182804762e-01
4.548554653901630829e-01
9.182853179593067905e-01
6.705116562983282069e-01
1.109721950083764064e+00
2.510119554980515755e+00
2.588796372101376697e+00
2.431018832807934071e+00
2.477843915270485198e+00
7.764230807616734786e+00
7.156065404940352703e-01
9.449949575381393352e-01
2.195779077101907006e+00
6.128616433216483861e-01
2.231228163207317650e+00
3.481982161444511892e+00
7.278467615476281738e-01
1.832970663692268243e+00
7.587478695016810493e-01
1.106493117591992981e+00
4.255759193859429690e-01
2.879281493601922204e+00
4.468602312094290818e-01
8.619846309484536784e-01
1.728691814274424088e+00
9.238027250329130524e-01
4.224821365162475750e+00
1.256955602459319588e+00
3.949322120835044636e+00
1.032649816990584668e+00
7.172942543019206196e-01
7.892370755217116285e-01
4.587441517837697047e-01
3.912314294550638394e+00
5.979564384209966832e+00
3.015867040030305812e+00
2.156017702875028696e+00
1.657678451895559180e+00
5.463944187814494535e-01
1.234397325666670042e+00
7.254585301387054486e+00
4.553500894173325708e-01
1.233732235830426349e+00
5.192660911525240897e-01
9.082378677001289313e-01
1.617336107369643283e+00
8.525404242664450516e-01
3.204529794342153348e+00
7.760788375605498501e-01
1.506691703544175365e+00
1.505494302657873540e+00
3.263264514016644302e+00
3.441252114406338158e+00
3.935243965915916853e+00
7.534188368679063386e-01
4.137081178684506866e-01
4.791664788232188887e-01
1.438528624312668036e+00
4.710414372337045630e-01
7.424708894016515126e-01
8.458114435025299027e-01
4.054790998324426243e-01
4.907517863214589382e-01
4.078475662088552611e-01
5.103541895540090856e+00
4.844734599753909299e-01
3.099164758501446126e+00
2.333126751016255440e+00
1.931501526522312773e+00
4.174920046348412073e-01
4.305942233113456474e+00
9.580964343371594083e-01
3.624272834981962177e+00
5.212193778464558669e+00
6.591581123377541651e+00
1.883835264169578583e+00
9.307789300045060443e+00
8.390378835822719372e-01
2.503092007083751014e+00
6.060382746126116160e-01
1.066528395820781183e+00
3.833403615539482945e-01
3.626170236329708807e+00
1.536986628277036582e+00
4.568599156474140166e-01
3.556486466967578863e+00
1.291091823047630482e+00
4.791752878809423799e-01
9.645301245297209780e-01
7.693804604777365608e-01
4.262166173075572217e+00
6.435149266002114787e-01
1.639972559828202670e+00
9.217819977043436808e+00
9.786032280426544272e-01
8.537247263022718080e-01
3.754311379705628782e-01
4.847863829514377776e-01
8.920366341862756565e-01
1.155113273417828212e+00
4.056582606289104720e-01
4.178539624955937004e-01
3.859078985900137759e+00
9.926769221247516706e-01
3.917825153238533864e-01
4.467545302125937035e+00
4.132074544800732885e-01
4.523448182033856790e-01
6.425550115281889463e-01
4.112777435740034626e+00
3.314046256952029257e+00
3.218413411523053935e-01
2.741418947811968820e+00
1.591581122514848179e+00
6.361800162517242008e+00
1.131036462787642805e+00
9.402235520543053005e-01
3.945697832877874678e-01
3.635110268218501695e+00
4.038155975544881926e+00
3.763160210125390259e-01
2.923063002217157980e+00
4.911781365211868589e-01
1.489835992947811771e+00
3.035162794264763875e+00
5.168648482459436977e+00
2.042780901549904549e+00
7.145262894838170231e-01
3.816155691453131382e-01
3.934540727905732727e+00
1.894637825443610035e+00
6.158906115824585470e+00
3.218413411523053935e-01
6.665836973864139869e-01
6.794167636516502684e-01
1.473317094297745156e+00
9.671111799096899775e-01
2.301232562155592021e+00
9.528051711996642359e-01
2.096073208281677758e+00
4.095729304948972360e-01
4.831186223787157785e-01
6.473710127321418817e+00
1.151598543886101389e+00
3.565218061507548608e+00
2.138685425727799405e+00
5.287994819084107512e+00
2.100678775754163397e+00
7.490392898255409104e-01
2.170464994931765368e+00
1.418645222528738481e+00
4.914120843635045865e-01
4.360712299990148644e+00
8.730127844241015733e-01
3.549815623419133592e-01
1.131325438408301798e+00
5.109594160733694324e+00
1.697450728967616840e+00
7.551456668345172263e-01
5.501989083149341209e-01
5.239860100328405323e+00
2.398270979305021200e+00
9.288241694261034631e-01
3.945302315488394274e-01
4.515460050555054061e-01
4.552973692498485936e-01
8.897236152438111612e-01
3.830539189307491377e-01
9.920170891323667473e-01
9.771531298714071223e-01
1.213296143962965923e+00
2.884034672992815906e+00
1.640117079155840152e+00
4.598729340988385594e+00
8.194924538600575348e-01
5.950201805430934687e-01
3.617178063497904272e+00
5.487065947181024583e+00
8.281527327704679919e+00
7.571263032360708856e-01
1.147799705232477541e+00
3.485484380353690792e+00
3.338701052531667823e+00
3.218413411523053935e-01
3.251324984558473297e+00
4.793286179726390928e-01
5.854811963367811956e-01
1.775581541519098527e+00
4.608153013285546606e+00
5.240601346408871875e-01
7.652776282111220851e+00
7.580014605660985172e-01
8.275543317562060963e+00
1.235272224171127364e+00
1.337856676675686529e+00
5.195925705760809699e+00
3.650564596469812351e+00
6.446078329257077799e-01
1.776108661293805957e+00
8.672992331763711427e-01
4.109663748600744348e+00
2.738808601871390636e+00
5.226455274392615147e-01
4.825271755346877134e-01
3.101133969954046332e+00
3.256945710831455010e+00
4.201247881201103374e-01
3.995857162495011217e-01
4.184829334020627734e+00
1.560932135355960426e+00
4.054983906850704867e-01
3.955890016273681642e+00
6.085972182170873435e-01
1.865447673098881154e+00
3.065095538623915150e+00
1.058779203420040504e+00
3.218413411523053935e-01
1.494097236102521542e+00
7.713970052776051300e-01
2.709854460797411768e+00
9.186969535277640375e-01
1.649530373052470411e+00
8.396707114316845910e-01
3.218413411523053935e-01
2.207280918596707053e+00
9.758549756967862976e+00
4.180900736538691875e-01
4.308352498241261874e-01
1.026702660343457030e+00
5.647208755938314395e-01
1.663065651118464716e+00
1.154401467804157200e+00
8.242795961157933782e-01
5.161708912554270334e+00
7.638856389049879070e+00
3.907861956579246066e+00
9.359500510019636010e-01
1.443440310088800027e+00
3.695483233468088158e-01
7.060194147192300207e+00
2.594575619633030961e+00
6.097390005640048294e+00
5.980628356757744513e-01
4.686369149562063519e-01
9.044349964366731331e-01
3.474872944011539566e+00
7.260776970402037511e-01
1.457969755806732159e+00
8.532653378541628086e-01
5.278284666330377295e-01
1.913081918718045893e+00
7.726637073195401495e-01
5.727343420561542331e+00
6.087780449993696053e-01
4.869664523439576342e-01
3.303867070021301089e+00
3.488513626279592827e+00
4.075852337363282452e+00
6.311743553540184237e+00
2.881843965422011600e+00
6.944854766886744413e-01
5.117337758296376382e-01
8.337674185793510162e+00
5.675281375816957130e+00
2.072323856302598966e+00
2.268124220395127733e+00
1.966204918916353517e+00
3.136214349279805358e+00
4.226823038287413903e-01
3.343991912307077818e+00
2.067239583781673051e+00
1.539002378201402621e+00
1.447745970877730270e+00
8.872214829378699541e-01
3.236727846781941587e+00
1.321308276668305304e+00
5.434027673674832748e+00
5.026727930675600753e-01
7.008758572516269325e-01
8.417039786698481407e+00
9.577648867609472871e-01
1.021780056161520012e+00
8.158937202424493274e-01
9.810838218852548920e-01
2.694781201129859305e+00
1.186059177039161305e+00
7.403440061498907099e-01
1.192887184358142560e+00
9.684620440924628371e-01
1.664665382420385420e+00
3.218413411523053935e-01
1.635548081002984100e+00
1.509392106512269516e+00
9.449078371659764830e-01
4.980338938857592490e-01
5.827730059500391135e+00
3.218413411523053935e-01
3.242151268167806411e+00
4.300067780110284232e+00
1.955388248164797727e+00
9.626772402197795175e-01
7.491130721814687199e+00
7.022638912916046472e+00
4.094176451097760960e+00
4.995565803201020838e-01
3.833374118539880637e-01
5.571615287601257016e-01
4.876651947716976743e-01
1.747985926692992242e+00
2.091588911832571895e+00
2.444180567429220741e+00
5.761027660079259816e-01
3.349446907125637196e+00
4.228960172769180126e+00
5.312261350116141978e-01
1.162199366183640059e+00
9.986483976015806396e-01
3.831154970125237313e-01
1.188767579843530653e+00
8.523168683007130708e-01
9.608315131290657840e-01
1.831615059317007299e+00
7.849096857798543159e-01
3.813199873033509824e-01
3.320124809120005960e+00
1.120413187323604953e+00
1.586376037725461208e+00
5.670247040611898770e-01
9.554693967881877636e-01
5.604693012597419255e+00
5.455989513749840425e-01
1.694464203277854741e+00
4.213193074476962785e+00
5.874759487450410544e-01
8.248714922767972357e-01
2.842688611183487701e+00
3.011123072043094151e+00
2.141364597815254456e+00
2.968844766802518631e+00
4.345878146426274125e-01
6.061002691193370318e+00
1.454823440661102252e+00
9.707200830640411171e-01
3.778636953744926030e-01
3.656888190358700275e-01
5.017983067037826928e+00
3.698972768348205431e+00
4.212648214171495487e-01
3.218413411523053935e-01
7.731712666594712235e-01
8.009511339218280401e-01
3.937879811267430696e-01
3.655546027844152057e-01
2.898874829723149471e+00
1.571460805041868580e+00
4.697595392834550410e+00
1.692760621853782066e+00
4.619191113320963105e+00
2.478174452759489998e+00
4.532804317564915308e+00
7.448748021907845018e-01
8.162104021098437912e+00
6.095168695950083926e-01
1.205068733770771283e+00
4.275125244600300967e+00
9.778034338825261074e-01
8.522208367423705910e-01
6.156628123391485907e+00
1.758907233319616070e+00
1.892846076662541677e+00
3.167684363926392521e+00
4.158313537542518423e-01
3.218413411523053935e-01
2.295287640490449643e+00
5.101499556000043123e-01
4.389755901668594085e+00
8.968750370347938761e-01
4.164923999710324343e-01
4.602429237678296481e+00
2.003814681415227561e+00
4.776663738783236135e-01
2.999972985341531118e+00
3.804386931416499640e-01
7.115867691698891662e-01
8.899577340428536099e-01
1.572590668951057813e+00
1.158171577472742575e+00
3.043046787927026653e+00
3.285249871117997822e-01
1.085162099248796030e+00
6.955776048195019268e-01
8.506515703772061787e-01
4.734362214118536527e-01
2.946655713356577166e+00
1.830976109281325703e+00
6.176847908681742938e-01
6.365354385905099832e-01
9.341125825320901743e-01
1.198347576902879963e+00
2.861206020352860868e+00
3.243095685015438545e-01
1.408633133881261212e+00
3.267885170354336011e-01
8.053048331496841516e-01
9.331064726233384565e-01
2.121221975582946673e+00
9.616504942668884226e+00
5.056887004093977289e-01
2.330299969578074393e+00
4.048952678531157368e+00
6.429488944569915487e-01
4.565940801237496238e+00
4.100275733028831970e-01
8.082474104181525121e-01
3.608333852245878326e+00
5.342827104550641470e-01
7.476281456524301872e-01
2.164861541555492597e+00
2.384084293482431782e+00
9.459550355529463772e+00
1.057491965901939945e+00
5.183936593920950298e-01
6.198954708002991643e-01
3.532157632655319457e+00
5.894128517944006163e-01
2.084637715357876786e+00
3.171812901679315733e+00
1.480511592782230990e+00
7.181617985258969661e+00
1.985374407876730807e+00
2.625732841926307071e+00
1.516729389753090240e+00
3.549342835036367050e-01
6.015358051728673772e+00
5.733337569091434549e-01
4.326249990486425112e+00
6.760874492138976288e-01
4.385936870389411379e-01
1.502039343509644853e+00
3.033911664804358477e+00
1.824603331667974393e+00
2.271260246641712666e+00
5.952640756440317205e+00
4.389128457722804022e-01
5.927959267335298765e-01
5.466355341292697956e-01
5.209621242700415156e-01
3.218413411523053935e-01
9.625117067363517798e-01
7.405601666176165887e-01
2.620817272551881683e+00
6.154200400603272447e-01
3.473379520647913665e+00
7.928750987183429189e+00
5.927761045637826243e+00
3.218413411523053935e-01
8.098658929134636697e-01
2.967165053626473981e+00
7.501154131283089832e-01
2.445224745802322186e+00
1.958848116094045189e+00
4.975196465200915519e+00
2.198571098435206483e+00
3.296465481688077848e-01
2.296154741277462996e+00
5.177333461326507624e-01
4.998606590639382286e-01
3.218413411523053935e-01
1.651884827591187488e+00
1.732957242589635571e+00
2.290455028747677257e+00
5.469023780497013654e+00
4.518274279310058539e+00
1.583515852403718283e+00
1.944120244235786776e+00
1.615177742543060901e+00
4.588845176173752094e+00
6.662602859260142729e-01
4.132173299035692970e-01
6.893505113899003334e-01
5.889510192591647098e-01
2.400107186916947022e+00
1.650020573545642577e+00
5.284836913544170400e+00
4.133858307882667837e+00
4.725748631232766783e-01
2.166490822478309042e+00
6.075615684674316341e+00
1.142157048188862989e+00
1.399831595371599624e+00
4.207357174644238418e-01
5.157075173644566357e-01
9.682467056101288216e-01
9.250302125645447626e-01
5.812632020351632400e-01
4.098740639333572910e-01
8.457047494270314436e-01
8.798778589235994874e-01
6.829140018614948682e-01
8.293246866741782464e-01
4.040219079014911729e-01
5.609410545012375460e-01
2.128473523800536782e+00
5.114796389552232370e+00
5.820660073306123117e+00
5.189580969780419828e+00
2.835283355540608952e+00
1.298420528514764083e+00
4.733239578779104839e+00
9.576734138781941574e-01
1.588424762257945932e+00
5.354240530384527519e-01
8.167892063032670125e-01
1.288011073579819143e+00
5.206284470351861815e-01
9.183777409634478195e-01
5.167525903967847833e-01
3.218413411523053935e-01
2.343350530141107058e+00
2.097075528023574886e+00
9.435077021776772099e-01
3.441773513003664742e-01
1.341264895591817163e+00
5.904378602358498762e-01
3.265355490085471768e+00
3.337965414365566263e-01
9.606750383711604613e+00
5.080834305482638591e+00
1.883880945460021827e+00
8.688457477239304172e-01
5.639099574580223040e-01
2.259149394519321508e+00
4.623317010141487771e+00
4.089990441338808402e+00
7.438377553484595284e-01
9.760484224184242663e-01
1.219360881984858924e+00
1.556031908914892403e+00
8.006800075069562261e-01
7.717299867024073556e+00
8.475237027691322478e-01
3.874372925800219081e-01
1.906471854956075296e+00
8.948753470631485740e+00
7.944553530025855181e-01
1.147788909608602248e+00
1.318876537136797866e+00
2.699184907240527842e+00
7.838596142257601151e-01
2.900829370204855540e+00
6.628967565029655340e-01
8.070702118235080214e-01
5.197612441994399202e-01
1.740711689670139339e+00
2.096086599595318400e+00
2.567153665315437649e+00
1.849318824217989432e+00
7.980619879868789956e-01
1.565802185230636967e+00
1.086216070656814248e+00
5.744734035706277275e+00
4.727111073078570369e-01
1.928260961521154560e+00
8.860371921000362860e+00
1.051855734683701415e+00
3.218413411523053935e-01
1.729862126909314402e+00
1.442838369345547322e+00
5.113740809098602513e-01
9.552955286340226726e-01
1.111339622436768204e+00
7.237161580413967732e-01
3.321445099034455950e+00
5.806875787568468894e+00
2.174840228258798192e+00
7.980622911934267538e-01
1.182682137977236314e+00
5.576559539858465531e-01
3.771248513028488958e-01
1.164789974111195336e+00
3.268024991775339227e+00
5.746092948869034878e+00
1.363368957456329023e+00
3.892168841243895394e-01
5.144282045673406856e+00
3.568736491347902717e+00
3.092239649082238806e+00
4.731053541931505180e+00
8.519213999406114013e+00
6.614525171096883316e-01
2.620678457288802665e+00
3.358218221030766948e+00
8.075653420796305992e-01
9.175195004730536397e-01
2.464450204513849219e+00
4.976647851091268171e-01
5.585971308872658136e-01
6.110021081297712264e+00
3.301958375319009598e-01
9.435285940652041736e-01
7.496426313122194207e-01
3.484744582656459366e-01
5.159018488621773812e+00
3.989178319392812977e+00
2.304593660952316991e+00
9.923266288833634263e-01
1.872571329298379661e+00
8.676038088373630996e-01
8.313304569597641525e-01
1.045089555861164143e+00
2.322591884917730720e+00
2.328179366238679826e+00
2.360060864973566819e+00
3.268213079618345951e+00
6.153287202564261538e-01
2.650076806857994516e+00
9.005927121623993337e-01
2.451253956255923683e+00
4.840418395378431882e+00
1.550298967765683544e+00
5.424206442185823818e-01
8.635284465197868187e+00
6.514111108106458436e-01
1.700882545197395235e+00
5.683463434784794543e-01
3.245720011827744056e+00
1.383370353119161678e+00
2.591341129381814490e+00
2.734066712392178022e+00
9.620489888365770792e-01
2.512764243796877572e+00
1.283883920399936596e+00
3.854093818279279993e-01
3.733677567398018038e+00
1.191519441077440566e+00
3.687167487047472658e+00
4.854109654333036872e+00
2.039712959554315752e+00
7.889659102007668956e+00
9.406110620743576289e-01
5.733423528398979840e-01
7.372334504998527827e+00
4.844324003139821144e+00
3.535684890716550122e+00
3.540144511789933279e+00
3.087620864149833722e+00
5.558473370266276525e+00
1.894614186421772928e+00
3.802871761993276589e+00
9.032823080641854574e+00
3.913715606137125325e-01
7.873647102415259891e-01
3.376621542006257304e-01
4.764394859477676825e+00
1.793729960512527644e+00
5.985562649575645544e+00
1.325153032035361944e+00
1.911800928799837873e+00
7.330962798749421916e-01
9.410254664523109991e-01
3.726620724753479941e+00
2.440415458270478233e+00
6.420736235334487674e-01
5.381678310942954457e-01
2.366494278289174691e+00
6.302153655137133770e-01
5.137007857351780782e-01
2.029576117048858208e+00
4.235793751313505218e-01
7.298981374986689419e-01
1.461726998808302369e+00
1.860852676115481996e+00
2.945552955204369994e+00
8.280331535919529529e-01
2.090257366287776364e+00
6.987276421810936888e+00
6.137454313761252500e+00
1.422623584016892151e+00
5.185403566081466797e-01
4.517479299567495055e-01
1.523978786761800652e+00
3.645383475003720619e+00
4.565180361811217224e+00
6.474268282390639451e-01
4.563016061138505997e+00
9.608168822040633605e-01
2.082111721701807916e+00
1.504397432383891342e+00
3.159244695079231224e+00
7.637434072059624768e+00
5.664646236392660850e-01
1.467829160379636289e+00
3.218413411523053935e-01
2.518160950890456995e+00
4.872175888129424148e-01
8.359088375826017048e-01
7.632214781867679321e+00
7.350768966185479147e-01
1.169230012871600888e+00
5.136649118991096330e+00
2.302444532428768564e+00
3.396576542798638298e-01
8.825277103368418530e-01
1.196871707068181134e+00
1.770592799121777361e+00
1.163714041854288395e+00
2.685299703396178739e+00
3.107784448563716051e+00
7.826802448541853030e-01
1.985524752026314177e+00
1.430524664523847633e+00
3.750264224249345801e+00
3.881287085115165514e+00
1.799075642411047671e+00
7.742708652517961143e-01
5.870293193669205323e+00
6.999652246491478991e-01
1.024583841586742539e+00
1.741643735358010758e+00
8.146291193099128858e-01
5.838934107696336362e-01
4.811679186158264621e+00
5.177891183374905282e-01
3.072883168095494888e+00
8.530630083497097171e-01
8.360996940685500034e-01
1.776031042730281895e+00
1.002863004171348438e+00
7.093060301734994688e-01
4.936818631920415479e-01
4.507725705344026168e-01
4.680067418993477446e+00
5.968857585831867096e-01
7.422421627089936802e-01
5.138695911617086054e+00
9.243248101605853195e-01
2.779278403994881241e+00
3.345972078823546414e-01
4.453554947380471418e-01
1.022862843480148554e+00
4.959892888306472791e+00
4.040619549057806736e+00
1.118177142683047132e+00
1.049126531106604476e+00
1.975392629219840046e+00
1.680915686662725728e+00
2.151514167459410043e+00
9.158678285770673000e+00
3.989407104944498461e-01
7.243352176806803655e+00
2.505963736729310387e+00
6.851312394168856734e+00
1.779545585395166274e+00
1.152889387060011428e+00
7.739716672166577771e-01
8.023050997941866269e-01
1.843863593113851396e+00
2.363289354284931143e+00
6.581597566280139588e-01
6.909547582718951197e+00
9.840649416694793317e-01
7.008627481047428054e-01
2.482902796545322754e+00
1.604997849344746319e+00
5.072200128175403222e+00
2.254690031265500938e+00
3.496699834625700554e+00
8.854901316980355874e-01
1.028900031852659325e+00
7.371005959970997612e-01
1.021590704648799530e+00
1.898610728867015984e+00
5.702592509519286423e-01
8.505992817104810477e-01
4.418321670021052583e-01
5.180493087723743173e-01
1.486116802495488276e+00
1.048900688695471706e+00
1.522897593513691472e+00
3.218413411523053935e-01
6.808304509412075323e-01
6.118028353401004926e-01
2.064983756128794923e+00
4.933975265882548644e-01
1.919437304366798047e+00
5.226616298995949705e-01
2.245734282381805169e+00
6.594845918003615637e-01
1.452993578882851855e+00
4.697446133406497637e-01
1.015130474572159658e+00
3.179833152166324339e+00
4.875659744670580054e+00
3.495646416316583238e+00
1.748592580530944574e+00
5.956623029595479402e+00
5.860068678254715557e+00
8.535794632937261373e-01
3.393636633542617798e+00
7.505822243247378678e-01
6.250428405354363726e+00
1.795035876317464085e+00
7.343661520789123820e+00
3.422567529924688823e-01
6.177802942829018207e+00
3.495651479475950563e+00
1.683132855710240294e+00
4.952902148103339286e+00
1.371962817751783748e+00
5.815092488443106555e-01
3.237899487842923474e+00
9.656804501863925916e-01
1.551916960395140821e+00
3.218413411523053935e-01
5.763571608362114684e-01
1.422617828310044352e+00
2.489869995300493688e+00
3.900438878094363293e-01
4.724684357012407521e-01
2.505978296492817670e+00
3.936735766205641252e-01
1.491279044500559481e+00
7.871837776771176687e-01
3.708472677777106874e+00
3.227161577549069627e+00
3.615849778063012554e+00
3.023655537686817940e+00
1.263600572264536037e+00
1.499971807719410632e+00
9.358051339357484899e-01
1.230903565997047755e+00
7.732557944241946757e+00
2.649928522202016801e+00
6.178192129388877518e-01
1.569569422053547658e+00
3.923052107968747038e+00
8.720276238494774290e+00
6.078140204720822837e+00
2.105544781050371572e+00
5.254650742428348398e-01
1.032687448641455674e+00
8.475942976224927206e-01
6.572375481380969831e-01
1.755781068260042543e+00
3.433227523581879215e+00
3.412627942066436826e-01
5.717740205809659138e+00
4.125939108792529009e-01
4.340090168889351396e+00
3.491006684878586452e-01
7.906381398991388920e-01
7.222710137425429888e-01
8.852412072184560055e-01
7.613592548286822748e-01
6.096359126738194467e-01
3.575899265201019639e-01
5.157536308301196470e+00
2.689129366599570581e+00
3.463362831627638805e+00
5.552202893425018937e-01
6.960333426690755942e+00
7.294650433550692981e+00
4.945080002186785229e-01
2.620301291592060711e+00
4.180995611327574246e-01
6.577344506100712973e-01
7.912792226070263224e-01
6.166489101438321629e-01
4.718898142943445673e-01
8.205630772398813111e-01
3.350774687168892041e-01
9.898544404695421850e-01
1.472336574783543739e+00
3.548085397455282286e-01
3.860855896082430738e-01
2.218488466898581812e+00
7.394798649137293900e+00
2.557814555130225376e+00
3.162714786646044107e+00
7.050291745584792436e-01
4.447643424999563888e-01
9.537725098814474611e-01
7.092623240320059530e-01
9.029317321650579542e-01
5.226017279433742280e-01
2.162877232333778377e+00
3.343110336764912649e+00
4.402818592498734418e+00
2.385776279362787911e+00
4.395992937049693072e-01
4.314839562753218338e+00
3.101614241480888712e+00
1.699023171529458143e+00
6.453454264346449865e-01
9.291448975180673919e-01
5.601328594111517623e-01
1.688058880621502444e+00
1.953370343180261148e+00
7.857385531251535937e+00
2.551433543732541054e+00
8.504888269238175980e+00
1.700922196344062165e+00
6.331469525688564470e-01
1.092774160371948966e+00
1.626051662631085026e+00
1.056860614759310035e+00
3.218413411523053935e-01
6.700805515662677792e+00
4.398627734489335417e+00
1.320500118421450209e+00
7.507516292692028692e+00
1.473972103255963839e+00
2.796943147248608597e+00
4.394103429936031535e-01
3.593732742555306170e-01
8.428282452942710279e+00
1.896437884613178637e+00
5.337512759392933681e+00
4.709340595376120264e-01
1.625704422421132556e+00
5.937539156226858683e-01
4.760125009306784283e-01
4.402614105132711675e-01
6.836547779827507609e-01
6.864547835031572509e-01
8.563964971996892439e-01
3.991831904165889622e+00
9.188773815666613221e-01
5.977108663909042052e-01
5.814250927840313388e+00
3.047900037070065071e+00
3.218413411523053935e-01
3.374178167270155959e-01
9.455360865429134343e-01
9.501272741496704644e-01
3.996825950803587268e+00
8.378868601079028977e+00
5.663315312742595031e-01
8.513964864486482931e-01
7.407239529838970382e-01
1.531348595949657776e+00
2.936728491586177991e+00
2.870113146688379135e+00
7.266126636516743176e-01
3.441154469516098047e+00
5.638656631133094344e-01
1.028166272129802383e+00
1.549927033704618928e+00
4.052413523637409809e-01
9.763417425584771658e-01
5.381138599657437904e-01
1.957226951397593506e+00
7.872805544888994422e-01
5.461117211006732974e-01
3.497578886369576701e-01
2.256828671348435122e+00
2.473287254167970683e+00
5.161839151449847396e-01
5.964852776333049889e+00
1.679785806163146544e+00
3.127566976081268990e+00
4.617661870691953219e+00
4.824936229767076590e+00
4.043661640655046852e-01
1.229814242122385659e+00
7.324823467906471652e-01
8.385490479271718867e-01
1.132327930377810432e+00
3.756533489624053423e+00
5.108842775493810384e-01
5.230832955086842651e-01
5.768878655924237764e-01
6.089084046007738671e+00
7.102839674312980689e-01
4.294081342471669061e+00
9.548015701297710933e+00
8.823441125588612266e+00
2.687055393549039994e+00
1.352834599905189172e+00
2.579794441660892446e+00
7.261702141582911940e-01
4.159974673434137515e-01
7.302898727275220381e+00
4.194081663937823667e-01
1.084930711471501441e+00
6.828961901912518062e-01
4.622874209113216892e-01
3.295452187248655296e-01
9.567919784769345348e-01
3.640668376941784246e+00
1.719075291794047722e+00
7.732851497167958499e-01
5.120352736926621073e-01
6.764444810972678468e-01
3.918357108589255455e-01
8.211100018355637076e-01
1.935871285345992732e+00
3.137543818608897972e+00
2.314246252749012633e+00
1.992639064629266654e+00
3.684024510032594790e+00
3.254771238000402356e-01
2.200360005427072441e+00
3.325906411518642081e+00
5.437754713415239305e-01
7.308096140252432482e-01
5.090523436494028608e+00
9.669002650452552805e-01
7.885776117787882455e+00
6.203928205943874952e-01
7.122186276890460910e-01
4.390544919230389698e-01
5.965918658169562239e-01
1.565656018470456878e+00
1.047267212665357938e+00
3.682502826127698747e-01
2.021831806156143774e+00
5.741652394610594623e-01
3.873968939483722895e-01
6.348271110125907057e-01
7.440829395248922395e+00
9.511757900041812874e-01
3.419496976835243451e-01
3.926950368863725505e+00
3.807250543686896416e-01
1.366599035547611418e+00
9.509765988621635691e-01
7.619912810979296847e-01
1.933049589814616054e+00
3.522067716889387134e-01
2.292899604857263629e+00
4.952386780574736247e-01
7.363523190046448175e-01
3.964709400297578568e-01
4.208240682526034893e-01
5.239898654969350478e-01
3.579434779310832315e+00
1.389554630214142383e+00
7.087198399372592883e-01
3.814698825153288175e-01
4.689746459571462744e-01
3.847852444922562842e+00
4.096904519239093823e+00
1.013392243860008923e+00
4.106058443383229783e-01
3.006786388206522886e+00
1.697600917488791161e+00
2.231761297768518393e+00
1.272028745661626603e+00
2.783978063764812383e+00
4.038631581312238872e+00
1.059071157076818315e+00
1.436792010063767222e+00
4.641011899007975727e-01
8.603995155467055511e+00
3.549433832776229814e+00
2.242397247468599364e+00
3.236240359034438629e+00
3.739862575906654496e-01
7.162336905805348763e+00
7.665673022520597124e-01
6.552314743743898884e-01
5.506328443907888115e+00
1.967788037063338935e+00
3.467650166148505964e+00
8.858481756243671512e+00
8.875747340992060641e-01
4.654093500062855604e+00
1.131815651389447508e+00
8.909656020306282453e-01
2.953974458922291380e+00
6.944867399157307331e-01
3.423966435180828549e-01
6.672417223187045998e-01
3.414158197558660568e+00
7.639058654951185190e-01
5.122872764307971671e+00
5.314851645303451555e+00
7.324806999132894569e-01
5.469838663828886505e-01
1.550156878183575504e+00
1.113524807268579053e+00
1.678845627694817155e+00
1.072193724341761412e+00
2.780198019999545522e+00
1.828011011192356872e+00
1.867303016537189997e+00
3.375622911976848273e-01
3.921599701350761968e+00
4.048596790792586830e+00
2.813080413891333897e+00
1.047385247298564970e+00
3.519786245164088001e+00
4.698314216454090975e+00
7.923041064298092628e+00
7.284600753866364187e+00
1.637904597666645756e+00
1.901916320857967690e+00
2.614405717104034466e+00
1.474657222125442813e+00
2.527633438598586579e+00
1.703988797147533374e+00
2.449821011843598573e+00
2.762985161511205767e+00
6.075774889490586084e-01
3.665342248049860530e+00
9.106328529349683620e+00
1.129397135550788578e+00
6.929585741844354052e-01
8.983933111104839497e+00
1.727191507753849331e+00
1.696404290244117208e+00
1.766260867370494925e+00
4.339167637113912623e-01
1.624274662517624535e+00
3.994205204189595015e+00
5.202161710049917787e+00
6.936408646178310988e+00
3.991200000531199166e+00
7.093989058845350248e-01
9.153952377700241838e-01
2.310341073459598160e+00
1.411781500147441415e+00
1.418698296576840434e+00
1.033657071899840352e+00
3.068221378370755481e+00
1.127002593441633005e+00
2.141375048725340235e+00
6.728126226768662566e-01
6.497383980824382732e-01
3.498596390098318576e-01
1.604178690399360008e+00
1.808714264166317198e+00
3.500501412380725430e-01
3.860873923104897742e-01
2.516944301788050176e+00
5.603597044048036935e+00
7.729958510384639103e-01
9.982596162840717824e-01
2.430084322527630292e+00
4.047255127615908776e+00
3.411702910364863284e-01
1.862234292506178557e+00
2.069180924667675114e+00
5.697850378929076864e-01
2.156363095908675032e+00
9.966137362833945579e-01
3.218413411523053935e-01
1.046223471962790086e+00
7.479310733699081615e-01
1.845201575926248116e+00
4.002539778371257961e-01
4.193938889421416683e+00
2.809026081124978536e+00
5.145482123642670658e-01
1.405152994814808709e+00
4.856166428551961900e+00
3.871353289322183144e+00
1.295377972172238268e+00
1.245107004219142111e+00
3.218413411523053935e-01
9.212172284603502570e-01
7.931430183537899303e+00
3.592113455785245879e+00
1.004503794906799197e+00
2.787597834305365119e+00
2.188595983912873688e+00
1.301748103350735430e+00
9.705643796598781847e+00
1.369783800630443693e+00
3.741080141169784157e-01
2.278473622859787717e+00
2.485425964667994592e+00
6.539128854306676120e-01
5.109685538832586804e-01
5.146888577409512999e-01
4.074164347708572609e-01
9.758850151009488272e-01
2.361192274117153822e+00
2.948794111318874034e+00
3.385472846555134030e+00
5.533841605589140400e-01
2.120490457557879793e+00
1.944001364640009610e+00
6.569809408493807457e-01
2.545474618475605411e+00
4.529879725640370225e+00
5.372415410246964562e-01
8.581444132092944654e-01
6.146619307584905156e-01
2.493644288311827051e+00
3.148082804194330730e+00
1.050136299662966177e+00
3.920957726141361288e+00
4.006880831257582543e+00
5.952258485338074445e-01
1.669752122551395601e+00
7.408634904039576030e-01
3.887430312071054050e-01
9.360273962439887852e-01
2.658194647776410235e+00
3.874723245159437113e+00
2.262829764786991493e+00
1.049114695603700298e+00
2.368239635286773392e+00
4.940295902144943518e+00
1.807427605941809512e+00
1.169340968011422399e+00
5.011759857074309821e+00
1.735462728194650195e+00
8.633776558700643200e-01
1.036886801145614934e+00
7.621523999902731772e-01
3.620966888773281322e+00
8.310656517745778515e+00
5.545386442480757516e+00
1.420306658428995172e+00
1.973777305673140692e+00
3.654800836253742635e-01
1.442375001740137552e+00
3.739666902028028761e-01
1.337987721070442060e+00
8.140745172564600729e-01
1.847795393070569281e+00
3.274877690692703069e+00
1.150241908838758986e+00
5.734298658230846613e+00
5.048625613331437778e-01
2.051565289895055155e+00
1.005601984191283105e+00
6.428454411718029782e+00
9.228199286646456834e-01
4.571651658768886017e-01
5.727077205313511499e+00
8.460356971807616588e-01
3.973284222933788357e-01
8.656102060792788322e+00
3.040963127647971387e+00
2.585107002755135053e+00
4.267448416787472887e+00
1.946651518483842214e+00
8.763044959781571830e-01
1.397224512162368759e+00
1.241475169494329123e+00
2.059977616822029400e+00
8.144071141935782521e+00
3.218413411523053935e-01
2.760957882994726553e+00
4.673498300054408361e-01
9.652605024475983120e-01
8.813101354718445579e-01
3.379435959529047406e-01
4.027693974465125226e-01
3.439056690827517748e-01
3.881737017978915905e+00
2.080118941943013056e+00
1.773107180438159070e+00
6.029181920873407652e-01
8.952362442200244574e-01
7.813222387707008387e+00
1.203632728462708856e+00
2.240305954111644571e+00
3.234245089970236631e+00
5.960696606884720028e-01
5.429553980100173538e-01
4.021113438082669411e+00
9.769025403836401056e-01
7.977630209923242122e-01
6.622178809625937079e-01
3.651074189935011649e+00
5.148840459296903926e-01
8.677656386368404196e-01
5.686817468003663167e-01
5.845879515778980462e+00
4.065251339139091535e-01
5.189918555927633292e+00
5.696790755448346566e-01
1.302922841546696242e+00
5.191926002258396844e-01
5.230984207767900962e+00
1.558539367926631503e+00
6.303761088611585794e-01
1.483159386783440503e+00
5.327844073224886623e-01
3.218413411523053935e-01
1.189887515739370905e+00
1.206603817885567587e+00
4.854446816072873760e-01
3.379015576700956092e-01
3.218413411523053935e-01
5.163120362488836657e-01
1.847799068369427200e+00
4.978676279899650337e-01
4.091223759304015495e+00
9.480895253378141874e+00
3.586371030462303544e+00
1.000123149106401765e+00
1.297167480701954423e+00
5.170043538786122106e-01
2.615621016917693442e+00
2.460046721784232115e+00
6.570640139036442173e-01
5.387115950739982395e-01
1.929575391483801194e+00
3.361961929193495902e+00
6.170580588469213978e+00
6.823014506483088271e-01
4.653166564283879869e-01
8.900706915098823835e-01
6.284449324010835669e-01
1.034801735311058346e+00
3.836757499236456703e-01
5.687777658944102033e-01
1.431023026837109136e+00
7.055452098527464910e-01
1.608809073994541761e+00
3.498259544603612436e-01
4.285175098730120147e-01
2.956187150701967248e+00
2.186541132112257202e+00
7.440724713963886572e+00
3.975125050065011045e+00
5.338838307999187016e+00
1.023234704171056109e+00
1.557706490935955257e+00
5.380713591535621454e+00
5.546552194742647046e+00
4.065964218769344551e-01
3.586139802099452822e+00
1.855030568268881463e+00
2.619795003318574178e+00
9.280478209830029801e-01
2.378708911497499745e+00
2.178850904186797610e+00
2.459929197107734389e+00
1.917979727544796509e+00
2.004323282537430639e+00
4.244214994690358900e+00
8.284476249981238549e-01
6.527228249701105822e-01
4.462859606620177111e+00
1.202447256988646629e+00
4.107479300431394198e-01
1.593907078060732285e+00
3.825911656923671744e-01
1.520688528029325415e+00
3.388007321260523286e-01
5.272481261432219179e-01
2.477639565420460599e+00
1.242567724663165452e+00
1.304471034673520213e+00
5.483043436385342417e+00
4.455605639662754136e+00
4.014945933588166538e-01
5.881682396073237840e-01
1.844722271037801953e+00
7.450008752781640098e+00
1.938356115020768655e+00
1.353921359908924815e+00
3.173490512070630931e+00
3.179464206507653490e+00
8.773851995740382659e-01
1.645033995591446363e+00
3.775831503199165606e+00
3.714997851556219310e-01
5.024053884350896393e-01
1.074934040511167144e+00
3.051016031807488371e+00
2.844666082875365820e+00
1.251854721475061716e+00
2.062284538778021759e+00
1.560846005881096898e+00
3.458493827454538039e+00
7.894722444736038902e+00
1.343635241318684059e+00
1.890809360897965918e+00
7.719833018799548974e-01
3.686370501519300458e+00
4.962958571717345779e-01
3.643361013717276720e+00
2.574485080607039400e+00
1.420784420878075105e+00
6.065371607356496719e-01
6.963666792034825193e+00
1.013812687026554915e+00
6.368870256901492111e-01
1.440651463667310006e+00
3.218413411523053935e-01
3.717102815825190198e+00
4.008125590592392484e+00
4.264146951874586478e+00
5.732582381083295431e+00
4.412368181833532077e+00
6.864030229281833151e+00
3.218413411523053935e-01
4.243918322878696414e-01
3.357095586225800066e+00
1.003466638709325842e+00
1.745961418563590328e+00
8.137331847063259405e-01
7.851134816420345386e-01
1.424542248558963164e+00
2.363434083571343880e+00
3.363270352469647229e+00
1.351638203141166672e+00
1.338945396129857413e+00
7.622922011489149385e-01
3.949813220321178875e-01
5.851315270155224013e-01
6.787528213649611786e+00
6.129289966570540260e-01
3.218413411523053935e-01
3.516106570372301121e+00
2.064379992219463666e+00
1.474128912437013827e+00
6.713987043528462095e+00
2.112703921602034463e+00
4.022622135346011207e-01
2.792519718101398318e+00
8.257139763583788428e-01
8.010438329064816898e+00
5.269794267128401488e-01
1.039469444925729791e+00
5.598990907498792025e-01
8.923149822492982608e+00
6.419842580190916470e-01
8.702464390954411932e-01
7.652944855783407441e+00
4.941433996315585664e-01
5.555166527419490130e+00
7.746256237114979015e-01
3.550981714472611905e+00
1.022832658658912708e+00
1.229232453522853596e+00
6.060519162001263282e-01
7.378069918834017749e+00
5.155524772596563388e+00
7.926028475457171929e-01
6.335645343997374113e+00
3.335154075396823403e-01
7.678891771558253865e-01
6.483896914595739247e-01
2.274895206535946457e+00
3.226041999759807322e+00
1.654157082994039962e+00
2.336636208525244562e+00
1.210948303400358084e+00
7.367815736561287299e-01
4.285459133306090074e+00
3.870191944882693802e-01
4.464145476718074934e-01
5.868665577591448690e-01
2.076189430614570508e+00
4.459540548794715065e+00
1.641099988258511555e+00
5.717408262792655904e+00
5.034145272300681206e+00
5.681975392147623261e+00
2.513823928027215437e+00
3.375360541408124471e-01
4.774323138460793148e-01
3.888682204616146776e-01
1.292751238982325690e+00
1.190059548127243572e+00
1.005648625881848002e+00
8.817206959364376928e+00
6.441156512924239852e-01
4.493065799996171505e-01
6.089662198414690364e-01
3.276831066973636686e-01
5.617184034584493446e+00
2.205005097729857422e+00
4.144383576775380051e-01
4.356105961450357889e+00
7.058613660151475067e+00
4.765420456661286219e-01
1.570271569099118913e+00
5.807693983404799143e-01
7.652352139969024414e+00
9.491714887336234474e-01
3.077232659587570307e+00
5.285229757547651452e-01
6.932460766256598461e+00
5.568303677002900409e-01
4.491743081957691452e-01
1.232663682085770596e+00
7.827214901702443939e-01
2.436202521612465421e+00
7.596021619833612792e-01
7.883354533174538936e+00
7.674571878115412638e-01
2.510811467198430957e+00
5.130923653309853449e-01
1.856179611969889898e+00
5.181016894862958466e+00
4.378327135167847217e+00
7.521567144221949164e+00
2.296243444432592096e+00
1.430876440905150204e+00
1.989134069783509373e+00
3.846271567676797787e+00
4.379636778444975231e-01
7.717657548702346881e-01
4.794882177821401470e+00
1.493460697964362982e+00
1.360874622271172951e+00
4.839774089039891591e-01
7.067157043211267364e+00
1.187961766513498940e+00
3.218413411523053935e-01
3.478153936650733691e+00
2.872415100609406302e+00
5.492289281822064773e-01
4.509884891638134552e-01
4.191209065974968451e-01
5.160511002309041473e+00
3.230902390607205632e+00
6.403735083907324821e-01
1.428490779781107500e+00
4.577682696529078221e+00
1.858176214187924113e+00
3.414156171968646625e+00
1.070569438904786841e+00
3.427884829054865357e+00
6.788150307999271327e+00
7.928305414214761315e-01
4.934514644718632215e-01
8.115121032814086588e-01
4.589043724307961258e-01
2.982539142615361794e+00
1.528446980158959079e+00
3.948033099773527788e+00
7.655162435652447250e+00
2.370072390978869681e+00
1.897498189091599619e+00
6.967477355616642498e+00
5.444638633022467200e-01
5.964490932045312110e-01
2.687848469796236817e+00
3.497641447120930502e-01
1.759380313173259935e+00
2.443780719003472601e+00
1.928466162529287597e+00
9.413118466103523874e-01
4.351073335052407565e+00
5.540177363429043211e+00
1.235473868438259570e+00
7.084307661633466591e-01
2.020795127542639680e+00
3.300970744815738822e+00
2.839985138670368947e+00
7.305256429943806751e+00
7.095435175531164873e+00
7.608778962840544446e-01
7.452020495684241297e+00
3.495248012266017668e+00
1.145692032436297358e+00
9.319435562485212543e+00
8.522994313307449277e-01
3.700132854684208272e-01
6.139545586223058571e+00
5.907045394856562659e+00
3.159110215990012183e+00
1.141058144195271629e+00
3.397871772776441812e-01
1.409573770741716636e+00
1.566592360682986129e+00
8.486388796253224731e-01
5.259463368674586192e-01
3.242874074845515375e-01
6.978094392782813182e-01
2.292167166196501960e+00
5.572686079364377321e+00
5.205970585555784735e-01
8.558302887407510662e-01
2.766654638374155262e+00
3.880027447566968046e+00
3.421948959022940606e+00
6.075590697328568268e+00
1.893443141070782154e+00
3.698670989108397311e+00
2.508065452657195937e+00
1.598172699757823612e+00
6.061601754603491266e+00
2.045084204528602179e+00
5.449340892789813040e+00
5.878372175031323366e-01
2.111774461711366069e+00
4.572443218793224573e-01
1.630856519384472403e+00
3.218608918604649038e-01
8.285856398254485278e-01
1.086943625388377077e+00
3.654024561768129065e+00
5.734232739303549709e-01
1.694283080285022169e+00
3.829618922059046526e-01
5.780104367946373722e-01
7.884299541747028961e+00
9.065108416481679754e-01
2.232992045824132354e+00
3.931696405191491106e+00
1.937802534783618080e+00
3.300046208070431142e+00
5.950769051023818257e+00
6.451210699595779641e-01
3.540309852530907908e-01
1.774036087901297298e+00
3.259848202606502543e+00
2.875915443671523963e+00
4.565075725426483544e+00
6.162795283509491240e-01
8.985251122398596024e+00
3.364158002703571126e-01
7.877298191126599347e-01
6.424330076870934381e-01
5.777627908067700879e+00
5.817713179684453451e+00
3.857524455335979985e-01
4.760272334218107915e+00
1.293631071732868287e+00
2.858282932824590894e+00
4.793777499846195944e+00
5.362723092944821524e+00
4.532834786518303849e-01
4.252737685880654817e-01
9.096435281439406717e-01
1.774949355679001917e+00
6.441109764616754774e+00
2.625180193664284900e+00
4.327521473110888528e-01
2.026082776417853726e+00
1.575503252608239535e+00
8.313731814256167807e-01
6.755103001604974011e-01
5.381122458107548745e+00
2.268890977702859413e+00
3.376615778413697977e-01
2.092777675456167330e+00
7.982126102441838844e-01
3.218413411523053935e-01
7.723603985960261209e-01
5.904925153318619557e+00
8.139528674804746844e-01
2.259181324861012197e+00
1.686934275338055400e+00
2.384041258029073074e+00
3.963882763358541617e-01
4.476574652353644268e-01
1.414177009943435870e+00
8.281654155736888345e-01
2.125083512197017299e+00
5.869269105306703649e-01
1.325067156339466479e+00
9.776343365754891490e-01
1.422758071189003770e+00
1.186474913282533628e+00
5.206395694756021930e-01
5.180359684200124271e-01
1.598334725059281203e+00
4.571526787665189495e+00
4.659038439412524824e+00
3.945774792691679078e+00
3.218413411523053935e-01
1.473000999872027927e+00
8.759589804309975136e-01
3.218413411523053935e-01
6.671640080861963362e+00
3.375596740386469508e-01
2.425171603005718435e+00
3.975674265797579210e+00
2.326884966699808821e+00
5.168931091073559747e-01
5.981435596820257050e-01
5.587595177984794326e-01
4.519655314610117047e-01
1.159378389352305083e+00
2.385868086908867092e+00
1.045973925203697252e+00
2.116893394332485911e+00
3.948476870850691434e+00
7.021582464952613734e-01
6.233373196133250582e-01
1.094877140223275536e+00
7.970630520739403480e-01
6.858301458560294606e+00
7.201555532320748076e-01
7.860464966216507143e-01
5.098198200984374040e+00
3.313124856218787606e+00
7.257343490551850795e-01
4.502044669289368972e-01
3.726682795832557127e-01
1.574770969543231924e+00
9.474197920877595047e-01
1.762012122865776798e+00
5.879440714332506701e-01
6.439420211857962428e+00
7.748434139639625018e-01
1.027347952168198297e+00
6.248464190287998932e-01
2.148547781566836345e+00
2.220144092403339542e+00
5.652556982859410217e-01
3.995885392068076580e+00
1.101127466528423193e+00
3.218413411523053935e-01
1.210744253175014551e+00
4.411742399684502325e-01
7.169671626436285194e+00
1.342177166594028304e+00
1.567541952125413030e+00
3.141629980597007155e+00
6.826683325534822266e+00
7.010041504808330881e-01
4.169644007954760312e+00
5.085489773291913540e-01
7.554571768774670515e-01
5.479037245316007443e+00
3.090539006553441492e+00
6.718965963807582931e+00
2.930020844665953028e+00
4.474851503514564732e-01
3.498356615702316597e-01
1.609021653571389487e+00
8.829413716332748407e+00
8.476101583662200012e-01
1.035248835544118506e+00
2.245792862772621135e+00
2.067022334742301570e+00
2.155298848775134335e+00
5.092105843031401236e+00
5.097127949144868442e-01
7.985656251387708293e-01
5.934575640866734503e+00
3.376649470150308585e-01
5.942173847696552436e+00
8.724163282322098922e+00
3.660630232167609410e+00
2.047416989239833285e+00
4.833062806088812557e-01
1.083467361125392880e+00
6.136150064250212033e-01
5.619176531658817142e-01
4.432437728154723366e+00
4.184429637422487636e-01
4.572862941175621643e-01
1.642608360381916599e+00
9.482681971884490579e+00
3.354196165906219163e-01
3.513612044338370044e+00
7.390798835008670409e+00
8.786620572958196984e-01
9.803996081572137200e-01
1.211593071537000688e+00
3.860237391086622782e-01
2.954761436029897048e+00
7.833425908073687438e+00
6.858145057269880773e+00
5.137099028087035002e+00
5.245158759193398801e+00
6.111542703700520995e-01
6.882217941403753203e-01
4.757468011264597507e+00
3.597328872124516130e-01
5.614523702424442320e+00
6.744598232846424901e-01
1.261482452259445886e+00
1.242963631385449963e+00
3.907066199988813993e-01
1.332605714926578644e+00
4.432617839423855233e-01
1.393819818333645655e+00
1.799606475164929442e+00
7.664606188392768527e-01
3.910678227355281478e-01
1.569502323011946698e+00
1.160103223397050076e+00
1.165493180254273842e+00
8.026169638165273623e-01
6.370826321159697159e-01
8.336859896287048821e-01
1.486905714045415383e+00
9.408398561749078404e-01
8.019990054473785657e-01
6.663713740288365273e+00
8.109125782262786020e-01
5.655437989063265114e+00
1.643490785869792248e+00
3.303245841972940244e+00
7.709133196257371701e-01
3.102245260137047822e+00
8.099647486911265570e-01
4.534940109979176959e-01
3.734239021618669940e-01
2.699199224497530913e+00
3.922770554530003562e+00
1.535100512267273842e+00
4.856695333600159259e+00
2.437808459651451543e+00
5.703445433454335856e+00
1.689162848126060767e+00
9.367379245495852658e-01
3.218413411523053935e-01
1.164506442442671652e+00
7.776943146221708680e-01
3.442936719009176194e+00
3.868068842258159279e+00
4.380764413314854444e+00
2.422247871389326512e+00
4.509137166111493178e-01
3.808756305784082752e+00
6.518797189181865903e+00
7.614363832091079587e+00
9.070891233294643419e-01
3.306248882925881261e-01
5.542247232714982985e-01
6.859532561029502151e-01
4.568070394735969764e+00
4.756603037439061765e+00
8.377105726578610856e-01
1.730997182014488489e+00
3.931514795056233691e+00
7.126624294527521553e-01
7.775375321109048166e+00
1.032109169476644883e+00
6.183223519312475158e-01
3.933149510351670042e+00
1.317218702271498065e+00
8.762688356940231404e-01
7.525056817411421406e+00
6.634184995533457530e-01
2.204556531271470998e+00
5.952673013239622168e-01
5.702850616701465869e-01
9.424667813248244208e-01
3.144235153077692857e+00
8.469878670201089754e-01
5.316465963009318507e+00
1.096656569325496822e+00
1.417301261214876762e+00
5.334831429045159279e-01
3.625101913558451128e-01
1.653159850331421987e+00
3.611871517051433944e+00
4.298577944601430501e-01
5.137809155378273429e-01
2.839308150738411918e+00
4.779209995281611612e+00
3.192450001198717580e+00
5.499583936968361009e+00
7.957136005424374936e+00
3.459831087563812191e-01
5.723803175909774055e-01
8.071150045912987014e-01
9.497193598803291836e-01
9.578291051720284610e-01
3.407159181080423149e+00
6.205081020624065857e-01
4.401461159231568665e+00
2.474210982569766237e+00
3.597825876981151638e-01
4.353410309531705380e+00
6.420252709741105512e-01
8.939439882123497716e-01
1.117819205528743698e+00
6.378865882328569326e-01
2.411972264115094688e+00
1.099702733018523615e+00
4.317053098072023420e-01
1.101734555044369346e+00
5.303991174434255385e+00
4.461790441015325848e-01
2.341918377258368267e+00
4.525460996691867521e+00
9.466549450125497644e-01
3.218413411523053935e-01
3.272487045742580314e-01
7.277765244776736031e-01
4.232776655347909589e+00
1.220334471262168874e+00
7.315709460221770932e-01
1.759465163525127052e+00
2.717356329216277011e+00
5.476908706392223936e-01
4.124593027923699196e-01
4.736148831681920024e-01
1.645943312663432412e+00
1.803158554156564009e+00
2.268740840619714927e+00
3.652506638963571639e+00
3.874354015285580211e+00
5.594341814446115890e+00
2.472609899567026037e+00
2.065150121176903664e+00
7.999483480938021085e-01
4.823819915405123115e-01
5.417858700810199934e+00
2.253445587186894361e+00
1.497233094507225637e+00
2.188442335326747479e+00
1.231581680868752304e+00
1.609154172832671925e+00
5.152079783633670695e-01
7.595723505482064875e-01
6.247907499724359992e-01
9.017527853965576767e-01
6.421685702738744173e-01
7.002311382718703570e+00
2.480860473588592630e+00
2.538048035500223953e+00
7.475361262101987148e-01
7.073259862180862889e-01
7.204862889431072892e-01
3.618777263628189189e+00
1.397710204267582412e+00
7.005153326315357587e-01
7.579088577062785603e+00
1.428825377862238177e+00
1.142766684379811437e+00
8.777813318129716880e-01
2.598219210755356556e+00
5.058793706660328349e-01
1.207355083756905367e+00
9.699389609969875536e+00
1.670276630261479989e+00
3.822863395207075077e-01
3.960534675067949983e+00
3.218413411523053935e-01
3.935696879735275377e-01
8.155402450326616481e-01
2.070749595852845903e+00
5.091965695486552201e-01
3.526285555078829681e-01
2.963168027532602000e+00
8.424469313002951765e+00
3.564433804302053477e-01
3.004347682685794663e+00
7.900978099418086709e-01
8.148827580922542779e+00
1.645947534188622940e+00
9.505062510360158257e-01
8.821019997517002054e+00
5.570773410023968530e+00
7.990927574676138789e-01
1.061756000623153007e+00
3.218413411523053935e-01
1.485611927078368533e+00
3.054660719585325701e+00
2.003568815443322659e+00
2.477476725644629951e+00
1.082801958252368912e+00
2.036295007831228521e+00
5.927408098685859050e-01
3.315047684808618556e+00
2.497817926291203694e+00
5.110053042200843887e-01
5.252107831778441982e-01
5.560166732826580471e+00
3.760959086127884099e-01
1.608945068167962456e+00
9.569264491766505287e+00
2.701128328933432243e+00
3.211507358174791715e+00
2.836197812077598801e+00
3.440068526206854660e+00
7.113313247978870102e+00
1.536619217839513052e+00
7.247097122540960834e-01
1.784186698143777283e+00
7.926779860741127726e-01
4.250852818257819243e-01
1.010889182321593083e+00
6.482378249729766617e-01
3.165562262414788108e+00
1.562721992832156293e+00
1.668549871334790824e+00
7.234357573520605600e-01
9.681453191617018783e-01
4.404566412045588519e-01
2.182320127931307585e+00
7.465622681565250440e-01
9.155747783815331164e-01
1.535203809885639981e+00
2.320016491954460136e+00
4.257165140958078520e-01
1.052905257805639483e+00
3.384076221992794675e+00
1.040828786984925980e+00
1.102741426236522715e+00
1.364970677592658221e+00
3.479578848629216181e-01
4.802061230347333343e+00
2.778716748322152430e+00
1.613840896181070850e+00
3.351713111535846723e-01
1.448350640660142963e+00
4.230439338804052873e+00
4.141155419726575637e+00
4.026342973608666997e-01
2.877162533397729760e+00
6.059664397582422701e+00
4.667138878734323981e+00
4.020143306327273791e+00
5.992654576298853675e-01
1.242312879954309945e+00
5.530115065063037072e+00
7.728434086091522381e+00
4.521530475293629614e+00
3.780044796834096665e+00
7.014246996145867996e+00
5.884429120378538158e-01
3.509087673353902925e+00
1.988767573399534250e+00
5.630617859693377802e+00
4.564904380373033810e-01
2.825107454059720080e+00
1.585331193689570872e+00
4.412636830354730755e+00
6.812469750134078517e+00
4.156586828350338436e+00
1.488659767029103964e+00
1.864053741426264565e+00
2.331694553415379900e+00
1.471527706376801081e+00
9.581424634536839235e-01
1.450055919101919111e+00
7.130553241088479766e+00
6.381657864585776885e-01
3.414794007170116052e-01
1.358881684327382322e+00
1.730936150499554849e+00
5.189105547251039674e+00
3.005876631467280458e+00
7.988413924549074840e-01
1.369924100182967841e+00
1.289636379205476802e+00
4.429398053241655475e-01
5.835408242870667728e-01
4.297171473514315387e+00
3.218413411523053935e-01
5.846701269119351174e+00
3.042277480655422472e+00
8.067513291750766369e-01
1.129813146787129741e+00
1.833491982800361519e+00
1.481830894765403972e+00
3.349056281240206712e+00
1.866615870298957036e+00
3.586013538228086883e+00
3.967540409956408776e-01
7.444347836734047652e-01
3.218413411523053935e-01
6.476252851095110064e-01
1.013184961229560699e+00
3.013264145218167656e+00
2.220629758184498037e+00
2.809164098223625672e+00
2.021582423996034716e+00
4.356472066328123116e-01
2.389824992559876016e+00
3.455027120170137689e+00
2.227011754303553026e+00
3.932509918338216170e-01
4.869808175755521717e-01
5.740583347594991892e+00
6.451451661944939131e-01
8.805375946726212710e-01
4.620051963039708554e-01
5.802966835815360547e+00
5.513604347694206709e+00
7.830090039260716450e-01
5.832779197988748887e-01
6.263031808299937886e+00
3.696714502711863748e+00
1.056736921296719478e+00
4.852684176005591099e-01
7.759536366741323077e-01
6.338700937071159558e+00
1.050864368461572607e+00
3.710270971223755265e-01
1.608390680593803523e+00
6.418062608685153325e-01
6.611619864659808998e-01
9.785298995131638478e+00
7.873969571946474844e+00
4.022269666635801544e-01
5.006955163861706026e+00
1.866793251177591539e+00
9.910208945181167017e-01
2.018239996627238408e+00
2.046125767203418100e+00
6.014128911424697632e-01
4.258921544961336458e+00
6.824075219341147580e+00
1.852676107908869163e+00
3.193533803649232894e+00
1.299957874717669659e+00
3.426457403922131273e-01
1.876812102247271019e+00
9.293686136727618674e+00
4.127804571340337070e+00
6.366893301766525237e-01
1.376250921720060916e+00
1.658546844681153098e+00
3.565760244268804335e+00
6.843621984844532768e+00
5.385659992241664806e-01
8.727244979561284977e-01
4.696585006467369205e-01
3.988197802547185367e-01
9.800884238441546215e-01
4.747153546907199595e-01
5.403092722614093901e+00
9.029718041786872762e-01
6.792211831641846054e+00
5.176632475245132037e-01
3.297743900318578891e+00
2.970054395525463686e+00
2.555352571581329890e+00
3.000595597583492147e+00
1.068531574516115912e+00
1.675605900018748873e+00
2.365823501396998374e+00
1.468771991158524415e+00
1.198061077893867399e+00
8.398053374942017202e-01
3.568190749589532085e-01
3.946077237905460389e-01
7.042981305188572572e-01
3.972749700331104084e-01
7.002888801394248075e-01
1.119625006349719509e+00
6.238791476338287900e+00
6.470094753341146809e-01
3.901282570346906287e+00
9.661037802991568890e-01
5.523129098991419461e-01
3.052318471238987030e+00
1.023072060603849698e+00
1.577381638248476659e+00
5.228577981606741254e-01
6.926155011429470321e+00
5.423898750366520360e-01
1.338918663499658157e+00
5.595605155142510334e+00
5.260721596881946738e+00
1.060921155325069032e+00
6.245446169639824241e+00
8.495162742274806611e-01
1.350820876260861336e+00
6.752280280510400523e+00
3.338531666417317911e+00
3.914807550135428915e+00
3.237579072154595505e-01
6.474475321526040883e-01
1.222006439501426733e+00
1.715529505109864905e+00
4.457762965114600573e-01
6.720966764458653486e+00
4.356945758094141752e+00
1.224984419175633388e+00
9.290318039948394002e+00
5.173983971606872068e+00
5.308092908136395893e-01
2.131187298171734579e+00
6.353809187232355438e-01
9.702500537516826062e-01
6.281326587489591162e+00
2.035890472147472874e+00
7.333843187150396181e-01
5.768760476235558210e-01
9.801688322332330339e-01
3.303860580782151946e-01
5.326696818059788896e+00
4.379865826937761497e+00
1.299725848710305831e+00
4.038672366859955787e+00
3.573035662499135956e+00
9.064264160946756688e-01
1.734655503237923613e+00
3.545165968370684428e+00
3.041385759261870270e+00
4.800059056312361294e-01
7.754738206422635560e-01
3.232458282716641040e+00
5.646173484472116755e-01
5.445941680583497035e-01
1.432312741649924170e+00
1.238351263703282301e+00
1.068291757009629750e+00
1.312743667516130586e+00
3.555200492675551494e-01
1.678017607327345173e+00
5.485933411076722166e-01
9.061705541752472115e+00
6.062685289932723265e-01
8.091923339940103599e-01
2.885355527501847206e+00
2.423410961871932834e+00
8.251903089273149305e-01
1.711071658363483516e+00
1.661966625390453922e+00
8.608478580351293985e+00
1.740281659707446194e+00
7.960748686504297567e-01
4.743722208673315066e+00
5.852601263116961050e-01
1.903508681117111800e+00
4.177086890862487856e+00
1.636209411269106129e+00
4.809077835267251966e-01
1.208802097743915560e+00
4.750647238635567149e+00
6.326177588162407162e+00
6.755514903305459562e+00
7.193686775172242420e+00
3.434788425416739344e-01
8.489693642352813541e-01
6.627847962395753134e-01
6.927603837458179425e-01
1.567280270197784153e+00
8.216568735945332103e-01
9.820120457838341643e-01
1.981530469301688191e+00
9.135897185484639138e+00
4.208401808215689877e-01
3.667276496685965559e-01
1.711785467849550546e+00
6.769546195105694553e-01
6.349329216698638145e-01
4.461210304581755270e-01
3.428541966366858151e+00
6.004273107304273438e+00
7.351674682099428315e-01
5.069683919086758195e+00
7.186405596657080563e-01
9.955670176661688409e-01
4.242782343953471758e-01
6.252952607627513260e-01
3.866078666750236703e+00
5.391503145584074730e+00
4.875591545106429336e+00
1.096230820184950217e+00
4.193331619472187022e-01
4.130040443836210606e+00
7.083245155324270348e-01
5.355235193704344088e-01
1.377071335818486508e+00
8.275503141524373163e+00
1.199193851244667597e+00
5.151567614607376333e-01
7.837523589700320592e+00
8.718067611501741254e+00
2.214034613651409522e+00
9.626766574129449472e-01
5.152941685970114927e-01
1.547329640132932393e+00
2.691714129279713319e+00
3.425187396263735251e-01
1.413188083752239921e+00
9.103251377609958839e-01
3.369112792607218410e+00
1.604131738340170976e+00
4.513013153278370160e-01
8.758987710433830287e+00
4.893576237456804812e-01
3.642156777980724236e+00
2.199587185591795446e+00
4.491542644468365930e-01
5.196918577734457756e+00
1.323709997175343434e+00
3.730929352271447619e-01
2.814510556394191454e+00
7.332360847044329111e-01
8.236487649434214298e-01
5.858008019821892010e-01
2.150578636311833325e+00
6.027257789468777327e-01
1.034670035580099290e+00
5.751435522960740565e-01
3.697379016645056526e-01
1.377927131058714227e+00
7.209524029801809286e-01
7.925204800999096078e-01
6.012106321796875541e+00
5.726551600143089615e+00
3.236973868547372013e-01
1.940715799183991175e+00
8.724419809111942925e-01
6.491636353839408402e-01
3.997485507226554158e-01
7.258226191855740028e-01
8.978627536446257551e-01
3.022759036009168732e+00
1.623914431366452638e+00
7.067362016022128435e-01
4.350227083630758829e-01
3.714228381241500010e-01
5.831257750995432865e+00
4.145895146567258882e-01
4.154135152631163175e-01
1.400383798615965292e+00
1.178471153082051970e+00
1.774877137620337386e+00
1.874473243719445792e+00
4.455392970856985047e-01
2.981070488482898018e+00
3.705916221060018501e+00
3.435827620934460147e-01
5.987880858340623114e+00
4.784869298543150684e+00
9.378253748497861864e+00
3.231638688311865515e+00
3.158372489292198715e+00
6.323811578477719353e-01
1.212269736110118679e+00
1.078039585077742446e+00
3.132893013467318077e+00
5.384378813903010208e-01
1.250302072628018513e+00
1.866986862427786997e+00
6.941816682902415270e-01
3.609038444728641881e+00
1.129888331573345894e+00
1.584068152419928266e+00
9.315400452336023207e+00
4.348181941784211024e-01
3.257656983944086537e+00
5.400570953101260230e-01
4.102762772640736522e+00
6.185256683843944003e+00
4.347393832323835916e+00
3.631849467837739431e-01
1.402605259294676943e+00
2.339849774458803822e+00
6.261254572783172545e-01
2.250801173122002119e+00
1.672502671425327270e+00
7.098948788271626231e-01
2.237129058760474631e+00
6.685260687622975873e-01
1.734126779996141066e+00
7.704757936488199066e-01
4.879764165363997264e-01
1.089335954497670400e+00
8.519518531118829285e-01
7.036026270014607675e+00
8.989383958680573494e-01
2.216407947215118579e+00
3.281689201454871974e+00
3.563815595257846081e+00
1.123314560110723059e+00
5.417472503207751089e+00
2.281591745108752178e+00
2.489604415697765027e+00
4.454000584788728179e-01
6.823891513209295878e-01
2.260598945036697227e+00
7.727029321613830826e-01
7.388270052366121554e-01
1.709245289355371566e+00
2.423208664004377511e+00
1.545760775998476166e+00
4.662489034193660342e-01
3.245345858440348841e-01
3.403180279411712750e-01
5.735214841199848257e-01
1.306047770755611070e+00
6.925938521564548589e-01
7.575878306522010330e-01
2.423807651145048592e+00
7.578212455109281098e-01
5.023908069787783592e-01
5.411756678123976982e+00
9.609224094323712606e+00
3.592313319142041106e+00
2.167767579428492297e+00
8.666834048124878009e+00
2.905080038874486181e+00
9.745017101497671641e-01
9.635138199989541352e-01
1.083030324726361737e+00
5.609313857984875584e-01
9.552254647601857718e-01
1.258562256109717170e+00
1.046304451102218813e+00
5.154560041278423155e-01
9.320232900611282734e-01
1.916055298215173508e+00
7.825898864268489241e+00
4.099278576603724744e+00
1.696483161486111557e+00
3.341046770985864889e+00
4.722862211227726981e+00
6.001265833839629638e-01
1.442941276394207994e+00
1.647801565639089860e+00
9.331867673078871883e-01
2.728152466343370719e+00
4.845433699591940591e-01
8.798832379003956872e-01
1.467261683663150462e+00
3.564397658286492909e+00
5.949056750386864101e-01
5.147065414454816690e+00
2.376761455045584892e+00
5.737675815199247964e-01
3.211028981418293515e+00
4.052834643583579366e-01
2.714951762845532190e+00
6.529518421013948970e-01
5.159463494011453655e-01
3.038930398160720969e+00
6.156718121204496352e-01
7.249650760777469616e-01
4.355484688511221392e-01
1.447157465383029473e+00
3.908629982647430778e-01
1.537373212693314173e+00
3.383288258285697681e-01
2.208198906752397495e+00
5.048452846002537964e-01
5.815741121544754755e+00
4.311459878531489487e-01
5.625165623349046573e-01
4.860576436295389047e-01
9.973093997926969489e-01
1.264258735071457584e+00
5.637250554802490043e+00
3.458996999012314832e-01
4.230693805538741969e+00
6.708139311697515206e-01
5.270390648931524424e-01
4.863642290255644873e+00
3.218413411523053935e-01
1.312654560798995229e+00
7.098330524991220081e+00
6.105789502299791005e-01
5.472291661268507745e+00
2.425797463000396892e+00
7.532499997421058247e-01
1.073059507190879946e+00
8.932433906674964064e+00
7.410349379419287175e+00
1.097873637753905340e+00
1.421256004169450637e+00
2.303743628399319121e+00
7.391342660543739340e-01
6.892965602562257654e-01
8.799835566761681216e-01
4.423862696048446175e-01
6.082773607871610366e+00
1.483955726616404958e+00
7.228322504701819584e-01
3.972207319110689361e-01
9.458698005319552404e-01
7.184289913449227960e+00
1.548904861713713776e+00
6.035616927109345164e-01
1.414901987145855244e+00
4.301876699183698194e-01
3.650722316956336755e+00
1.174730313813161731e+00
5.535288281850574421e-01
8.527024445023807520e-01
3.443402038790412956e+00
3.467572596466140578e+00
3.639659590981842108e+00
1.748288746770231716e+00
2.141874673843076948e+00
9.542300277897670213e+00
2.389973381261233154e+00
1.517402165965366034e+00
1.161320187815529925e+00
2.848142853422920950e+00
4.164853859323578433e-01
2.458404496808185069e+00
3.218413411523053935e-01
7.381094944336622499e-01
5.396257571469560421e-01
1.504775482545029019e+00
3.293684458721411357e+00
8.136110251159431872e-01
7.188917057360341145e-01
1.636986797827683526e+00
8.315305627117718368e-01
3.813049580376036696e-01
4.610884095326389653e-01
3.956038965915729677e-01
2.136187199095641809e+00
1.992181342914426834e+00
4.041544389059136932e+00
1.462033052871789085e+00
4.291637779488780002e-01
6.190214890708110040e-01
2.104593593003748708e+00
5.196906728825227972e-01
2.240115890634692519e+00
4.140681275062639277e-01
8.373733021911741403e+00
6.245011017667542186e-01
1.204679128228036022e+00
7.752746087974838884e-01
2.737417257914073421e+00
2.835894602474618331e+00
2.627178672000393789e+00
2.479631838450602199e+00
1.807107673516937796e+00
5.447568489274319248e-01
9.446021570393067224e-01
1.901237363348168730e+00
1.131707776204332827e+00
3.632520984150098275e-01
2.095188288098554175e+00
9.586766357444671538e-01
8.298700294902126018e-01
9.191970402761149295e-01
6.885850780636775248e-01
1.743935177067230224e+00
1.869179457084349405e+00
1.212779614630705272e+00
9.981738443468779476e-01
1.594520428747800977e+00
3.533825991611789785e-01
7.649524464795327550e-01
1.038570280340185503e+00
8.838489681092446260e-01
6.250520352000401569e-01
5.733591151892936111e-01
1.484278395474032619e+00
1.894671687372077473e+00
1.345276979703007525e+00
4.665616634121131368e-01
1.171022703452854641e+00
4.236496549811271661e-01
5.151502010515537577e+00
2.820825993466944404e+00
5.204954422247144441e-01
1.327744364761828999e+00
4.075454421387230686e-01
3.527422769341247433e-01
4.817037930015873215e+00
7.770502208239890019e-01
5.471712878295966753e-01
3.979218761537591798e-01
2.630136028623817346e+00
4.134874504088940639e-01
4.023187013755005204e+00
1.207882098702752982e+00
2.011546788294457322e+00
6.050203648117747912e-01
1.654244564606112133e+00
3.431667691077894822e-01
1.498734024309221757e+00
3.698767044589468700e+00
2.840739365314100873e+00
1.542826471848985692e+00
2.050877686771050978e+00
4.458846834034986828e-01
7.081374906016193460e-01
5.380257173552865924e-01
9.713896661297426460e-01
1.970487571524145443e+00
1.781267214796812048e+00
3.372872990193666265e+00
4.580206038188111783e+00
3.337791405583362625e+00
8.343340159604508699e+00
1.409868042263434873e+00
8.620579997856178123e-01
5.365885021021210566e-01
1.201465986473418734e+00
1.326234909914514093e+00
1.491931855409817986e+00
2.309690351192111635e+00
3.612594083868823969e+00
4.151632344094488225e+00
5.986862312987257795e-01
6.321810128505533921e-01
2.148457251533168577e+00
5.480031063110443190e-01
1.021687720598416060e+00
9.544598609367724862e-01
1.029246149784405207e+00
7.303266186543203586e-01
2.564919504257881400e+00
6.655102746848811091e-01
2.822231828434586198e+00
9.469942437625862297e+00
3.942913864886917752e-01
5.968784411966712167e-01
1.474603051005442422e+00
6.420885535336799954e+00
1.669212771768305181e+00
5.498283127266657688e-01
1.189163503569925950e+00
6.291263841636528298e+00
8.898462992596233301e-01
3.492660355932402982e+00
1.010161006075601220e+00
8.756992328734588549e-01
7.473658408993384406e-01
6.114075127986420277e-01
2.705119281860204783e+00
2.047968502789670797e+00
2.293424111155212053e+00
9.673416211156168343e-01
6.909621107388561612e+00
2.932818884651904323e+00
4.330172774285004911e-01
6.473677272886014800e-01
5.295350231815054709e-01
3.652480545660189204e+00
9.409929520398124803e-01
7.881149432939111854e-01
2.822280339243978808e+00
7.828366161902763354e-01
5.120127826142404359e-01
3.625285916626450611e+00
4.042055642526205972e+00
9.392650237483831654e-01
3.940548218489874910e-01
9.185219932112980157e-01
8.191747453762098230e-01
6.689378318086704134e+00
5.157481266703250355e+00
1.564352653983660080e+00
2.911203088397479988e+00
9.184388152084717039e-01
1.650852086031217469e+00
2.761540673363610754e+00
3.582563047913627230e+00
3.799884047252739538e-01
2.753665520000221800e+00
1.279952004160550105e+00
5.110456398251596255e+00
5.538868723265418126e+00
9.962702420671230019e-01
7.897487263892961629e-01
3.947016899135006862e-01
3.122679609550817137e+00
3.664723241186826908e-01
3.486884443209064544e-01
6.383769430340930917e-01
2.737207741456485710e+00
1.687880523218746820e+00
4.796914557277023761e+00
1.267041697664818667e+00
1.253287404393860438e+00
2.709012568265362741e+00
6.683724195156592884e-01
3.880786924234293611e+00
2.133263895162663903e+00
2.164060013060776111e+00
6.840271271946085641e-01
5.051335580429779926e-01
8.979574694547451941e-01
3.554426931532674860e+00
7.563468609584981239e-01
7.388244546362557230e+00
5.683920346976753635e+00
8.385144361619365494e-01
1.269975328082652455e+00
8.119538865643373127e-01
4.837444275617960865e-01
4.095302675995126096e-01
1.112919632749916232e+00
9.497637133053352665e-01
4.227763748618801332e-01
2.521984167287888656e+00
8.379779871617655473e+00
5.598613400040590715e-01
1.505447089548980655e+00
9.090606729726031787e-01
1.395575007560833969e+00
3.218413411523053935e-01
4.856483718118091431e-01
7.903979826792539853e+00
8.077505988623226996e-01
4.179887846087371739e-01
1.042230686777581017e+00
2.266724553816533483e+00
1.457812723375616848e+00
5.509313980789175558e-01
6.833019133052010696e-01
5.726804055549991057e-01
3.256287574964227827e-01
2.703280082241946936e+00
5.374849257890316201e-01
1.214900104684301096e+00
8.713463579981986840e+00
4.261819025666064298e-01
1.591448153747472283e+00
3.045962424054598827e+00
7.317471934453894100e-01
2.334289184061205447e+00
3.992080095969872122e-01
4.341247467403889004e+00
8.247150086110501377e+00
3.335493951706362203e+00
3.532353177376567288e+00
1.896144874187432050e+00
3.163671034647682401e+00
5.741347460561218030e-01
4.308006272773284628e+00
2.970792928538943389e+00
4.376071280715715384e-01
3.736337642724248731e+00
1.266835819674841934e+00
4.797183199775452600e+00
3.027475659048324719e+00
5.595176636553667926e+00
8.527064457778469331e-01
6.376087181988014940e-01
1.750355236029719652e+00
3.103835566477096908e+00
1.077119242071237215e+00
9.585842194484648360e-01
5.482530646948043929e-01
4.966158836217405836e-01
5.886515881124513960e+00
9.715497949626856311e+00
7.500469794546780200e-01
5.975622174723761226e+00
7.534715933867572879e-01
1.964720569221663160e+00
3.935054038257605580e+00
5.848512865859411214e+00
9.635123260009990087e-01
9.105546535981941858e+00
9.561141084170873272e-01
1.103649203818131364e+00
3.878331717528932798e-01
3.072862955295516674e+00
9.465069703666841860e-01
2.513501046184570598e+00
2.991205082436595220e+00
4.268072050447591970e+00
4.803192963256098125e+00
9.630955341310410978e-01
1.757017818713425994e+00
1.564010597239536393e+00
4.201274909372132993e-01
2.087991363368161934e+00
7.555720111326417188e-01
1.859945187686196766e+00
3.721914357220248992e-01
6.987416372330556014e-01
1.598194619331983368e+00
8.898377497554957882e-01
3.218413411523053935e-01
3.239427202841632658e-01
1.303765032774530264e+00
4.442177135307368019e-01
1.339268379976838341e+00
4.270644033088507596e-01
3.072573352514986755e+00
7.608270582423870554e-01
1.424915566746822959e+00
5.404785316614362678e+00
7.921995779733046028e+00
6.771986734684293019e+00
1.901022067020833983e+00
7.030709719306618144e-01
1.437804730780004592e+00
3.423485745036828343e-01
8.436982524627169022e-01
2.090300245662465084e+00
1.274638673897348751e+00
4.396934317480076793e+00
1.630678416341321491e+00
5.557844260239306777e+00
3.534583984596147421e-01
2.053220165891604942e+00
1.663558924791519011e+00
5.234067622870371972e-01
4.035015231563898297e+00
5.055797653764811939e-01
5.911413919212331614e-01
2.992388850953976664e+00
1.665901375673782159e+00
2.350182077378094370e+00
5.350267665256857264e+00
5.246112439047857512e-01
3.066995532141198133e+00
6.305980531571442338e-01
3.831701602363450365e-01
7.748108618223078503e-01
6.958836854311705178e-01
3.036117220969895225e+00
2.161641718718370075e+00
4.309773011528143627e+00
9.899478922452931151e-01
3.072116442810568060e+00
3.723607135942033630e-01
3.218413411523053935e-01
6.939623865511710399e+00
9.729718161763128981e-01
1.797120688289758572e+00
3.870588054992877947e+00
3.334468386674647733e-01
5.698930363423315271e+00
1.363129990771442035e+00
2.475946785478680301e+00
3.236759005432972902e+00
7.208594372560148678e+00
1.141868331814456905e+00
6.306507742315273779e-01
4.325243897494404521e+00
7.303923062149170420e+00
5.202406977356848206e-01
1.514445649357732959e+00
1.192688114317983050e+00
2.210751254580750391e+00
1.351627476744116763e+00
2.792999066264170605e+00
3.663495177331016484e-01
4.089796816433358129e-01
2.389821713839092698e+00
7.975109097853643192e-01
9.418875873895403927e+00
5.111165643906525169e+00
3.414959846270859689e-01
1.717457459960368027e+00
5.708341928398066312e-01
6.620368692044731329e-01
1.849590594196119486e+00
1.926743068287763982e+00
5.039536898539067167e+00
1.086566581162118794e+00
2.727158304957601587e+00
9.111064225254754678e-01
1.218079973208318512e+00
6.430191842396587587e-01
4.344692144707655856e+00
1.012763487079523905e+00
1.005676084827271444e+00
6.315933723054272253e-01
9.125949173134021430e-01
3.500794367738043977e+00
4.759342488253382464e-01
4.143050277936738968e-01
1.606628159788360488e+00
3.542510105885261495e+00
7.293663577049755098e+00
8.701881379957641105e-01
1.450978145053588353e+00
6.340772656304130006e-01
5.940332802420523750e-01
4.880383017826857461e+00
5.780029162345011740e-01
5.644138039526790385e-01
3.976750250389334274e-01
5.605847824976782912e-01
1.070646450656272952e+00
4.233727735369159362e+00
8.016927287821554726e-01
3.218413411523053935e-01
1.724687257092208936e+00
3.678650459231296299e-01
8.036368711202114268e-01
5.799601707240332749e-01
3.240605145868482140e+00
3.529429739467307314e+00
7.094341737605716069e-01
3.483058943848345024e-01
5.374627164268852120e+00
3.066253729282630847e+00
5.038970481840500115e-01
1.450308308085663578e+00
5.909487541915903197e-01
3.042019179440313081e+00
1.069165762905701200e+00
7.289417551277324048e-01
5.499457814276352607e+00
8.526717687644368437e-01
1.454437219715114749e+00
9.082452137595743435e-01
1.959729585928502660e+00
4.005171263153262551e+00
4.671385254144366783e+00
2.748258538259557238e+00
7.397641915248273081e-01
1.120156354206249816e+00
3.963952153766372888e+00
7.921120011697218466e+00
1.225326276635227973e+00
1.264334498740089296e+00
6.080851702066742970e-01
3.600102891484726619e+00
3.936754307434650713e+00
5.739349219423126591e-01
8.758499950047885507e-01
7.925362600686988834e+00
3.223741820852760842e+00
3.555109356243792984e-01
5.230162886030171876e+00
1.356051779421219683e+00
2.167576991358314498e+00
1.389478961698807469e+00
1.395346609863387544e+00
1.341165824358513836e+00
7.515133105918220258e-01
4.280741152233896507e+00
4.232227780076390111e+00
1.895645031314471263e+00
7.799590411386806421e-01
1.107173798249319496e+00
1.263031754977299137e+00
7.378344799815129029e+00
1.382526605491353200e+00
7.835822460400767575e-01
1.745425688861057534e+00
7.598521151214376879e-01
1.767088019714391667e+00
1.449619523651707986e+00
2.766794386618443902e+00
5.959099547659291174e-01
9.341658736800468876e-01
1.790754717546916952e+00
3.719675487648304024e-01
5.154530585942311838e+00
1.677386426509821948e+00
4.057544644573086168e-01
5.319907251995896758e+00
2.522745939399611004e+00
2.060771878235795995e+00
1.325814240120395171e+00
3.734032235570466263e+00
4.163124503827595468e+00
8.462198123973784236e-01
5.106348084674740662e+00
4.050468570963502435e-01
1.048706412567603774e+00
2.492042519563612668e+00
4.033532837926958159e+00
3.830175517277289110e+00
7.926426388247072019e-01
3.218413411523053935e-01
1.008370033172067748e+00
2.041368748957307133e+00
1.564246255543364938e+00
2.469275551316075568e+00
4.990546622917233499e+00
2.426220904427788039e+00
2.432223465129617956e+00
3.615578471486210699e+00
5.814843445430755153e-01
1.197605408395128634e+00
1.455230481261629683e+00
3.783858101124608631e+00
5.238800058655049829e-01
5.616423947173510012e-01
3.809830483972079795e-01
5.309795322293754394e-01
4.408188771094263991e+00
4.395199962469942268e-01
8.444144726727154104e-01
3.275965609707201520e-01
4.143066531422372467e-01
1.671520764921152979e+00
3.218413411523053935e-01
3.670378306280926761e+00
9.609709367494337906e-01
1.194481545398270450e+00
7.915727077559584490e-01
9.648188585805026474e-01
5.185379720069756004e+00
2.288280242392605857e+00
3.884422699725975647e+00
1.118423519120848697e+00
2.876401454650230338e+00
7.232824667306160249e-01
1.890494728607593489e+00
5.755362280979852141e-01
1.337196625788938720e+00
5.262405517665886823e-01
6.786234519659259945e-01
1.909100785010748202e+00
2.714756241480208221e+00
1.516167964040436411e+00
2.921111174545164779e+00
2.451592783669971354e+00
4.145702425434031890e-01
2.102596055139998921e+00
1.634585529989932562e+00
4.106510587558160896e-01
2.168304190448691493e+00
3.354207956184908079e-01
1.672240503820217272e+00
1.787769187423746464e+00
1.523121767888178324e+00
4.756226717128509307e+00
2.619828710981607856e+00
3.218413411523053935e-01
4.095731933977986294e+00
7.542335075852639736e-01
5.506506144548287018e+00
4.378624436089001426e-01
4.677891576719869771e-01
7.136650125713168258e+00
1.919572213179959075e+00
4.868637691766432019e-01
7.749222304130550798e-01
1.802535332897668319e+00
9.628221169335969165e+00
1.326664122812828417e+00
4.555621715416298123e-01
4.066519746530540269e-01
1.200933386088728794e+00
3.265696246245739509e-01
7.688572099234782797e+00
3.825128672037542144e-01
1.347508053343489332e+00
1.065393599159997873e+00
2.269446393649973359e+00
5.109152502516744576e+00
4.386579816959507716e-01
1.427668782638570777e+00
1.674427180329130849e+00
1.294235723278971628e+00
1.049973095728907291e+00
4.071408410516135779e-01
1.284720515012676589e+00
8.569099521265134412e-01
1.420566437801679793e+00
3.714330146267908472e-01
8.983264901869879582e-01
4.040519351118854186e-01
4.183700642133522662e-01
5.978635519686816835e-01
1.650500601470958228e+00
3.089415207754790060e+00
2.071316324664934871e+00
9.785705336435009949e-01
5.097751343349995468e-01
7.533533549001241170e-01
1.236642628820040057e+00
3.765880540342153027e-01
1.256087419255251136e+00
1.087008651875293941e+00
1.248712792043602970e+00
2.358033909368924874e+00
1.080356198165153936e+00
7.101658483940938016e-01
1.076047861945043982e+00
5.835335733411568526e-01
3.803281668805101878e-01
3.617631621615847171e-01
1.370585123044627540e+00
7.947812857484714222e+00
2.058243936255872875e+00
6.965418347284995981e+00
1.919967742446723413e+00
2.247350022895168387e+00
5.678025145041438737e-01
1.045941242422842477e+00
4.333337289968438810e+00
3.351479739816382586e-01
2.214740802869412661e+00
7.076106553201483296e-01
5.639894635372257881e-01
1.333553082547233037e+00
1.891618299360007249e+00
3.898472515659744619e+00
7.226426887128939436e-01
1.063709804973529183e+00
3.824339736407385448e+00
4.377519095414551531e-01
7.344758842901220053e-01
1.700175473798091641e+00
4.574004652618585354e+00
2.853699637912783249e+00
7.135592564195207821e+00
3.218413411523053935e-01
1.017710245010789549e+00
3.822221419479291393e-01
3.033355779956679932e+00
7.328916343830135238e-01
6.560108524553593945e-01
8.279958956857649710e+00
4.084638782326138973e+00
9.282565580491606738e+00
3.946804704331545732e-01
1.029521655412484638e+00
6.769363665080768477e+00
4.119450445333592725e+00
3.922134477378345530e+00
1.178298739207997992e+00
3.224724188218925036e+00
6.385040914704916970e-01
6.484716477947930491e-01
5.166097406665771663e-01
3.423455587715411030e-01
6.811080476173732023e-01
2.870781397142931457e+00
3.218413411523053935e-01
3.970276717842157188e-01
5.743654483551742240e-01
1.167476737198154702e+00
3.638243220333376993e-01
4.923499020722978958e-01
9.162413024699976205e+00
4.860217828239956073e-01
1.254421969669749615e+00
6.130443998057415467e-01
2.721598480617569038e+00
4.633460457735521509e-01
5.566913054291831919e+00
2.977446261739125077e+00
2.760233772910883232e+00
1.162817657211649314e+00
1.239602333354219210e+00
9.404822928360924150e-01
3.755794739382791736e-01
1.409372386164909896e+00
4.664568823598636560e-01
2.053132639181103780e+00
2.796091385996120948e+00
2.552136926812178075e+00
1.029414109377853936e+00
4.067235537745920837e+00
3.959989366591788462e-01
3.568529950536938333e-01
8.860189022543177861e-01
3.080446088370267788e+00
2.721792113224355880e+00
3.270588667821236584e+00
5.831872997850007234e-01
1.076781954315182643e+00
3.838452186914247943e-01
4.654101956364066872e+00
4.070642445565982648e+00
8.511708633231770404e-01
2.324122298255266728e+00
4.317693117973657735e-01
4.950338491000572105e+00
1.170691137885812916e+00
7.931999962078968291e-01
7.480534440880483027e-01
3.589090515287324035e+00
2.953875653387755040e+00
1.737755203853019736e+00
2.598352191060823380e+00
6.984122441871527531e-01
4.516684828227634618e+00
1.589027161149239253e+00
6.410775377237917239e-01
5.929576864730271346e+00
3.604951513783562600e+00
3.310409594536867228e+00
1.711550019436153480e+00
4.545065827574228390e-01
1.189107390064444658e+00
4.633146708367863020e+00
1.515443382562812413e+00
3.306161665089581092e+00
5.848560357298695500e-01
1.583069152962175208e+00
5.801460253330781303e-01
4.049533735510416066e-01
5.965625751155047007e-01
7.863331643513566949e-01
3.376271070624056736e-01
2.844867630660522728e+00
4.921184867636973159e+00
1.241607308276640564e+00
1.106649088074074250e+00
2.943892424493764981e+00
2.239965078025274003e+00
3.664511802066848234e-01
7.146704815141138312e-01
6.948340647506439538e+00
2.372435419838837323e+00
4.290479874777653357e+00
2.457632886772656011e+00
1.675543022812503891e+00
7.646747659160496369e+00
6.690005023124711014e-01
5.425905746092871240e+00
3.985565011630519128e-01
1.076991828122318529e+00
5.195723716587599128e-01
4.402767244221301723e+00
3.164986193535243242e+00
4.465470166579014188e-01
7.753343078866322680e-01
3.360889405101895600e-01
7.172951679339810482e+00
2.203987755794439174e+00
4.471018012213421322e-01
1.444796867594031697e+00
7.411315097501624649e+00
9.178339571762474947e-01
7.622769917857412647e-01
5.206162085804517670e-01
1.469572867571754982e+00
1.406640238381020591e+00
7.596197289937864916e-01
2.167040540592443776e+00
2.126969405652512357e+00
5.744179058653768877e-01
2.903275220789832467e+00
5.339010657295316875e+00
3.643535666550560936e+00
5.764596382797793517e+00
5.190216749737651902e+00
9.199950003160491940e-01
2.671633598628242012e+00
4.842443620627678413e+00
1.354389792060175512e+00
1.863028188928558704e+00
7.097077758345562870e+00
6.604198792194652112e-01
1.752366917133483470e+00
9.059347012658441889e-01
7.777186797140217545e-01
6.554560405675873280e-01
2.154272519805148445e+00
1.137885079769390906e+00
5.435111448222894381e+00
5.575093431521219500e+00
2.230224791934706907e+00
4.629010202573029531e+00
2.492867107166381491e+00
6.918671898306828494e-01
4.358020489389055063e-01
6.903297040385296679e-01
1.399477655503169826e+00
1.851855010050460937e+00
4.635557630042748678e-01
9.739048041220672580e-01
6.829621198590261066e-01
1.848973680150889143e+00
3.855873441059952111e-01
3.809718059446730365e+00
6.427081663143153767e-01
4.642718615865280007e+00
2.116369359739716849e+00
2.984116596137077693e+00
6.357712610964889599e-01
3.553752035794939257e+00
2.425150087435357982e+00
4.976214980072081739e-01
5.138185605606978568e-01
2.570324237889850316e+00
7.636416838526605133e-01
2.505869781505632776e+00
1.190769723426260418e+00
6.387876071002509537e-01
3.218413411523053935e-01
3.684331044695843715e+00
1.111220490919896164e+00
1.615282585371842883e+00
5.903549433309090988e-01
8.561525067083977092e+00
6.567527486488039523e-01
3.077583883492071681e+00
8.096859067849160319e-01
9.033822289454255250e-01
4.709691610778344639e+00
1.052901625943641672e+00
9.877443952410516204e-01
3.218413411523053935e-01
6.541635648329389152e-01
3.979540315756393110e+00
6.387059550166791944e+00
9.681081965917506249e-01
3.394571618474359287e+00
8.806224483843247963e-01
7.157522726149005976e-01
3.201549633127320771e+00
7.712091359406177959e-01
1.543778738006826634e+00
2.045329676893765658e+00
7.936318035835517870e-01
1.617982121210750135e+00
4.382780398643653541e+00
1.073209102727814113e+00
2.585274955973089650e+00
3.582632225858386921e+00
3.218413411523053935e-01
4.892695915924302419e+00
2.266187568636990335e+00
2.108992476917157077e+00
2.321483032680360825e+00
1.755378670050879109e+00
3.361230024740299527e+00
1.149780397570301593e+00
1.149410872832174579e+00
4.774494784240857825e+00
3.017095602239429297e+00
4.324519893803465131e-01
1.025155781885687345e+00
3.848475321522035753e-01
6.390306621672462439e-01
8.027768580727636660e-01
3.457819189820636741e-01
4.438645690519260611e+00
5.960515838156680957e+00
1.124878007577884809e+00
3.851366038339104070e-01
8.976839025753665657e-01
1.174324993548109486e+00
6.882036740760011373e-01
7.906317170170218400e-01
1.263861715579467138e+00
1.297442419223730159e+00
1.934356748351636845e+00
1.064597274131095173e+00
4.152081089358432564e-01
4.196802380582833059e-01
1.342718386542492537e+00
8.580538148359061479e-01
1.508993766435582584e+00
8.385721297022734610e-01
2.500210254921278352e+00
7.044816521883332516e-01
3.564672027887666683e+00
1.103586488409977084e+00
6.465993951238926396e-01
2.052291069449224903e+00
4.389399712978023227e-01
5.706734668911223052e-01
3.802563451729467081e-01
6.977284667205928770e+00
8.941041025810804399e+00
4.929095375859519623e-01
3.711015354906090358e-01
1.828913594530877651e+00
3.479261560357144178e-01
3.415257181167717260e+00
8.916836458145436239e-01
7.870323625346985486e-01
2.207070551379979317e+00
2.531299943515632922e+00
7.080105648531872520e-01
7.837016178307156800e+00
5.032618360810380054e+00
6.028628807997503891e+00
3.161383268121203738e+00
6.789828344941504668e+00
9.061893536895865298e-01
1.176018167278139792e+00
2.903440978517068505e+00
2.324475854558476939e+00
5.332419354523818100e+00
2.075976631058144228e+00
2.870221774601966480e+00
1.578979613401837900e+00
2.604625922447392661e+00
4.843425300431489333e+00
1.487207510683818734e+00
3.593352760799078727e+00
3.924015934552703921e+00
3.359847246817388555e+00
3.563143736472112355e+00
3.617405157863787246e-01
5.816112181417384397e-01
8.921469996938398150e-01
4.066907528517669790e-01
1.483058191828777073e+00
5.757199008336925106e-01
6.948250400027150553e-01
5.683500231587961693e+00
1.358134651027150586e+00
8.993097646705776604e-01
4.894118479868051708e+00
2.095537887925831289e+00
5.367856767078078128e+00
2.977619655723068526e+00
2.995510158547490143e+00
5.678660778232292650e+00
2.405561040761089231e+00
6.155311220775200320e-01
3.218413411523053935e-01
8.022583183940661389e-01
1.854047654294073366e+00
9.310187287451171301e+00
8.491848391797820472e-01
2.409988638341457712e+00
6.676508208013632872e-01
1.084924304046735344e+00
2.199468640748238446e+00
7.761962953076021465e-01
3.225462443462927986e+00
2.230140747843822435e+00
4.177381698115597564e-01
8.237381565341789225e-01
1.908518129922613049e+00
2.142210868238249688e+00
3.039994059713611474e+00
3.955401047261478453e+00
2.802426049741544745e+00
2.315216062723666202e+00
1.092443159116275986e+00
2.663244800224375375e+00
7.879760042031133116e-01
5.573383488067695790e-01
5.813027704027272646e-01
5.960462465310158997e-01
4.863199986801867158e-01
9.152972099289333752e-01
4.182258762445077993e-01
2.304087692057679160e+00
6.454547924128075209e+00
2.300430116840533667e+00
9.674162677548493461e-01
2.677086499944236309e+00
2.952126894558865899e+00
1.655236032299482796e+00
4.755041380376767712e-01
3.722773943603307156e+00
5.179730820810169334e+00
4.908564257586184865e-01
3.323851538290775176e-01
1.300509939168116302e+00
7.766815458274326511e-01
1.019719522534027423e+00
6.962059856369950950e-01
6.097241170215615291e+00
1.917873161930308212e+00
1.643963261442586088e+00
6.825803941187641444e-01
1.728988753331376804e+00
2.160057255490567929e+00
3.221892644013283569e+00
8.776246639574727393e-01
6.021556912040398890e-01
1.452576453588506844e+00
8.000309807742540968e+00
3.421589151444069721e+00
4.038523254511809379e-01
8.521092847806619019e+00
2.040911122433273661e+00
2.375897417102264431e+00
4.298824173198660392e-01
2.856013968818247761e+00
2.596784647383061362e+00
6.893386081718083647e-01
7.755868350390026089e-01
2.216815372440265275e+00
8.589562103171551888e-01
3.918349064584449870e+00
2.761455742818845316e+00
9.058554734848785372e+00
3.664731259617209691e+00
1.375003536090684486e+00
4.697044564630808772e+00
9.617546122973222866e-01
1.134045631955310496e+00
5.747530930432410701e-01
1.911036561326999728e+00
7.012364260068786326e-01
1.632848325220394914e+00
1.463218793545197682e+00
9.231099358761251095e-01
5.702248532313421769e+00
1.244041668454881622e+00
1.434094874480684512e+00
2.433378249692943918e+00
1.202865642800917456e+00
1.915249691274767185e+00
9.499124832829267673e-01
6.197463753123377828e-01
2.485283944243926069e+00
2.572342381062494354e+00
1.686851993643924574e+00
1.659058093319433436e+00
1.856280825597003803e+00
7.467945997344372699e+00
3.882974665407468162e-01
2.354313643022659441e+00
7.614190757065972814e-01
2.092871089988356026e+00
6.124004281518327986e+00
4.651546496930234476e+00
5.416215507633788562e+00
8.004058386792259894e-01
5.359494601256559188e-01
4.900914031266332960e-01
8.143248151932501733e-01
6.812641854202876601e-01
6.703505982365233207e-01
2.114201246650796673e+00
4.629566790875801807e+00
9.598036952530369925e-01
5.062569614401053464e-01
8.269166123878826102e-01
2.269206001861588273e+00
5.342440067813393201e-01
5.724467924428484622e-01
1.202105625543569367e+00
1.922512597466846440e+00
1.507970004959957588e+00
1.406146740443932064e+00
7.330963116398588886e-01
6.828799576856759979e-01
2.558752018826961905e+00
5.199166480448803584e-01
2.112264244388006862e+00
9.815137326830331022e-01
8.506305386342786212e-01
1.055943916074721933e+00
1.769659136111797260e+00
2.221332472685265014e+00
3.718846604493732388e-01
8.218376149452941704e-01
1.854118350981950991e+00
6.278132544096478584e-01
3.978264013115457853e-01
6.617632592170008543e+00
9.245018743448710552e+00
5.226546426837359594e-01
3.891326319235321463e-01
8.796244096063301487e-01
5.174272716223459412e+00
2.452929071673994432e+00
2.842374198870637247e+00
4.526953346234559916e+00
6.829137028760148276e-01
1.682404244745113298e+00
3.249545866232826263e+00
4.032360442582620941e-01
4.433276460447781453e-01
2.967557383171006258e+00
1.062156946493784115e+00
1.468587263009080823e+00
4.095888132472340626e-01
3.843166407099604664e-01
3.158976120479752847e+00
2.366152224172018315e+00
6.665735755203671786e+00
7.083412186654479692e-01
4.028593645110327137e-01
3.526974293564121843e-01
1.604601468332019776e+00
8.694997326451435526e+00
1.175868142959583640e+00
5.006439397593972496e-01
5.730415090480852625e-01
2.500922375421899879e+00
8.514292547699405134e+00
3.444617132597364573e-01
2.498502551940420258e+00
3.218413411523053935e-01
8.926802017753264762e-01
9.332064794616309555e+00
4.038128817227181200e-01
1.710827728954911198e+00
1.990383485003969888e+00
3.414854338468199524e-01
5.694359585563386617e+00
9.187672796517115659e-01
3.934097448079657777e+00
8.101863896309893232e-01
7.126814287258040892e-01
3.564360593589025461e-01
9.617461904463363576e-01
5.914049286058976618e-01
4.385824788319847012e-01
3.351093973173927543e-01
1.407344191706098702e+00
4.122849250347623062e+00
4.044177583027368073e+00
1.117112621578679521e+00
7.395951367275528376e-01
3.952364635544721505e+00
4.919324343473209793e-01
1.570374673291600853e+00
6.645651646404967527e-01
1.111720350268152746e+00
6.314962257235573473e-01
6.425325818369312714e+00
3.266743407512770592e+00
3.738145960747027985e+00
4.333964763743037851e-01
3.013872177078998238e+00
5.123251462504344822e+00
4.660097868166579005e+00
8.806185281558954969e+00
7.598912833225618613e+00
4.522545193890331050e-01
9.277042596736770896e-01
1.715011417465337473e+00
5.291364321627551881e+00
1.065141003834134903e+00
5.277832251745198100e+00
7.245746568651766362e-01
3.705567017035790722e-01
4.377782877247727855e-01
1.450905412660514315e+00
1.387864928644477969e+00
8.646082584366652668e+00
2.232662898527932427e+00
1.313384928797974194e+00
6.920905694779706074e+00
8.758843291176694024e+00
1.412783550990842407e+00
1.959464717892030361e+00
7.834909206034874618e-01
4.607030106744900877e+00
5.026569471395662125e-01
6.759074635206625992e+00
3.121487985189646874e+00
3.217430425553783113e+00
3.218413411523053935e-01
7.640376939393509481e-01
7.233713631839592262e-01
5.060262436234398420e-01
6.321796750586954339e+00
2.079428802180045999e+00
1.601764356687336077e+00
9.667458299031517210e-01
8.661598728862358598e-01
8.276256645746004059e-01
7.428957287170147028e-01
3.610589726140610800e+00
4.077924368587769521e+00
7.585092940179868348e-01
9.157396659993094490e-01
2.906682720670920705e+00
4.879292310106067010e-01
3.491721320411544371e-01
8.474856645502987007e+00
1.280493116415706512e+00
2.072517728790156610e+00
3.732871771177522224e-01
2.118396385699491624e+00
1.049850212825028439e+00
6.572481413856010590e-01
1.244962053026043014e+00
6.645425532469618979e+00
3.579298996599561189e+00
6.506949179514981418e-01
2.825886564055314132e+00
4.441363615246251229e+00
4.333955346382833418e-01
1.501889792648014366e+00
5.026980295482427197e-01
2.171372731412633872e+00
1.487484654092700698e+00
4.849297607993066528e+00
5.140942963055848969e-01
3.901715807508305822e-01
1.761717089122462498e+00
4.822878502668615397e+00
2.156649380632587487e+00
3.942736875576013933e+00
5.534915092217500554e-01
5.231354802909507384e+00
4.744195968491333737e-01
9.080738132875517676e-01
3.862540979146634190e-01
3.218413411523053935e-01
2.335486144372720840e+00
1.525533317085531193e+00
3.606816091084786624e+00
1.016681827658356019e+00
1.272546471239581978e+00
4.798292873804653524e+00
6.201169570528268782e-01
1.229115687494031883e+00
3.246200924636193363e-01
4.671639452501931133e-01
6.805352631600994906e-01
1.063526555133217144e+00
5.588910329564249935e+00
4.468679492521968055e-01
2.716585538693793378e+00
1.632114169733153819e+00
2.584946297737481746e+00
5.314410754370885170e-01
1.010973734918225952e+00
6.438266166024225745e-01
3.328601867749783061e-01
4.196927273854251794e-01
9.043946295905953559e-01
1.833528557973683970e+00
6.796843984553315732e-01
3.454798873099347301e+00
3.088156748007773622e+00
5.088214903051824223e-01
3.570635274183525887e+00
9.050659798073028561e-01
9.243210346554243673e-01
4.063044718757849338e+00
2.500446102677161164e+00
9.710454137555485365e-01
6.044762721940367678e-01
1.313239441548723407e+00
9.187489034288908174e-01
2.063018989369927780e+00
2.209439772884734587e+00
3.237022073525787746e+00
1.252636158455808779e+00
9.262922365343851938e-01
8.750235206596650439e-01
7.950370315032141200e+00
4.178728712564209746e-01
1.745903940562345547e+00
6.103801943096752725e-01
6.891070377560114535e-01
6.533937508434130015e-01
1.058520464432510133e+00
4.619545963028715008e+00
8.946668260086371172e-01
1.464438630660671148e+00
4.911407286624939417e+00
5.682299921353247685e-01
1.227402215016008435e+00
1.027899526658655027e+00
5.752235801591073505e-01
2.452588161948734857e+00
3.769843220134618256e-01
2.107148630196973293e+00
2.256717289945326055e+00
1.217325989238994932e+00
1.509929425530308400e+00
1.494994181061588101e+00
2.055176750241476391e+00
6.133329418146445944e-01
1.903444347211283194e+00
3.517013457473828097e+00
4.423570842231943523e+00
1.570876480690386545e+00
1.961394591431002254e+00
4.057313041775403306e+00
3.746335791815764149e-01
3.830221956073314726e-01
3.688015586487085162e+00
2.050119337790090146e+00
3.118234811903124459e+00
6.775767213881647155e-01
8.314086439456687128e-01
1.012629977784644142e+00
4.339387745992222545e-01
4.170825565028568049e-01
6.127166883241290662e-01
5.514897365816199937e+00
4.940160015408428862e+00
1.626828766128192827e+00
4.097176704446069628e+00
1.964916168034676280e+00
4.270171151294078093e+00
8.971129979514779196e-01
1.073428605291548932e+00
1.054005846432162885e+00
6.381397845102143584e-01
5.134326993141882234e+00
8.924667663970570208e-01
3.216604006041315245e+00
3.218413411523053935e-01
3.302921125296218174e-01
2.121400754763546725e+00
6.934525153113223261e+00
2.690813713788244410e+00
4.215675635158006584e-01
2.693418819332468406e+00
3.883422027944488653e-01
6.284178792130801217e-01
2.207807128125537144e+00
2.727895614965057280e+00
6.067945694645307420e+00
3.988750083289906989e-01
3.918923245633851415e+00
3.641688785688301788e-01
9.850722805874704280e-01
9.908761136407197023e-01
7.000054784430478350e-01
1.605890439730260688e+00
4.903460831214085047e+00
9.422489351566580851e-01
6.820405828090121414e-01
8.265669943465451253e-01
9.144041940058015294e-01
1.251722963015301282e+00
3.691382700944234152e+00
3.223827065527828051e+00
2.333806365721781351e+00
4.278704743861696969e+00
8.079896701876676524e-01
1.035127060779663877e+00
7.936596040907383243e-01
1.054905075947524917e+00
2.710615383118603727e+00
3.873078124172609771e-01
6.464648532845209683e-01
1.571073939888400828e+00
1.314685710501394711e+00
5.171994397421871170e+00
3.819956983613264079e+00
5.421518759078072236e-01
8.474843267466033225e+00
9.127089712115432629e-01
4.555897092125634762e-01
8.091958286346870866e-01
1.234332642516912770e+00
7.759499927831079447e-01
3.627565409049423817e+00
1.092195331215058074e+00
4.143456455625731949e-01
8.068456643183619104e-01
1.194541546855164338e+00
8.741049531463508160e+00
2.733267177617616284e+00
3.147217309891787274e+00
4.858405077286297447e-01
2.520655833615565555e+00
3.697090929958244399e-01
8.236939389814375012e-01
3.896189547549709253e+00
4.215669446907053808e-01
7.837652683058036196e+00
3.218413411523053935e-01
5.485398684162249516e+00
7.850075250421758577e-01
3.469433563485965211e-01
7.291981546525581059e-01
3.916921228111373665e+00
3.885813004996969688e-01
5.383549782893577440e-01
3.605217602200180949e+00
7.474933879176047569e+00
4.795452726241292929e+00
8.121685763777946931e+00
4.243847003961186970e-01
1.796037295864582051e+00
5.591956926708569142e+00
5.036072943645265587e-01
9.469180792363035559e-01
1.880721283394385157e+00
1.161982873282454642e+00
6.121728947642102181e-01
3.811787242880745996e+00
7.545832470615032594e-01
4.169988778505910432e+00
1.075611582964778989e+00
3.867833165312562826e+00
5.709117842446381763e-01
6.681449202064416726e-01
4.913916603522372917e+00
5.680944431604550537e+00
9.856110371118427249e-01
9.359855645997279261e-01
3.595658169987762665e-01
6.976295402422916236e-01
1.449744050041175125e+00
7.568934227698390638e-01
9.144454783625437511e-01
3.352579031203495319e-01
8.209386084872433154e-01
4.219731971892739963e+00
3.785608025997980075e+00
4.120235965980931780e-01
2.457958508930931263e+00
3.218413411523053935e-01
3.932604091243901978e-01
5.012163945008747845e+00
1.151931597702492871e+00
4.978427911885520696e-01
5.235046563963722255e-01
3.310199825078843361e+00
7.554001208666595524e+00
1.636325189113766232e+00
3.516154324756357141e+00
1.871067579711436446e+00
8.217504543896689828e-01
1.025065206632960191e+00
1.132787011237577302e+00
2.077531602411606837e+00
3.543603657855086464e+00
6.179330856389638527e+00
6.359869951346790451e-01
4.760128622658867492e+00
6.495768268091233200e-01
5.130571513843954490e-01
6.199206912287815729e-01
1.978748299718926518e+00
8.160526348435381827e-01
1.081667413903976804e+00
3.397793263919202555e+00
2.793603189721519886e+00
1.774482112693681835e+00
2.066915301657326509e+00
1.314976083858626854e+00
1.598805409435787972e+00
4.702484897239869177e-01
3.302817028795808074e+00
1.075367302436761818e+00
1.085943327410288539e+00
8.195106796665777571e-01
4.219928469299453755e-01
5.604307968175092913e-01
2.159646075685108357e+00
1.080384214930990128e+00
6.296118354425846997e-01
3.548183561807626840e-01
6.278198531492221734e-01
1.170010282489231113e+00
4.383271880324146608e+00
1.136179339360547491e+00
6.252238561236032055e-01
4.782564407976269472e+00
7.527805419166305079e+00
5.874765674909854241e-01
5.755297367760033866e-01
8.460086291996976593e-01
5.351454920505225310e+00
3.743426026773832849e-01
3.054434697406827048e+00
1.025844017564172095e+00
3.744547148370479528e-01
1.140948040171809286e+00
3.218413411523053935e-01
3.745636516107619940e-01
6.657475725459446325e-01
1.201384862828659861e+00
2.242650145351151370e+00
1.806931742037043431e+00
6.077896015039029320e-01
3.756514804906307403e-01
1.022722102843303560e+00
4.995158076104027067e-01
9.077214902482649839e-01
1.864495098705825527e+00
4.858501384703394876e+00
1.348822866113946750e+00
1.604178002437489869e+00
3.218413411523053935e-01
4.702262021768114364e-01
7.761590753524601816e+00
6.131946487364731135e-01
3.502686564763687560e+00
6.082709445908385248e-01
7.925131631337489324e+00
1.104161773063375263e+00
3.539340466037237953e-01
5.248350760671720572e-01
4.470803038759183501e-01
1.933026755590984136e+00
1.549920871310410231e+00
4.522108004121151659e+00
8.907876550685481121e+00
8.257065661381498556e-01
1.947032238316596553e+00
6.231387787444621074e-01
1.399004466596540652e+00
2.490544218229387763e+00
5.708305330096765662e-01
7.699696900925471210e-01
7.806164728041601331e-01
2.970498534880346320e+00
3.493658040745891702e-01
3.309473487583167728e+00
5.561046898258237281e-01
2.844726272430677216e+00
4.709873331836715415e+00
8.271556613699003746e-01
6.378996374145635695e-01
1.251045989491064381e+00
8.955324322863938979e-01
5.241011151406289592e+00
3.503907888831265360e+00
7.210933708965391320e-01
3.500435189569469419e+00
3.848720002150251562e-01
3.265626107106994747e-01
7.157388793342487343e-01
1.046462202636212702e+00
1.130407147880819085e+00
1.859309084518068644e+00
2.302618450190856869e+00
7.092254989467693171e+00
4.182217873981019518e-01
6.797163503399115569e+00
1.906572975775878476e+00
1.502060400282553276e+00
7.371418199610077160e+00
3.237297848895914210e-01
9.396692091793399371e-01
8.404661738903248747e+00
5.230047039742855119e+00
1.657963268561947201e+00
9.607995816020498125e+00
4.600294883211270558e-01
3.094395022087241820e+00
4.240667115438664148e+00
2.262266043528460724e+00
2.078361552004401425e+00
1.135625664359065867e+00
4.001098182696098959e-01
6.204456327637011270e-01
4.447838029651954295e-01
1.028672256016943676e+00
4.175374894425883943e-01
4.073839776383342048e+00
4.563385510505382769e-01
4.966491354636815458e+00
2.085645883969908798e+00
1.290680739080559247e+00
1.095574714093786817e+00
1.290678697306441025e+00
3.663108291227294422e-01
1.549757320147706396e+00
5.894909718511088803e-01
4.069213380718363915e+00
9.696710638476908173e+00
6.695871815549301331e-01
1.307510568734945977e+00
9.239559933162272420e-01
1.898309013968887626e+00
4.306333463718181598e+00
5.295857600744380278e-01
3.560826428829471091e-01
6.025402427518962156e-01
2.998026151273551321e+00
1.064771352811670679e+00
3.251005784536308285e-01
3.294429470463175580e+00
4.165520621777346055e-01
1.811950729611548017e+00
1.759114482755991027e+00
3.222872915446626241e+00
1.816807002758421996e+00
2.356243449228679232e+00
2.019065657427756122e+00
1.134050652738264553e+00
1.332121536137521156e+00
3.164405495969448090e+00
6.160013798406476226e+00
8.533507565665915395e-01
5.587156854739313339e+00
1.521147401028488888e+00
1.828505603571181748e+00
8.643882289257229790e-01
1.209536010880200019e+00
4.546763041628596458e-01
4.747679892316977734e-01
3.275916468621484334e+00
1.165381049107572009e+00
3.399570962208898206e-01
5.062921661125547867e-01
1.328590834946196564e+00
4.863146136667570119e+00
7.137116104938361794e+00
5.077995501379194421e-01
3.975272849553039833e-01
4.884858986470651532e-01
7.101641097957384074e-01
1.279482115194198188e+00
3.489652952195362090e+00
9.384150366643986274e-01
4.278801683715301452e-01
5.505126181175834077e+00
4.091235211094530477e-01
8.553785970214825340e+00
1.767546708110286025e+00
1.039098552871453363e+00
1.942250709449722779e+00
1.590321271514961499e+00
2.375734061221732585e+00
1.551914895028012609e+00
5.878528739438411144e-01
3.365026610579392674e+00
1.147665580521661122e+00
1.831863350699644233e+00
3.593122908022772788e-01
2.117181119599738981e+00
8.076884313920367209e-01
7.093849717978879532e-01
8.196869645423460193e-01
1.177947344406503172e+00
1.772579692530371176e+00
2.339970377619952746e+00
6.089155881011895088e-01
1.698118592790568426e+00
2.793938007087463760e+00
4.110604196050987036e-01
1.785291313842790384e+00
3.344703891417967756e-01
2.093349957753754431e+00
4.519320974672360602e-01
4.931191160461737000e-01
4.835577637266863515e-01
1.320650758072762221e+00
5.161285367062178331e-01
5.954931330018830016e-01
5.026765249127814750e-01
6.422830979962777853e+00
5.995777697209228041e-01
4.064924212680772087e+00
1.007433060645819278e+00
3.704605288468441060e-01
3.322612847816519110e+00
7.755109765315558734e-01
5.497471022299775800e-01
1.841510837903384212e+00
1.810536188881859854e+00
3.197949579501470740e+00
1.201171317686718920e+00
8.052248195094188210e-01
3.758007578905261159e+00
5.408792966487396825e+00
8.156089499885303962e-01
1.420102073706054790e+00
1.615618140825408666e+00
1.629453356377262185e+00
1.082507581425945720e+00
9.911358395722360548e-01
2.228174329308254986e+00
7.634507217345310792e+00
2.775881453918514374e+00
7.386684980860204197e-01
2.454238378158334122e+00
2.421768403611398668e+00
3.218413411523053935e-01
9.487065206075839807e-01
5.320032419581394167e-01
2.868593123031465186e+00
2.469519002239207506e+00
8.779803941104740161e-01
5.833620683719411559e-01
1.471962808030679692e+00
5.144876537806388761e-01
1.636798011997547597e+00
8.422594475152543225e+00
5.496970506127547562e-01
3.988311439513785861e-01
3.064560955841993728e+00
4.976396160933381219e-01
3.218413411523053935e-01
3.814907906881219168e-01
3.356824230558673516e+00
1.234730112697463911e+00
1.214801698185288492e+00
1.729964917088421483e+00
1.540903571656027982e+00
3.603557906732071103e-01
7.764959868572765878e+00
2.525854407749911434e+00
8.783836370874106292e-01
6.122587962273553508e+00
1.982902390234464018e+00
2.779617258775048505e+00
2.602838738260571549e+00
3.379646382686442241e+00
8.377682464141454899e-01
1.190183141719394433e+00
6.586949214921051787e-01
4.336144304066638533e+00
3.966219576430412008e+00
3.276969361846432394e-01
3.466090303641415904e-01
6.341474049623674780e+00
3.635707247315626667e+00
1.083466599417215015e+00
8.443847434534925256e+00
7.651335509519389122e-01
2.243045384302965406e+00
2.090062630317459202e+00
5.594735136853007162e+00
3.877174942166626836e-01
2.155089880208305608e+00
3.289793308333953892e+00
5.369426864015802714e-01
2.024385088344679673e+00
6.265745576193683108e-01
5.666922120038515587e+00
1.914217000406342573e+00
3.937533531410259968e-01
1.163803934634869197e+00
1.598957329912134018e+00
7.680712909291914414e+00
7.194627118258744014e-01
3.685138475961606819e-01
3.302625557128636147e-01
1.023242129939348599e+00
4.159534012259099023e-01
8.754906885110852244e+00
2.913571846102176455e+00
2.367970487352272446e+00
5.935749552792451977e-01
4.605159741198675327e+00
6.902559563942525678e+00
5.943702251955956584e+00
9.225025659272422240e-01
1.473504435367325005e+00
2.325988848803449471e+00
2.358621037830104239e+00
5.333000120130531485e+00
5.291751322285692671e-01
4.496979991238401198e+00
1.872007127816285088e+00
3.516457267959657074e+00
1.247433614427366333e+00
1.851553370585170333e+00
2.876008227797958838e+00
1.557059821992780702e+00
2.373958640664018294e+00
2.014038943476506471e+00
7.058648715649659344e+00
1.530541688634711628e+00
4.154378164429630149e-01
2.355055478883048448e+00
1.478686570805310296e+00
1.342079511419656868e+00
2.862999907330802341e+00
1.925465002625050825e+00
4.860084143061137674e+00
5.391278314757000922e-01
2.843777312909770760e+00
5.118146516492179110e-01
5.181835409271218218e+00
4.394067396931569114e-01
7.016882085300065741e-01
4.406497783983708949e+00
5.221260079504928875e+00
9.896251505152504624e-01
6.243511651229208814e-01
7.241967521690307885e-01
9.526040444423437004e-01
3.476034286832295761e-01
3.038308240678891714e+00
4.424028792723646575e-01
1.632581865612783956e+00
2.484872189008474841e+00
6.527837031026462178e+00
6.586467475168478192e-01
1.094795988971018597e+00
1.606781855079674859e+00
1.000429314703021211e+00
7.824721551079688586e-01
4.299187727575589868e+00
7.619209951889086563e-01
5.393613134632648798e-01
3.278099535162231626e-01
5.946120777665220292e-01
7.760871625902667326e+00
3.180050676400762555e+00
1.243812222254932598e+00
2.125779755942569960e+00
3.750941050526153120e+00
9.160847998698814498e-01
5.825580962432380661e-01
3.218413411523053935e-01
1.194387737331217059e+00
8.380139029849960064e-01
3.539205654448356331e+00
8.282635582314368250e-01
8.485085009956929269e+00
2.509710101964095941e+00
4.565101637821502023e-01
5.998468598429406162e-01
3.695507378323437120e+00
1.968601864389268430e+00
4.034386816947572285e+00
4.222497981748726259e-01
6.780831245581169231e-01
5.844166724875459185e-01
5.482430151327508661e-01
1.741059163958608380e+00
6.293007028154994353e-01
9.768356145372703025e-01
4.825063843546173459e+00
6.276921931641599173e+00
4.430886509791615580e-01
5.794156271871840680e+00
6.703547633315009024e-01
2.712433842329911471e+00
4.510328224842627409e-01
3.148960758426921469e+00
3.007764816270858788e+00
7.353984198324065247e+00
2.068742649691979629e+00
3.336902611568824284e+00
1.482135666605863822e+00
7.803540409697522495e-01
1.176655872192259089e+00
2.728535448906709515e+00
1.574300093824433810e+00
1.179033589320114928e+00
4.604358073931367201e+00
1.308490716862027226e+00
1.549226628932804717e+00
7.067686167172448464e+00
5.994627518986808568e+00
1.371844557242949181e+00
1.730330099789968878e+00
2.793547139227970266e+00
1.254774428340206027e+00
5.041204979079714210e-01
4.232250712712428697e-01
5.783185982437657024e+00
1.858129389525862818e+00
4.364308050393294280e+00
6.607777088312267733e-01
1.323798392284986969e+00
4.958907391918795149e+00
1.076595514737592962e+00
1.479463840021924437e+00
1.327229318649420620e+00
3.680560678094095373e+00
2.061957401822104519e+00
4.898951819527918583e-01
4.616172194713743515e+00
4.100308299232761633e-01
1.753896838522856827e+00
9.777065927824284408e-01
4.819295300503401158e+00
7.962786792329962227e-01
5.393687149822093296e+00
2.739831561243501135e+00
8.954595662581571469e-01
7.735399970242589074e-01
1.573828508204446752e+00
4.318248067306263982e-01
2.598962373741585452e+00
3.844684855817810387e-01
3.218413411523053935e-01
1.368333115623933782e+00
1.234158644227554946e+00
5.310909384236066622e+00
4.887360136649916420e+00
1.937665510019868087e+00
4.223182186500674007e+00
1.238266708019008622e+00
8.444885186889660389e+00
6.141873158000985100e+00
1.178976213317776578e+00
7.147916946107847558e+00
1.076648465175665370e+00
1.062914632521652525e+00
8.721255159679232705e+00
2.883515666780442910e+00
4.393558879983632259e+00
4.488256952539210864e+00
5.184443629858392910e+00
2.182075974482322156e+00
1.080213074030768938e+00
4.031890761289835257e-01
1.843525090653764353e+00
4.482026791092093454e+00
1.676537944839770367e+00
7.427469160141507709e-01
4.852229355714176018e-01
1.068192223074983627e+00
2.538989659582831404e+00
9.011262608869191837e+00
1.528429018205488266e+00
1.735824226345803245e+00
9.178198314076323472e-01
1.125520579116153108e+00
2.034254892726018671e+00
1.744110798755207359e+00
9.405173119165077367e+00
3.152872180551133052e+00
6.710855841158066548e-01
3.931100362399738146e-01
4.685646681021151672e+00
5.356029805899401586e-01
5.924085807222417621e+00
3.865046454254790764e-01
2.045608615969124688e+00
5.383772130649300269e-01
4.620069259618878599e-01
6.137137219325405013e+00
4.056702543802591654e-01
1.626310133978415617e+00
8.812536174682239931e+00
4.094990779057176233e+00
2.176136302871074069e+00
1.538537082963781444e+00
1.544772804921765941e+00
7.792932094649397179e+00
5.028232445576302778e-01
2.215701126262114240e+00
2.166923022718225234e+00
4.365229924355562119e+00
8.173770796239688829e-01
3.218413411523053935e-01
5.349602840970568707e-01
8.099127022461338754e+00
7.864028261700536371e-01
1.749975834918293227e+00
4.390504726577764694e-01
1.731154038738866863e+00
9.740382922281279887e-01
6.831654264338877347e+00
4.833387738496369157e-01
6.442924377931907864e-01
4.375704865696932178e-01
1.317422197328834699e+00
6.406003863992546510e-01
1.180228367153390190e+00
4.034794779196784198e-01
5.245385427741429130e-01
1.503815468503658437e+00
1.210931687478304708e+00
1.544316936195072376e+00
7.095565034780617175e+00
1.305517017091453180e+00
8.030076416119664717e-01
4.296075413285895372e+00
6.058499354936621728e+00
5.026646547734978654e-01
5.340349411917810762e+00
1.305446149811984036e+00
7.275917732445074115e+00
1.010974344385363599e+00
3.353339462618062372e-01
6.685684722132765323e-01
9.173983245020383981e-01
5.134397769150045310e-01
4.123525188811854925e+00
8.738925611385225167e+00
8.643208121966572399e-01
8.006704007547589264e-01
3.675961759165034426e+00
4.755197764259549764e+00
4.364362551109333133e-01
1.531092176497008239e+00
6.906995487133449352e-01
1.050267080087098792e+00
2.277345292657446230e+00
5.603245694686955769e-01
1.022652803788109077e+00
3.613337483554894369e+00
6.521325139203563159e-01
1.831605697282602252e+00
3.416924552463708742e-01
6.723146462525824596e+00
6.369286246339124213e-01
1.212092955033153396e+00
2.443372668777543222e+00
4.104954953220564806e-01
2.186367503297820925e+00
4.136061746733805666e-01
4.244027319119677566e-01
9.486990176140811526e-01
1.890110665208086349e+00
1.600296522500795904e+00
5.468023272239581623e+00
2.002591498210605003e+00
7.345351139687491537e-01
3.593243674625581918e-01
6.401223922985609605e+00
3.056813934096858087e+00
1.938714885430483648e+00
1.542267445391944269e+00
9.680519616733220811e-01
1.288507454291670573e+00
1.173517430308407494e+00
1.956441851577436442e+00
3.646628581758617482e+00
5.158702815542945963e+00
3.514555516192253481e+00
1.009672234537901225e+00
5.655944430956014735e-01
9.024043217137416306e-01
1.203152009067246286e+00
9.162495569228209513e-01
3.647151453337865945e+00
8.681620693440774694e-01
1.334860378617523713e+00
5.172414725913169198e-01
1.151976557770721943e+00
5.347013428536634416e-01
5.040776579451661243e-01
6.154528762181292745e-01
8.378734164787738914e-01
2.809651560839548701e+00
9.354924689028452089e-01
1.417617155803483575e+00
9.815769947251618888e+00
5.637267520162572154e-01
2.762648489122540241e+00
7.999712562407881311e-01
7.774845866851092246e-01
7.333845896800843533e-01
2.002041008436024949e+00
2.752933937919041618e+00
3.788299599530512984e-01
7.199239033127964316e-01
9.332363640673261296e-01
5.428067087752519448e+00
1.640463443208706185e+00
1.869568012631565690e+00
6.454997205726427101e-01
4.259486403805532895e+00
7.118603209863653136e-01
1.298368514833396103e+00
1.842882353252882854e+00
5.537945375663267944e-01
3.218413411523053935e-01
1.243018393677082223e+00
3.097687922600959709e+00
9.579340055485198180e-01
6.776427664800611650e-01
1.879694261124824850e+00
6.448176558544144177e-01
2.791291971676939987e+00
9.737003967673031335e-01
6.608269253343899141e-01
2.066658916308497851e+00
5.588631864198017052e-01
4.078316394298150627e+00
7.572510069291833901e+00
5.573777192813698100e+00
3.218413411523053935e-01
4.379064492180297918e-01
6.117717644587261638e+00
2.539600133896373624e+00
1.319974934243832054e+00
7.833826454544862150e-01
1.945521486464748095e+00
6.576298648252069112e-01
3.329167127858320807e+00
1.189542828221052728e+00
4.833026661065079388e+00
2.316584352983026562e+00
8.590234227309735404e-01
3.695781797909211686e-01
4.431530874683914933e-01
3.807956219310234536e-01
6.129716208891489160e-01
8.844797436229647758e-01
2.057623759098971217e+00
3.310091595747612470e+00
4.038179732646083875e-01
9.119895934707783480e-01
1.829309272772441153e+00
1.134431177869976271e+00
1.316997864569328325e+00
6.173810090659213046e-01
1.975004113721720911e+00
2.291959267568401959e+00
2.560413511966626032e+00
1.604902821725065820e+00
2.400122972218037720e+00
7.184213385197637081e+00
2.002791619429867165e+00
1.031938205242231010e+00
5.575452538688391968e+00
7.298068898787029024e-01
2.440345219394742582e+00
1.213188811680567580e+00
2.451711872376145518e+00
7.707840161490114861e-01
3.669209043342996912e-01
8.531911487686426598e-01
6.992105394167575927e-01
1.696165056160174656e+00
4.998483890831566523e-01
1.535160691283756762e+00
6.965152314596578798e-01
6.214017025436727737e-01
1.743010383607466629e+00
5.205378103731537198e-01
4.893372776447423966e+00
1.293414639137801414e+00
8.156748781802259929e-01
1.328948632554464382e+00
1.413443036139095499e+00
1.474192578801470921e+00
1.702805880975943875e+00
5.563663601277123227e+00
9.449557781766600995e-01
3.218413411523053935e-01
2.464375668890054882e+00
5.125103327253531793e-01
8.789846886111197799e-01
1.296162169584871959e+00
1.127075574686188020e+00
1.367496014012461902e+00
3.859604863961169308e+00
7.094364049830383934e-01
4.260078777558097940e+00
3.707115189151682366e-01
1.425508942079899866e+00
1.837038736561444674e+00
1.364636567987019378e+00
5.718192738700167421e-01
1.421273968179804781e+00
5.730972678304516066e+00
8.253463101164476567e-01
2.068034645238223224e+00
5.896704162856318376e+00
2.822299391828367199e+00
7.599270399942242626e+00
1.395323655450438016e+00
3.247923034764580663e+00
4.602270434321075188e-01
4.203794856886369224e-01
4.302759139950872447e-01
5.269174530452861660e+00
3.766117770746148619e+00
6.230773628286874199e-01
7.261798463236501799e-01
2.104880030154122839e+00
7.737712895962305382e-01
7.159519531970915729e+00
5.426730763582365391e+00
4.129156574673285895e+00
9.154057627376718242e-01
2.367632969778011187e+00
5.289167300294140839e-01
7.126371045489744427e-01
4.637031132030563496e-01
3.126224856646327765e+00
2.783409484047198568e+00
7.979445903537804696e+00
4.123929694288518411e-01
1.030916760209803273e+00
3.862879885329923990e-01
5.178662820308699288e+00
5.185201510118699897e-01
3.218413411523053935e-01
6.191419439921890255e-01
2.518942521689906844e+00
5.623791044585834120e-01
3.650547277337633290e+00
2.206022235289897715e+00
1.947029145157106234e+00
1.719331205598701340e+00
6.292945781385145487e+00
5.457962442548299764e-01
6.841137483412718101e-01
9.509537502051770286e-01
3.569469532918698285e+00
1.410711787055914712e+00
9.083976526614513602e+00
5.018389163548564458e-01
8.306845737549986453e+00
9.044471243291032359e-01
2.257635051411655436e+00
1.752919467489671979e+00
6.944204617137894608e-01
9.564376275516549342e+00
4.397900301216568941e+00
4.310371792490483855e+00
6.113999449615180604e-01
4.464638228567325284e-01
8.095461075890191260e-01
5.584963554478850511e+00
3.250770012572969936e-01
5.212695521627587203e-01
2.495787332779414225e+00
5.159916712646894332e+00
1.692601527436019770e+00
4.484700425951347325e-01
1.003048948885419733e+00
1.187553749970676753e+00
1.510448994416018431e+00
8.376355617021593591e-01
8.773155060782259484e-01
1.900536934948732215e+00
4.914353318370158874e+00
5.936151782485039607e-01
5.247107530896633065e+00
1.042902560558746750e+00
8.358025966897477677e-01
1.750052748846942841e+00
8.612619013581137573e-01
4.038291898045127115e-01
6.891257015973930589e-01
1.716506673182829790e+00
3.757325383899302040e-01
5.731443920749234033e-01
8.529004258520189730e-01
9.535675325578416572e-01
8.827891830973140230e+00
4.742878219169128329e+00
2.417969765383886749e+00
7.518131441278173011e-01
9.653570913462351522e-01
4.412844649112286355e-01
4.678580530623229983e+00
6.576224061063472570e-01
5.122526488923245802e-01
6.724794699147931265e-01
3.703051131202160118e+00
3.844125896257390984e-01
8.589020160488354261e-01
7.722669501948545623e+00
4.384825211907369180e+00
3.126211295814263380e+00
3.635927615918089217e-01
1.342057121642697082e+00
2.792078825335682080e+00
1.082084820658928859e+00
2.146610309965901742e+00
2.270269748101730656e+00
1.945207534248323711e+00
1.889287952338120302e+00
1.346930448371630451e+00
1.636908332834563495e+00
2.149644808731157486e+00
7.136517968849833693e-01
1.079113564106084056e+00
3.218413411523053935e-01
4.877437333376124506e+00
5.388569038333742567e-01
2.118991594567585679e+00
9.674392431986232888e-01
6.859262661334388778e-01
1.064130554988748312e+00
3.264753871294256538e+00
6.414867071625606876e+00
1.409259288924025411e+00
4.169381286098596817e-01
2.070687303016633063e+00
1.838198906511934849e+00
1.077428429969548462e+00
1.718093129689486354e+00
4.252283444788280131e-01
4.784635428676050073e-01
5.730015690782270799e-01
5.395754972641060299e-01
2.466374303888438924e+00
9.790018856127698399e+00
7.287613233692921133e-01
4.425290932480559492e-01
5.309822130824391806e+00
1.252349628137533033e+00
6.429773079056342322e-01
1.327937372579812481e+00
8.890492817483992560e-01
8.922043959417632619e-01
4.563495893282978888e-01
1.268803495052532648e+00
1.991295009016611717e+00
3.573985568138427826e+00
1.610228271125354160e+00
3.674025140025903302e-01
1.745416190441811732e+00
1.263384444088436531e+00
3.218413411523053935e-01
2.402210736210178776e+00
2.456159699144686570e+00
8.849369893995120417e-01
4.522867863604778660e-01
2.188587744887991793e+00
4.106216669440573841e-01
2.947836463974834675e+00
3.457181722498362531e-01
6.864050451864073255e-01
3.913141271283258504e+00
4.470285563993496303e-01
1.217079353271784514e+00
4.742643404371933991e-01
3.663944142364231049e-01
3.950009668163229737e+00
2.980105692450238930e+00
2.119688447408127896e+00
4.651535003499115972e-01
3.515893375599308812e-01
1.066251170299270523e+00
2.289204919552606743e+00
5.448225454078839958e-01
7.010150588931674420e+00
6.508286449355521475e-01
1.796200588211840588e+00
5.270067203087675622e+00
3.050460802755926792e+00
1.418558525589095565e+00
8.793493804208413422e+00
3.850295981372546805e+00
9.823788720483254133e-01
7.208472251670666076e+00
7.575577325346054547e-01
6.075199083335451888e-01
3.259033788988690006e-01
2.246442141531532322e+00
7.847839642243733538e-01
4.389666094021262843e-01
9.778780689088549138e+00
6.971886176262523938e-01
1.625167379708017057e+00
9.511851771390800181e-01
3.477987957457763013e+00
6.169474891646345327e+00
1.578118136354241141e+00
8.319237085946588062e-01
4.375720653709994856e+00
3.218413411523053935e-01
5.809567778777018354e-01
5.328218901734663726e-01
1.589272410168184324e+00
2.058468858343024621e+00
1.358186953654741735e+00
5.263283765253676805e+00
1.045406743940263894e+00
1.033805942308231973e+00
3.065815402307445758e+00
4.330142105815528275e+00
3.218413411523053935e-01
7.236090170600514293e-01
2.331586965886470075e+00
4.064233810116264500e-01
2.351233278442117935e+00
4.817053280319579578e+00
3.024978320590795189e+00
9.244717616693886031e-01
1.059737869589706172e+00
1.461562858918140195e+00
4.214150414323296623e-01
4.479406845278784410e-01
7.844103383775181904e+00
8.181671075687715344e-01
7.086190649097425798e-01
6.696033519180435434e-01
5.067847512977044389e+00
4.116455790368070966e-01
6.907158358965754807e+00
9.586981449685529899e-01
3.574858213389255468e+00
4.371452614174942575e+00
3.640653043456136828e-01
6.394348171809373094e-01
7.544826527174711694e-01
1.292787758756127614e+00
5.795747185601689555e-01
7.633909816281240213e-01
5.095083236152553319e-01
1.684868143017910436e+00
3.601434770013688946e-01
4.635568596759248039e-01
5.274930987203071631e+00
8.989496943026884068e+00
2.255417514349721930e+00
2.824435700438930663e+00
9.849500484628123109e-01
6.089857150697932653e-01
3.772134431205395599e-01
7.524998590285737476e-01
1.288090284698289567e+00
7.471835068556957893e+00
1.739960941720012144e+00
2.990923634072306214e+00
1.463987378492674685e+00
5.448137891053995041e+00
8.763288097433166168e-01
3.968448473551947853e+00
6.836576784661833051e-01
3.902221458350086936e-01
3.218413411523053935e-01
9.201904274635908099e-01
2.714312803954799680e+00
5.827682092098712685e-01
1.589099471994802171e+00
5.137738364682252756e-01
6.968836424396987361e+00
7.398784884873678136e-01
4.480028971033616081e+00
9.999294342569519101e-01
2.048859720295361342e+00
3.292130744865843894e+00
9.466059092256331908e+00
4.682264558685804157e-01
8.328611757571503516e-01
5.862248524449616971e-01
2.394703330658693563e+00
8.323491716380681638e+00
2.721913923927971712e+00
1.641391932635940076e+00
7.649177774145463626e-01
1.663648600027766600e+00
1.694545808334920522e+00
5.257593754615991211e-01
5.006717562302380742e-01
1.513279570153058362e+00
1.876533500229799589e+00
8.061083871111311971e-01
4.126939940247318361e+00
1.158789460185463582e+00
5.729381236896414764e-01
9.935729399701865860e-01
1.010133949533404740e+00
3.029316687373956096e+00
3.219683084218821212e-01
1.613094862443789745e+00
1.513804940453262970e+00
9.434548185567632750e-01
3.218413411523053935e-01
4.458238381266494521e+00
1.553075047225788596e+00
1.252172740107544868e+00
6.007339885353467634e-01
5.938796490784333804e-01
1.252503615386179936e+00
3.655149970816874427e-01
3.816208926450503358e-01
5.088012622255210227e-01
5.204167195257261014e-01
4.157188275846939729e-01
1.720906532658802224e+00
8.033715353791339719e-01
1.709262122398976569e+00
7.987855377729150552e-01
2.287436649690006707e+00
2.263600383665679505e+00
4.145821418388080937e-01
4.049490916228885018e-01
2.702050842917953055e+00
6.733352805218624226e-01
2.217075297482994589e+00
2.068457595719888076e+00
6.943186704101278472e+00
4.708854749910066362e-01
1.642462670488916476e+00
3.936955624278501542e+00
8.299792012869018354e-01
4.941993470294230306e+00
3.704980555236589979e-01
3.218413411523053935e-01
1.441147770729267252e+00
2.539467517890396486e+00
8.004746455926622373e-01
5.892987636397605256e-01
1.061064585289942741e+00
3.234857681145155150e-01
4.702005430701474697e-01
5.160752696590849009e-01
5.905571538194149817e+00
6.006084373949182265e+00
1.949294770809004262e+00
6.321823442817343874e+00
2.210979627243612189e+00
4.299497043472098601e-01
6.447081891944465015e-01
5.990077407610220339e-01
7.361520610727876779e+00
2.879120908918334276e+00
1.924123387370796578e+00
6.329972259410024726e+00
4.390153587025701354e-01
6.026985682300909364e-01
9.246914498640550484e-01
9.209128725573887397e-01
4.381654398068474343e+00
1.754618048826453558e+00
8.414733455369617365e-01
3.522904883966798462e+00
5.999602197478605126e-01
4.415605104186878904e+00
5.846359451180334066e-01
3.297909361963235475e-01
2.709950505178666091e+00
4.471377588348061316e+00
7.816068468095603627e+00
4.004946976568477979e+00
7.611933975606330449e+00
7.382735688738106816e+00
3.594193357402187261e-01
3.323038186997523624e+00
1.370916020478583519e+00
5.182442824168029816e+00
1.401707643698781203e+00
4.420392914217909031e+00
1.182953946734306205e+00
4.017113459528120489e-01
7.508981461512151956e-01
7.740043382059573762e-01
6.674598771186594171e+00
6.888400157580156780e-01
2.374533161168853823e+00
4.437389183587098773e-01
4.808105794231941843e+00
9.450792879744998043e-01
7.122348470933620446e-01
1.229545690038353678e+00
3.917713072511314287e+00
1.342054979746115873e+00
4.843673803740431438e-01
6.400925378455759596e-01
7.224581461327104215e-01
9.583982021782575522e-01
1.024179413189274523e+00
2.605062186882718844e+00
7.198397608112259149e-01
8.900933622025417602e-01
5.771026660676974451e-01
1.647865796465693533e+00
5.577150380027936505e-01
2.289335933074671203e+00
6.633367811340890041e-01
1.395558656623303806e+00
1.960538285465537767e+00
2.134907681856281769e+00
3.438216548373751458e-01
1.792636102982473556e+00
4.126332821203627099e-01
3.806664393424017412e-01
8.657661108048717580e-01
5.152571062996527118e-01
4.556379921470601779e+00
1.476107693640589247e+00
6.870680380147351496e-01
4.893324405935262078e-01
9.376501890702946262e-01
3.551997249057923689e+00
2.275455057571060813e+00
3.445014946865097016e-01
2.096651197987452253e+00
7.199431760490591969e+00
5.043918948176667749e-01
1.127350943305509556e+00
7.425006263896665182e-01
1.548024293920889027e+00
6.458004531661856618e+00
3.531108367773157397e+00
1.028247878566729723e+00
9.334207934655830430e-01
3.449915803467175746e+00
1.679121039904948098e+00
5.094925399758809537e-01
6.002272805384449850e-01
1.586184733992241469e+00
3.386014159451779193e+00
3.309975348589860311e-01
3.436550247858760065e-01
3.868553301119408427e-01
8.560068367186529636e-01
1.422201101331221906e+00
8.978807364595129403e-01
3.218413411523053935e-01
3.221230060498850190e+00
4.460183185757237823e+00
8.945026833541210864e-01
3.729037382060640948e-01
3.954628326485961853e+00
1.404497064501293524e+00
3.858451879302378540e+00
9.417565305409560494e+00
3.095673872883918154e+00
3.504292922259760745e-01
5.999402370139072183e+00
1.074406291160279636e+00
1.578931648269504828e+00
1.135262746200856654e+00
2.832962957079381283e+00
7.802589381791441348e+00
1.213767572561713193e+00
9.375582158055754123e-01
4.311719308393112682e-01
1.093796085954308328e+00
3.218413411523053935e-01
2.350641285002375458e+00
6.023043159224103604e+00
1.393729632961512088e+00
5.258956263235358142e-01
7.938215320635154670e-01
3.376958351394776958e+00
9.454026516633199151e+00
9.091341654909161463e+00
5.030803994610336671e-01
8.752955061308013152e-01
1.025501595130888566e+00
2.060837193192119443e+00
1.862486822553238053e+00
5.588262792971307569e+00
3.374731371670624203e+00
7.783734651390944448e-01
1.031950090881271986e+00
1.746909709557750157e+00
5.334316306079867509e+00
1.592042171944473283e+00
3.647641962941325477e+00
6.541423386430401665e-01
5.375954450505066040e-01
4.033858537967032198e+00
5.414008460586875238e+00
9.591443095503823457e+00
8.421204474950092944e+00
2.076098646873219433e+00
2.514957259510533394e+00
8.000118442812675923e+00
1.355952335255182772e+00
1.493980126375907380e+00
5.830329117955287410e-01
8.018280471915826269e-01
1.278393656237087450e+00
4.797104103358771354e+00
7.148712611533226680e-01
5.982169073465466447e-01
8.766153790146015146e-01
3.907830477294505500e-01
7.474183451861859950e+00
7.815566518447862876e-01
1.337490504702104399e+00
3.926742046463258529e-01
4.274902500052728094e+00
1.519291420186249741e+00
4.443346674366360993e+00
8.533998119673471550e-01
1.126121109123704001e+00
2.084103396406102426e+00
4.947280688588826525e-01
3.218413411523053935e-01
4.350432287865116932e-01
5.000195722957492261e-01
2.294944052701830994e+00
4.273229407062943408e-01
5.477301814941517577e+00
1.028468196275875712e+00
3.015284463043030438e+00
1.936470580932041496e+00
7.738789330114065335e-01
7.093480284893683319e+00
3.494756990799998686e-01
1.006084602561769792e+00
4.977100874971511324e+00
9.164722397802655962e+00
7.476878525110973728e-01
5.198125230563324095e-01
2.475509158259734832e+00
5.924593692591116678e+00
1.709014071608397689e+00
1.286764611227926070e+00
3.218413411523053935e-01
3.493020137944405357e-01
3.347849259761084828e-01
5.511328036332244773e-01
1.568402287380281868e+00
1.166112110512154354e+00
9.173078123343967327e-01
4.205317998203247143e+00
3.694319132729562583e+00
3.186630739516369992e+00
7.122150234177435646e-01
3.517089997743075180e+00
5.731279084293335657e+00
3.295801108713691363e+00
3.170292567402948514e+00
7.160032863429697247e-01
7.974219706129781482e-01
5.620043720967776713e-01
4.542489584786092993e-01
2.016804273766577005e+00
6.194886540776022299e-01
4.373281858053532090e-01
6.677156805803217132e-01
3.205772874687044638e+00
1.768741665963560417e+00
3.408395910828251885e-01
5.372886921832077611e+00
3.929514307344678659e-01
3.891300723085941993e-01
3.218413411523053935e-01
1.563007798573521345e+00
2.790703066695181533e+00
9.600768842736326913e-01
1.250399138127113785e+00
1.204937268140571005e+00
8.666219823068331829e-01
6.082368557646166130e-01
9.043403220793780894e-01
9.421992077741857541e-01
4.310608448905046686e+00
5.665430820290698888e-01
3.656091891928832993e+00
8.198861546313298554e-01
5.328352438276305891e-01
1.664502224959954813e+00
1.087591735291289829e+00
5.914049226713515850e-01
3.568660396934169032e+00
5.680149309725688322e-01
4.100360562545369625e+00
5.655706481455493595e-01
8.946412838390418898e+00
3.276326695702787895e+00
1.900107557036696315e+00
4.650123860053560598e+00
2.249274696404714113e+00
3.603625150030587143e-01
4.699563700041927916e+00
7.120597096903166223e-01
6.771514061687468278e+00
1.735054542113904752e+00
1.980807139449127785e+00
1.140352676732731663e+00
5.038574239442195069e-01
1.065831657145504652e+00
5.851677652536487750e-01
1.733824833224557826e+00
2.054824305585621680e+00
4.486831502915481495e-01
2.782055360159586321e+00
3.215385988040825094e+00
6.031665990025399937e-01
6.302634755642873010e-01
8.542936120499794228e+00
2.305340746558437903e+00
3.119615360578750440e+00
2.026855875379671712e+00
4.954673125791872468e-01
3.679839704705639036e+00
2.971404282945864228e+00
2.104331218603381348e+00
4.903136774697192557e+00
2.179418519216201666e+00
2.773344010331113108e+00
9.848628401491668072e-01
9.419492966336983741e+00
3.931648306084563504e+00
7.431100040550678854e-01
5.862709964440556698e-01
6.386322576352689850e-01
6.985931344667899445e-01
3.190156719538066898e+00
5.759467052854886582e+00
1.453055218462631526e+00
1.634846907821994044e+00
1.594830075624513732e+00
5.370903415937807956e+00
3.257654941026631445e-01
1.133347323493545167e+00
1.074062716981504906e+00
4.246975371420585788e+00
8.510552096788872589e+00
1.133975522238175326e+00
9.527685549765991802e-01
3.804175661137791042e+00
4.710658084124896283e-01
5.590406756619568096e-01
3.864678930686377134e-01
5.898411494462978411e-01
1.445681225521385116e+00
2.206979276379633426e+00
6.570001268986533915e-01
3.925935718353632087e+00
1.855719821428562177e+00
7.068676878018110843e-01
6.868091567092538874e+00
1.030164891945260619e+00
1.234134085460404373e+00
7.744729055125776362e-01
4.023149098065905149e-01
1.376772512212059096e+00
7.165495585527085209e-01
8.392848817801674244e+00
7.134991232344679579e-01
1.869869718429071126e+00
1.311445512700022187e+00
3.252858417434588478e+00
3.826240623113566830e+00
5.325738316463409561e+00
7.982505091658873120e+00
8.151112837228298158e-01
7.876230711405488583e-01
5.149700049507720756e+00
8.310090347363479069e-01
7.619868325487360039e-01
1.471678528271618491e+00
1.691717301599639622e+00
3.791182174812078864e-01
1.133919554279811059e+00
5.860890050299216725e-01
2.764566334457395413e+00
3.113861276574960257e+00
2.787237181644241613e+00
5.418070670688504009e-01
4.221579793666304425e+00
1.420535662474623484e+00
1.847769463860782002e+00
4.153868147432221214e+00
2.648047355615227527e+00
1.832876256685037175e+00
3.218413411523053935e-01
4.739850199512977702e-01
4.748508776890323801e+00
3.989937914185703316e-01
2.671347638902991761e+00
4.107788828720932428e-01
2.789730346041115361e+00
9.628473953494809834e+00
3.968699457147397136e-01
1.057422749176467169e+00
4.442902243288468611e+00
2.458414936748269497e+00
5.001486976587952604e+00
2.837645508605266542e+00
4.684938893419284156e+00
3.315948699503697750e+00
1.729747534047983093e+00
4.175746555773557134e+00
3.127185064703280837e+00
2.832116401019074026e+00
8.561764493094741191e-01
5.864386260757783464e-01
1.231707484985488321e+00
1.441918898667797322e+00
1.398959594638910175e+00
3.250966410209722657e+00
1.736028058044006173e+00
2.804739610004789441e+00
2.970686980611723094e+00
7.357654191097059426e-01
9.758225162121546559e-01
1.157271230309161236e+00
5.761354671562597396e-01
1.775872527570732107e+00
1.546322358527518759e+00
1.681405084707169761e+00
7.222695736535206246e-01
1.567811122415195157e+00
1.833299665021300262e+00
3.637092801105588968e+00
8.322408112263914859e-01
2.566510028049344694e+00
7.546066819079990218e+00
3.890392352014818700e-01
3.817115399545929044e+00
8.484543944113934089e+00
2.151268609079863392e+00
4.704041899185097964e-01
3.762635749143963704e+00
4.337398004789475014e-01
3.908103001664589016e+00
1.194149975952033982e+00
1.959601406794406531e+00
4.908576127231870090e-01
5.564719855395596770e-01
9.216840703907080989e-01
2.349873079820354427e+00
7.963127703936215829e-01
2.090802658538264858e+00
1.642560255645171718e+00
2.973909866820462877e+00
1.079805727279910865e+00
8.940235545764726455e-01
1.128985172772190682e+00
7.775739250129690028e+00
6.602401983846432065e-01
1.633829889038436844e+00
4.108761435669202045e-01
4.607295689227242641e-01
4.002250029682535848e-01
5.699345622254446964e-01
2.533124360784325013e+00
6.383042843738087058e-01
1.281293252326932697e+00
7.209023364047959959e+00
3.061076870804821937e+00
4.280502933233368279e-01
1.821850198482590999e+00
5.654567140188773600e+00
1.183617167534722459e+00
6.599051868130859644e-01
3.322521327926473145e-01
1.938822047832061246e+00
8.002239941956799107e-01
1.086947822805694575e+00
2.983117836324850725e+00
5.698213304277785163e+00
4.665435031331475191e-01
8.458962216272339907e-01
1.171266762548738960e+00
1.459564380069975797e+00
1.297379049382530791e+00
6.690430940474523247e-01
1.387556239341433795e+00
7.844968945553028039e-01
8.415248849981843415e-01
4.089119045287590737e+00
3.670342198159890490e-01
6.375157664247339540e+00
4.623222280807188334e+00
3.885192013326164595e+00
5.800944319414668149e-01
3.793024631064102703e+00
5.019622064438408193e-01
4.718291445470664813e-01
5.835005688769873800e+00
7.615195617474388001e+00
3.321590788530048410e+00
3.593081094790531616e+00
8.416814512256639347e+00
9.634991363913220086e-01
2.148558304760882720e+00
4.098754565045962472e+00
4.044308351578865257e-01
4.685534288542950065e+00
3.871265660651381224e-01
8.422231309864501858e-01
2.326649432871004120e+00
2.452554481995121272e+00
3.998373198672863782e-01
3.834442655259955313e-01
9.317057952492856288e+00
2.946178179208688519e+00
5.862121077806685676e-01
1.760268829688603986e+00
8.798195088375621253e+00
2.221812860253964850e+00
6.611280255305264086e-01
4.310501816783030016e-01
1.417682957743316763e+00
1.154554975509701098e+00
1.363003906680824384e+00
9.307657221462507735e+00
3.663943616918072799e+00
2.837873792713665466e+00
2.747586745045292655e+00
2.161682223287229476e+00
3.230806919655391685e+00
3.553487488174612019e-01
4.491388700001450185e-01
6.207051099033470409e-01
5.676594626602997629e-01
3.310673273095818381e+00
5.487857952775222259e+00
3.288988133770463840e+00
6.080544253623020312e-01
5.215042082990720695e-01
1.617757476538516759e+00
1.953532670757679002e+00
1.086302455225102381e+00
4.449957230494123173e-01
4.732126409219451491e-01
3.676316155451476497e+00
1.406752591980619860e+00
3.049316601697073637e+00
4.792253545564624240e+00
3.323817007520916356e+00
1.357204171103675305e+00
8.094989644473024271e+00
7.101394739031899883e-01
2.342278411187377340e+00
3.757561212659259464e+00
1.513862972164603526e+00
3.590554549447568800e-01
1.327688309202866623e+00
5.790832743948466366e-01
8.587355691637161836e-01
8.080281734579640718e-01
4.488002220598126812e-01
6.577820153314890561e-01
8.368112409331003310e-01
2.002606389630166461e+00
1.590849590352532816e+00
2.880256047192292446e+00
1.277958774505399075e+00
4.136119301168181828e+00
3.487034284494983538e+00
2.204417359706578594e+00
6.506815871481489433e-01
5.073375566188541574e-01
1.702811220284025318e+00
8.718556374593582348e-01
5.252291153308746630e+00
3.218413411523053935e-01
1.323215666490819675e+00
1.896163545388553029e+00
2.159382992431345905e+00
3.767386050184509116e-01
4.418255840260899570e-01
2.075355920182599512e+00
1.507436167735774823e+00
3.218413411523053935e-01
8.096876857580319609e+00
1.353089299370114018e+00
1.065225026767678163e+00
1.968502564588514581e+00
3.540665475310277976e+00
2.838871675078349810e+00
3.277748586835909084e+00
5.570057166107217350e-01
7.745699932596212811e-01
1.499266675801740778e+00
5.653951707546407413e+00
2.738213956872252552e+00
2.192643699023865356e+00
2.819955816602915721e+00
9.743440849449974683e-01
2.538624326597739955e+00
4.345446497892603510e+00
1.296669857564770600e+00
8.528264046986283597e-01
3.669065806748482150e-01
3.785593476548702263e+00
6.760885385046838669e-01
5.636276037752038448e+00
2.900617951091901237e+00
1.055533311748014791e+00
1.020349478419773082e+00
4.145006426724867410e+00
8.048468705932113609e-01
1.045881556156768255e+00
1.303252012646676672e+00
3.928229187391148458e-01
1.022181778683808551e+00
9.473082097829460535e-01
1.766715304264682374e+00
6.631250245364543883e-01
5.214928110476436451e+00
7.951311718197598966e-01
5.826010248039958928e-01
4.284513975756699011e+00
3.796400112193600851e-01
5.516576807033635177e+00
3.355877335423218977e+00
1.598608745824528388e+00
7.073244024733607027e+00
6.376382021003894618e-01
1.445221509208902688e+00
5.994187795193756330e+00
3.218413411523053935e-01
3.224197203227160413e-01
3.245269733128870016e+00
6.507441037252233329e+00
1.927517630460241493e+00
7.423059831766605221e-01
5.142192712002606747e+00
5.238438335939358259e-01
5.264376666968016982e-01
9.729718562059803233e+00
4.385356802650988151e-01
4.390380202398031173e+00
8.417921589888068823e-01
7.553257802329050863e-01
9.168539194603638753e-01
4.242004696321841073e-01
3.510533834913092677e-01
3.948712996428684341e-01
5.823760315640626573e+00
6.410397684060855639e-01
1.021806422510596057e+00
1.257311662994133217e+00
5.967848301530691568e-01
1.128650834267465042e+00
4.147591054430141977e-01
5.904757861973045641e-01
3.590608084179241377e+00
2.514559592117246112e+00
6.156216217072052466e+00
5.165639134031960733e-01
8.840763027330952317e-01
2.285101306546652555e+00
8.694811703119940116e-01
8.456260202432794415e+00
1.068830111840236574e+00
1.029659263756755427e+00
1.348279968916553662e+00
3.393799868228415950e-01
6.153204989866976060e-01
6.180626614907175131e+00
3.706136012816422243e-01
7.530475556857804342e+00
8.404664397095205075e-01
1.462652263533410935e+00
2.076781854959725226e+00
6.402993853885989850e+00
3.644184242213852176e+00
1.240358722129107694e+00
5.388823943708586084e-01
4.593866899761158251e+00
9.612612990400555280e-01
6.725630199811866161e-01
3.739314140139196052e+00
6.726276342191169100e+00
8.116887816978370918e-01
6.654756000227720625e-01
4.545121145677322172e-01
4.322504093277323101e+00
1.602458402833469409e+00
1.413288002378294106e+00
4.066368431876855039e-01
3.702348989952777836e-01
1.882992542332677210e+00
4.144113423946209629e-01
3.218413411523053935e-01
2.901486076647326939e+00
8.484583720593928957e-01
1.509010691500918044e+00
6.396833737488838434e-01
6.982265250844277737e+00
4.896258331053706114e-01
7.142686466065270023e-01
1.137357649428648143e+00
3.243754229560497637e-01
1.931550489493772060e+00
5.020568713101356551e-01
4.199534348719285992e-01
2.195336069695369208e+00
5.591877580454557295e-01
2.642737788184599257e+00
1.922982829950301786e+00
7.047898947402194914e+00
9.770357578057735637e-01
7.979197642941328050e-01
1.721808701444491163e+00
1.319156172050537368e+00
3.685090111956050851e-01
1.488633410349074149e+00
3.791568692883577896e-01
6.899234521725315927e-01
5.376075373816104452e+00
1.747527121260149752e+00
6.597510739113920941e+00
8.241873375811305635e+00
2.003293616209979255e+00
3.787200141166482403e+00
4.347770263183415196e+00
2.397729026511072448e+00
7.216576393273111734e+00
4.643133461553819452e-01
5.358291808913099308e-01
1.531335242459047175e+00
5.394794792375396497e+00
1.160662141298485439e+00
2.048243320518512434e+00
4.452328552671756534e-01
3.573112051517352006e-01
2.821440321365829895e+00
1.303107246616351356e+00
4.001671682064382729e-01
1.410624711234001127e+00
1.229966449089851199e+00
3.404283333353362861e-01
1.568257921940030553e+00
2.347318864352820444e+00
2.574859084864282721e+00
9.959618509493388672e-01
6.337715241299890501e+00
4.705654012530614771e+00
2.855224136110217525e+00
7.413742509003437009e-01
5.255548519619021697e+00
1.051523725566388068e+00
3.004107300819294224e+00
1.972123485004107168e+00
7.595092724522758409e-01
3.824909836468564084e+00
3.425019579988271001e+00
3.929978506453451481e-01
4.486468384681918109e-01
8.094771746108450072e-01
1.129908325554242809e+00
1.700046944665824178e+00
1.033715510518141700e+00
5.280066889536928265e+00
5.132537918856231451e-01
2.865701358443698776e+00
4.057192825835625460e-01
2.969531509688888793e+00
5.679042056863207177e-01
1.568883810174537263e+00
5.894798642690797230e-01
3.194507776941418076e+00
5.968867199269609181e+00
7.158662846835590621e-01
5.945176767696047637e-01
8.127676617499606238e-01
6.284882507481951430e-01
7.137094864682518303e-01
6.564290410059500758e+00
1.174871208508780462e+00
6.582244258271479076e-01
9.691389750866140629e-01
2.320064709264017644e+00
3.856303641762116818e+00
7.282911269913286967e-01
5.348874323313247414e-01
6.211076139339751778e-01
5.191750443655392955e-01
3.089633041860997853e+00
5.154092027593187630e+00
1.517687451166191526e+00
5.167495560979842306e-01
8.751551044031395943e-01
5.173169818155411992e-01
3.311908122274823008e+00
8.961593818814071355e+00
2.936657876552696500e+00
8.121915380192088474e-01
3.793497131058102823e-01
1.549730898166440829e+00
1.010922994624608773e+00
3.865975757325053497e+00
1.460678562278807879e+00
5.712256352692712369e+00
1.540455677443084426e+00
7.329538405176906579e+00
5.512158684155212818e+00
6.366654437663769706e+00
2.797387995904633051e+00
2.261086137920270023e+00
4.672927545158276907e-01
7.577858657543325549e+00
4.089210890277451327e+00
7.416158402938995975e-01
2.243220729823854676e+00
1.463563660516722376e+00
2.082861213385351018e+00
6.562810191373200652e-01
3.593513771989950367e+00
6.685997094428863807e-01
9.831650212472278216e-01
1.191043397648998248e+00
5.701003941090641902e+00
1.248803558711102824e+00
5.892696614732764182e-01
5.443867859418082489e+00
1.261247634404951468e+00
3.218413411523053935e-01
1.564370575487640469e+00
4.867337050160369216e+00
4.976703679178074435e-01
9.042458943699948071e-01
4.613065177464848787e+00
6.103339452257025677e+00
6.102141249926090971e+00
1.358573218760246615e+00
1.205011575454967510e+00
2.406972965261199082e+00
4.313803425814750625e-01
1.842259016826410356e+00
1.596262158303156653e+00
4.782443158250038184e-01
1.370594694219125609e+00
1.133895770096782440e+00
1.702417137445047857e+00
1.047170839413870347e+00
6.610515107332711748e-01
9.055432636785432976e+00
2.007184337990488121e+00
2.640804991787796929e+00
3.795215987246073897e-01
1.381368418750801075e+00
2.257390287248537852e+00
1.801379489370086739e+00
4.067765734660564458e-01
1.172078702959814311e+00
3.111993986757890074e+00
8.177954108375914410e-01
4.155557616100673535e+00
6.270077702174171597e-01
1.021252641431284358e+00
1.507319951523355961e+00
6.188202674261155778e+00
2.516762613163039841e+00
6.100540497690507546e-01
5.350834534131143627e-01
5.455468950150559770e+00
8.585509443706849098e-01
6.654208708585606091e-01
4.442590557321799416e+00
2.283541408196344769e+00
6.333824348766443624e-01
2.663877252639483384e+00
1.314583326662041474e+00
1.265011615658238497e+00
4.864242861712027022e+00
3.938011789550457831e+00
3.571621554777606455e+00
5.597772519133458857e+00
1.285419092582575473e+00
3.218413411523053935e-01
5.107172923528577879e-01
1.020946083046015085e+00
1.170910998707390016e+00
4.159018468432251758e-01
3.707408539404432268e+00
2.470806863035666101e+00
2.222526507561688014e+00
6.065415340357432683e+00
3.337926621788825376e-01
2.045837349796215676e+00
3.772389068996525596e-01
2.142641390886013575e+00
9.756575689521209682e-01
2.864183140215503354e+00
1.115516559070395930e+00
2.038317898531032402e+00
3.820627732523253495e-01
7.077169673553593832e-01
2.030653061539235082e+00
6.010331402775037635e-01
4.334707424245977103e-01
1.609937742060999044e+00
1.750106249939876291e+00
3.833357008216875528e+00
2.390432632351675579e+00
3.263170030615186068e+00
6.015950658815603980e+00
2.632731254470042970e+00
4.155985510320064358e-01
5.654736533595901005e-01
1.226431152235996525e+00
1.275232255271725457e+00
3.218413411523053935e-01
4.067407156733734430e-01
7.178829471902594683e-01
6.417341969854458705e-01
1.873713436380147757e+00
5.867619019197566343e-01
4.862284869677907295e+00
4.117288088980719962e+00
3.177462343672000866e+00
4.369479575454583653e+00
9.367348127158284798e-01
1.856580904610483973e+00
4.722002631409651485e+00
6.570007362805487805e-01
3.547288880108502518e+00
9.579987881670039229e+00
1.134996266138248666e+00
4.356471407358137427e+00
5.311538334716032317e+00
3.407452514482923522e+00
6.307005254356076174e-01
3.948345908621794242e-01
3.612841232317361762e+00
4.394933169723298505e-01
8.984226323267767711e-01
7.496867559713101814e-01
5.135776463975052053e+00
7.737448511202053014e-01
7.987082176697447577e-01
1.681496920712098886e+00
4.393184539512165365e+00
6.029549179697702987e-01
6.385709422060921181e-01
3.921065941583737335e-01
3.402704599875973290e+00
2.287241433463664819e+00
3.416637352773068126e-01
3.453695847976218647e-01
2.190092491186092616e+00
9.442622031050428300e-01
5.989498778964014170e-01
2.998357217106638384e+00
8.588145292712489054e-01
4.299156048227526838e+00
3.911051857212239913e-01
4.223879964192307490e+00
3.776891629268929185e-01
4.185963911375441548e-01
9.741631597636561946e-01
9.489633559603958268e-01
5.210983304325433885e-01
5.508766394844296643e-01
2.007713769787295099e+00
7.539858610732587119e-01
2.172968109833858019e+00
1.721977313448390445e+00
1.196103578972721460e+00
4.181653955150485658e+00
3.889419234325377950e+00
2.525423294894365789e+00
5.439196026073684909e-01
4.246006524744297406e-01
3.323998454082238041e+00
5.536240922069960213e+00
2.042911845597256804e+00
3.237085723412815863e-01
3.218413411523053935e-01
7.651062440432987444e-01
3.477667799509803093e+00
9.900838697329849003e-01
4.336469753609880073e-01
7.235762218940087198e-01
9.827034453660569158e-01
6.120134989634635758e+00
1.172463004579112233e+00
5.548055844676254011e+00
4.251423399539489445e+00
4.711551342690890598e-01
1.673301506227571567e+00
5.051255399631672249e-01
4.505723151507821100e+00
2.498601613816259448e+00
5.841831875585136169e-01
1.993562080938511727e+00
2.547910021159609961e+00
3.882497609804826944e+00
5.322569217584613099e+00
8.765394728012848802e+00
1.731711677239862190e+00
4.001013007944087541e+00
9.537964327165010303e+00
2.272509920971751196e+00
1.553978140102195704e+00
4.371263065356215449e+00
1.281801779961273313e+00
4.213126239045634214e-01
2.140870043724446337e+00
6.459893574953891049e-01
4.403877986458997751e-01
3.973258246408409189e+00
3.623257456373950358e+00
5.317612197762957571e+00
6.019098748985534097e-01
1.774650823487322171e+00
1.778485306293361878e+00
5.981568448412901695e-01
4.063792613841650692e+00
9.097661066768776283e-01
3.502246402279018955e+00
4.359681262824786963e+00
2.077145822978144540e+00
2.115758056540280041e+00
6.405380244616074581e-01
3.078854022884576658e+00
6.681900840431425070e-01
5.273420000277992958e-01
2.885199613823097753e+00
1.103498847357017310e+00
4.022554048011045547e-01
4.981197511195087357e-01
8.891581385180876040e+00
2.293880003821578306e+00
1.388029341200841760e+00
1.054268159752945744e+00
3.645506451565785899e-01
8.364492731142718629e-01
2.639262589666933945e+00
1.547443801740228997e+00
1.760497136329892687e+00
4.262162920742868510e-01
4.387995079786499275e+00
1.673240672791130645e+00
1.149408225093925484e+00
2.584580633388401605e+00
7.840323729410119125e-01
4.323681530947350637e+00
3.438158133314142884e+00
5.241263832319781102e+00
6.140227297836595710e-01
3.354431936552467741e-01
5.344537327289564654e-01
2.104355437297988463e+00
4.432928294211492037e+00
4.679069740890589024e-01
3.491502262615391317e-01
5.398406239430447506e+00
9.284889735875319516e+00
1.669803576877392004e+00
1.560123358207926136e+00
4.151094433458540345e-01
9.004948715635709533e+00
2.196548059791660013e+00
6.907247947266140775e-01
6.782619843450908625e+00
4.589884134369322410e+00
3.218413411523053935e-01
1.236967320007025473e+00
3.734113942580512546e+00
7.928248466927468874e-01
5.749235684719390393e-01
7.598712583827832434e-01
2.782373400312249334e+00
3.064944888097032027e+00
6.515351552533498181e-01
3.584411011484642251e-01
1.641974708247128323e+00
4.415126351494055856e-01
5.943240085313509224e-01
1.431814883024217000e+00
5.774546582079036483e-01
6.825048068717435967e+00
8.326770538215396700e-01
3.307150480980949769e+00
7.677463151849545087e-01
1.048631569684705500e+00
3.824088659892395659e-01
3.243099736973495961e-01
4.634908762752883438e-01
2.209985050211395130e+00
8.025563435696817516e-01
3.546719817983812195e+00
6.702221214948091976e-01
9.846846700694549259e-01
5.969671755876629904e-01
1.851357398462688097e+00
1.051414752464271407e+00
9.540915037405921506e-01
4.170890415305986698e-01
4.116975979841737687e-01
5.243215273486836470e-01
6.296264889097492601e-01
1.602261779153244969e+00
4.416810484902830680e+00
3.707041372292277370e-01
6.001740607884757495e+00
6.449184370099576569e-01
5.674347979731231284e-01
3.218413411523053935e-01
4.541080675465826721e-01
1.345460348736476464e+00
9.507470338904444596e-01
7.754989255445799978e-01
1.042077857276987762e+00
1.790148304234124632e+00
1.133664657121138397e+00
8.200286238110772175e-01
3.218413411523053935e-01
8.280308909905624404e+00
2.938937354764990850e+00
6.294700962655143783e+00
1.028581113921402723e+00
2.083316662287213017e+00
5.724589629582896855e-01
2.566737854064291557e+00
5.397079798471141610e-01
1.499561832805340833e+00
2.921100925100350132e+00
8.856522191491066343e-01
3.323741928220453890e-01
7.414135326717284258e+00
9.490628565458465005e+00
9.876532731069478377e-01
1.387810488104763262e+00
5.317036590515660244e-01
1.019389457231211660e+00
5.586821109467692281e+00
7.357557456529765227e-01
2.389296028015169604e+00
1.929580402091506386e+00
2.270211797128151687e+00
7.840336821400427647e-01
5.292424778319559930e-01
7.223395794220067501e+00
9.575202620259919417e-01
3.301568565438467662e+00
4.797002029873700391e-01
2.745847964093243831e+00
5.994546368802819991e-01
3.469729556187825636e+00
1.317186019649041473e+00
2.138391852515384439e+00
1.409063061895075686e+00
9.045262432617156012e-01
3.591127733534322797e+00
3.835411004324862372e-01
5.158454309189261622e+00
8.495288789203210289e-01
1.266437957992200047e+00
6.657437272823666374e-01
1.089887843324414129e+00
5.394878023007432688e+00
4.714559868099508777e-01
1.059911491383118909e+00
1.162041459152510781e+00
6.904977961053618829e-01
5.746561431085521754e-01
8.598976984440089844e-01
6.324676447719404848e+00
7.387777378476089174e-01
3.181012936134420599e+00
5.535678239573493808e-01
3.218413411523053935e-01
6.314221585964524763e+00
9.691551395710736871e-01
7.908578389118496865e-01
8.085603074019827030e-01
5.668078478758034056e-01
5.183315732225977968e+00
1.410788116830412608e+00
4.481546798664062803e-01
9.804292921084732937e-01
2.290544349628207410e+00
1.674369225695641950e+00
4.397917894149938611e-01
6.943969963124825284e-01
2.917332140666756501e+00
2.430345890732469982e+00
5.515690029334803235e+00
1.240149701011679984e+00
1.300879980346665299e+00
3.351394188160345955e-01
3.685993386964198093e-01
9.754910844913657897e+00
2.433926410214827030e+00
1.946379257596019041e+00
1.609053553398802627e+00
2.548602991691474084e+00
9.406057578400211838e+00
8.631122654100137126e+00
1.758181607371056998e+00
2.307859239900082571e+00
8.559422925964750295e-01
1.288389203702964947e+00
9.066285562955078703e-01
2.015584994041020206e+00
8.435343703436078977e-01
5.355541788121648494e+00
9.160583160960853455e-01
4.004757387938030710e+00
9.052998316196716466e-01
6.093002804859869448e-01
3.218413411523053935e-01
3.385377702123693489e+00
4.134261913920461717e-01
3.982015714719102095e-01
6.417267323324159500e-01
7.707267900245219350e-01
7.908258637215368481e+00
5.986732885302324725e+00
1.828000478242351567e+00
4.576914040211897405e-01
1.663169841441721974e+00
2.783770165546793240e+00
7.091949249983753312e-01
8.457590996294538366e-01
7.892011256874115199e-01
1.327043602812787215e+00
3.761257553517948882e+00
1.312743102664556183e+00
1.652348266907251340e+00
8.219115668132809249e-01
5.759360300760879570e-01
5.540543640702465744e+00
2.869610232893029078e+00
2.251179993460846518e+00
5.389946340695426663e+00
4.995425877684079197e+00
2.803768576306793214e+00
3.789426358865891076e-01
7.238572605875313926e+00
5.771572431029279748e+00
3.906604864111256070e+00
5.097962939519338654e+00
3.218413411523053935e-01
1.529548279133261079e+00
1.290000099652265808e+00
1.393443298293946420e+00
4.016330247516207153e-01
7.666341009626786995e-01
2.754301676304987900e+00
1.197009353086211147e+00
1.718075709220184377e+00
4.071340580033548484e+00
1.848728320372253542e+00
4.788139230274776614e-01
4.296346801091131873e+00
1.748006432163569546e+00
3.298318410970340064e-01
1.019483212892677626e+00
5.271318237320737898e-01
3.579251766645812349e+00
2.057573831818681587e+00
1.434026137672739010e+00
2.553147658874849846e+00
3.736331633897450821e+00
4.043040353576110024e-01
1.293221210525899112e+00
6.987501009714990330e-01
1.571806906253918612e+00
7.176408854443472318e-01
4.661480081421062849e+00
1.071194022748870989e+00
1.676167200783204470e+00
2.791389919628088023e+00
4.736849595497592880e+00
3.248395169880129441e-01
3.613997041827814893e+00
1.066254312477180166e+00
5.839027786949959165e+00
1.306059702579548398e+00
3.123458375305961265e+00
3.729641363908255958e+00
1.711148527757976989e+00
2.027393658251369857e+00
2.161520743855799065e+00
4.074590742719401248e+00
8.980662759036603937e-01
2.206995708258631783e+00
1.897692920025712215e+00
1.306384772825645690e+00
1.453634003904746841e+00
8.416034500293259057e-01
7.675945245593944755e+00
2.715059087793434411e+00
1.017160135021009326e+00
3.690537233938087969e+00
4.843680796121708765e-01
8.640397584781184248e-01
2.555137329161490278e+00
4.747066133312458636e-01
3.218413411523053935e-01
4.555810955482884061e-01
1.369769193949693431e+00
4.850713661513855968e+00
6.111023070647374489e-01
1.220832776313145906e+00
3.218413411523053935e-01
2.182278668432983348e+00
3.211385246215887612e+00
3.902272453272244146e+00
6.456346121221139711e+00
4.922421823362791993e-01
6.783948503067304125e-01
1.785067661442217624e+00
3.583322477492948410e-01
1.287415615603459962e+00
1.117079616996397684e+00
2.206620520496926030e+00
6.856897825469128183e-01
1.854164779458037815e+00
7.311958265501308674e+00
6.689680179895973744e-01
8.155483248997347223e-01
9.737764620087689948e-01
6.190839698874872621e-01
7.451951086207665220e+00
2.477383744326230985e+00
3.843281662052484116e+00
4.569818898124615170e-01
9.849009741883321123e-01
1.353226197358897931e+00
2.281988920186103442e+00
6.194575882707732406e-01
4.828773867244900764e+00
2.429766413114414103e+00
7.886079327918440462e-01
4.584573375006525953e-01
4.618778748810790979e+00
1.541248767159782318e+00
1.642103888532716827e+00
5.706884287851613280e+00
4.707410809891729442e-01
6.284429421022326157e-01
1.042665866554738141e+00
5.625997869933272444e-01
7.697881576274430593e+00
8.174972460664466922e+00
5.121730406136332903e+00
3.304491012315981635e+00
4.887705457133741049e+00
3.836722799242590742e+00
2.646306681554937423e+00
4.104882597056812576e-01
4.519187831610750550e+00
3.242811501172834898e+00
5.089016292526686858e-01
3.718178967929718914e-01
4.275770971229732709e+00
3.218413411523053935e-01
6.694121280188979339e-01
5.730049996255452971e-01
1.933071920356179918e+00
6.313877941301812013e-01
5.694850905123642892e-01
5.098439959392746523e-01
5.450676459159272902e+00
5.800438335418450109e+00
1.328624968259616068e+00
1.963723966715844149e+00
4.974822895666786149e-01
7.467660199399310805e-01
3.792870566809382615e-01
1.520006304281493525e+00
9.552992556655308665e-01
1.053401240552410467e+00
3.218413411523053935e-01
5.005141516574257432e-01
5.685999628876424739e-01
6.934219660458906809e+00
3.746932410643364353e-01
4.945748948255085375e-01
1.097189749966283268e+00
2.391313507322030851e+00
6.930234945551505543e-01
1.378765987499879664e+00
3.218413411523053935e-01
3.979239135566523089e+00
3.690542935248935397e+00
7.671917846415452491e-01
7.981005207905442767e-01
3.461093815353057046e+00
5.185206099629006138e-01
4.110737444728974843e+00
9.205786337381176576e-01
7.422817053214956218e-01
2.200646484496003197e+00
2.342632656065591679e+00
7.969423151524563931e-01
6.782281121554318837e-01
6.771873220438316965e-01
3.582016047172168260e+00
1.585781522656568576e+00
2.779219046092735290e+00
7.764794641904619876e-01
6.036544964765947263e+00
5.609469087811858046e-01
1.528463715186208161e+00
7.790160952791045368e+00
5.241848457821801643e-01
5.686871739742892728e+00
3.219738900572576057e+00
9.767604844886981219e-01
3.889089263017820319e-01
1.284891187957753811e+00
1.722414772133452177e+00
7.636663708109048265e+00
3.807038540954997274e-01
4.492869483235154004e-01
3.218413411523053935e-01
8.519341633006815018e-01
2.104598617476428402e+00
7.550988447026217854e-01
4.074406830620267428e-01
2.068526581519628760e+00
3.218413411523053935e-01
2.599747535549382427e+00
9.171229026454834621e-01
3.246496948986637765e+00
3.714975435619521704e+00
5.138690749610059783e-01
2.879034663970971852e+00
1.964835253351359778e+00
1.316644690314769495e+00
7.046497286111007563e-01
7.207342843639416019e-01
4.596974435208383003e-01
9.228283076372493232e-01
1.074777041812600809e+00
5.466272701094651687e+00
2.500528994640480285e+00
9.807870372793429325e+00
6.132529498351889652e-01
1.574845113924420614e+00
8.817977137991475090e-01
3.607749431200605872e-01
6.736312101250586437e+00
2.901956180940124863e+00
1.380908934903568586e+00
6.761945670710934886e-01
9.438551652587177099e-01
8.267904130627582449e-01
4.934702593026502604e-01
1.061982375290647651e+00
1.066644243502225642e+00
1.311502574916275865e+00
1.581944818411956000e+00
5.951055756872626334e-01
2.961360123595505378e+00
5.818600694298027287e-01
3.318193228262102945e-01
2.355746173049765968e+00
1.145843877241677911e+00
3.295869621449728504e-01
5.263141680458532923e-01
9.131859299608405811e-01
8.443788645212695343e-01
2.880093829590355092e+00
2.003570989160541771e+00
2.856009091840902236e+00
7.852328155134969956e-01
3.577009366889026154e+00
5.711274852554689474e+00
9.585412121152609988e-01
4.661514241843539352e+00
3.153553644978857928e+00
1.241911312922506117e+00
4.979653518568669668e+00
4.511999044693246752e+00
9.196338243790248557e-01
8.164936286141137867e-01
4.134175963109797403e-01
5.156712383882149364e-01
6.155281121093458818e-01
3.600510581824594603e+00
8.169888523011258341e-01
5.071990184825147630e+00
2.955109061084737032e+00
1.699729212518432675e+00
3.303971376247811786e+00
3.343909736179608849e+00
8.097215710844147818e-01
8.533415346383584676e+00
2.252445455075880343e+00
1.045867902514896919e+00
6.212941169752825843e-01
7.119086668877707691e-01
3.096793794565166458e+00
7.507798695782038623e-01
6.811503745747775618e-01
5.188193997586587614e-01
6.470915980068107087e-01
1.233230984573505218e+00
6.419678745221009120e-01
8.087207896565699050e-01
2.207463294935211540e+00
3.696310731303771302e-01
6.240163332396975626e+00
3.580875903492748424e+00
1.063813227700861841e+00
2.251708349798218212e+00
4.902934134894260332e+00
1.932231202946843807e+00
4.645831213846191576e-01
6.883332622616632257e+00
8.298740520492938089e+00
3.625992624796497310e+00
1.037190531907980606e+00
1.482687638327558011e+00
9.043474643149794767e-01
1.132266702306394146e+00
2.507922593482071694e+00
1.125348620809278222e+00
5.952512178799322928e-01
5.094197124308464941e-01
5.837549629102848359e-01
1.911652881216625577e+00
3.761814985193445704e-01
5.565023545251379655e-01
8.224273677550030248e-01
8.006183668510061802e-01
7.518771665241483770e-01
6.166610176922406872e-01
3.467268483801037693e+00
3.362113360076431356e-01
1.216008403131347615e+00
2.060036608474275166e+00
7.887404356146231477e-01
5.846351349192934199e-01
4.193490248146821697e-01
3.268482025325732732e+00
9.796448378343602936e-01
1.638087229915138776e+00
3.668966365473259605e-01
1.257281048861474293e+00
6.941858147394812661e-01
3.218413411523053935e-01
4.817325675615419911e+00
4.294782685319720739e-01
2.327996124759985186e+00
6.836454404896407100e-01
5.794344634910491898e+00
1.974898537463708248e+00
1.007571266512542252e+00
1.629228877759322680e+00
3.695833760221653108e+00
4.147412677558119043e+00
7.497038296493898635e-01
3.972133127060697433e-01
2.297033345358728162e+00
2.303259737388061446e+00
2.071986140917777330e+00
1.667467513406364787e+00
2.021256390630899347e+00
9.946065028877673075e-01
6.218910452215337115e-01
8.905648203189008294e-01
9.169391439346611383e-01
6.542989366585535427e-01
9.600524812430121235e-01
1.168729643697162812e+00
2.922811228639465853e+00
1.309999442619241616e+00
4.028145956841316377e-01
7.468883896309668202e-01
5.133201453478050125e-01
2.263588376427415838e+00
3.596033757257418806e+00
2.202648081082377196e+00
4.426457698168894117e-01
6.400470136247395025e+00
3.218413411523053935e-01
3.463235510287816066e+00
1.552375714345344715e+00
2.694450174838415535e+00
4.486841246991675192e+00
3.385197513334587960e+00
1.812144061777518411e+00
5.072007947982396514e-01
4.963783171322892152e+00
4.516541574550408944e-01
3.040815344831998335e+00
2.232254751905973222e+00
3.128604547590950968e+00
6.237406127064073491e-01
7.999939006511919137e-01
9.157833178205565527e-01
4.543041131168488733e-01
9.135795312647123634e-01
1.594031937205929061e+00
1.868039101848177230e+00
4.203896454566977137e-01
2.296292717801272865e+00
3.426054426554589583e+00
4.062718716330668833e+00
1.080275915300892065e+00
6.058180828079429148e-01
5.375031919287950322e-01
6.681336450548683858e-01
7.550053762279365088e-01
5.114779260380661885e-01
1.036856020001148737e+00
5.844000954008970794e+00
6.030128702972858967e-01
1.842505716884968114e+00
4.012007565929176511e-01
3.428656504255567228e+00
5.868534242499486853e-01
1.064538694383312167e+00
1.042793783787407946e+00
3.218413411523053935e-01
8.355605830657707456e-01
7.186462683000441887e-01
1.069630526140866067e+00
5.976111325892311754e+00
8.235007820762882957e-01
7.753876015513023745e-01
3.352167088950867679e+00
1.063030898466456264e+00
1.605373153817928555e+00
9.178412779630418239e-01
1.805653143430623331e+00
3.334223281525409144e-01
6.763684253681357950e-01
7.453824200958070190e-01
1.551682745102619387e+00
9.138265079216145725e-01
3.641050205918719418e-01
6.275218072425141624e-01
3.679580482992748647e-01
1.180022377914355269e+00
1.332295797080740973e+00
3.683788761948246560e+00
2.177768148639935841e+00
6.388619983400456448e+00
1.039016560555441115e+00
9.790718944922328637e-01
4.975971040549351243e-01
9.195618704377189756e-01
7.573009153404304250e+00
1.921119007081086405e+00
1.220065562910204404e+00
2.937492639650328918e+00
2.918047114866635816e+00
2.862220745404050248e+00
1.028311721731787420e+00
4.459652334960327313e-01
3.718847555216444167e+00
5.601633037868784193e+00
2.946550682257903286e+00
8.100678931183324938e-01
3.218413411523053935e-01
3.255108845790084526e+00
2.748056805275263415e+00
2.461898461998876186e+00
5.412790305065075636e+00
3.244995644626970321e+00
1.886849383033135208e+00
1.021437088620082090e+00
3.844789728677450169e-01
5.831768062218439796e-01
8.275767783040308245e+00
1.203259447005032179e+00
3.656083784098984601e+00
1.938698614988909608e+00
1.711269121397783755e+00
4.523912216468247149e-01
3.522767162519563122e+00
6.361196836208012906e-01
6.227652967229605485e-01
1.326527337169954190e+00
2.836133194338627650e+00
3.285185239531628110e+00
1.141762986364313281e+00
5.447538602008619613e+00
4.044022646506691743e+00
1.149617444885846052e+00
4.333039489566011149e+00
3.275721977428316833e+00
3.867968767334536428e-01
4.670580549270715864e-01
1.495445299727522048e+00
1.964735081060470234e+00
4.866250745743113115e-01
6.569515416546118924e-01
1.935423984076030779e+00
1.036983160068300380e+00
1.649805382997034719e+00
1.049009145094552231e+00
3.324946193133808126e-01
7.024455828635675081e-01
5.077173561452991146e-01
6.178441865350700057e-01
5.569755521134604592e+00
3.605513250903785716e-01
2.024463986653620040e+00
7.054443470724233167e-01
1.366131241696119103e+00
5.426898086264379195e+00
1.045371704766456800e+00
2.684254242685219616e+00
3.218413411523053935e-01
3.321974532561280835e+00
4.957221893776442290e-01
5.080910569595872950e+00
1.192340592934077570e+00
7.414943683738316471e-01
2.010478597426888836e+00
2.087868892618136130e+00
3.218413411523053935e-01
1.104858981491901870e+00
4.174591001320468453e-01
1.341151471867916722e+00
7.522446851659209122e-01
2.054473367562096975e+00
1.451650658084700618e+00
5.552762108067249791e+00
2.257838951860598797e+00
3.959055026944904743e+00
6.559864212556965057e+00
2.782823057750817952e+00
6.303093874275191855e-01
5.337853070730164129e-01
5.491067401590425057e+00
5.147474561884345157e+00
8.300861296339514084e+00
5.011414793446856697e-01
3.498000612659478703e-01
9.588912282665755793e-01
1.751254071594922967e+00
5.355322830212416285e+00
5.226057778350400307e-01
3.218413411523053935e-01
1.214456347818891224e+00
1.538774352270365631e+00
3.800315898387621183e-01
9.779624829773304606e-01
5.987898438451320970e+00
5.787862425983412162e-01
2.181074011215852870e+00
1.487508761316080452e+00
4.890203035112610230e-01
3.610284660076611196e+00
1.898684774000922504e+00
5.911163441692873777e-01
4.818382223090119654e-01
2.367371399184108327e+00
5.125524662322260561e+00
1.784679275980975754e+00
6.787087428877588424e-01
3.744579524723964159e+00
6.328771117756530895e-01
4.700196964144052192e-01
8.128058635210062555e-01
5.421730383220976224e-01
4.807504229021871134e-01
1.025740861064838194e+00
5.970255436072889887e-01
7.909872675506018247e+00
2.619944992126550964e+00
7.137696653922931400e-01
4.304620802083629072e-01
4.380307661499775129e+00
2.359802968174586013e+00
1.426872484350213188e+00
7.768927707666489768e-01
7.616986639576901474e-01
1.204950718745077420e+00
1.736788636353562953e+00
9.720573396133572741e-01
2.789318016091421271e+00
7.143602109942659428e-01
5.192642562458133604e+00
9.307970362444264456e-01
4.855017783040131540e+00
8.649177788332155004e+00
7.972165143105980789e+00
9.070287281913129718e-01
2.643908524183627762e+00
6.594846897519923701e-01
8.144922614680893957e-01
4.237058738308645545e+00
5.723762730292222267e-01
6.951652636640637262e-01
5.658150990681906300e+00
1.704509860271800958e+00
5.800985080960419094e-01
3.793484271286483578e-01
7.311101379369299158e-01
2.658176814318698788e+00
2.453328623352919013e+00
9.201068500298482666e-01
4.589762349717042333e+00
9.053848985711326902e-01
2.236687690702003017e+00
3.533985744943467511e-01
7.472219129589567910e-01
2.309244392571535798e+00
2.001335608485843132e+00
1.266114841725794360e+00
6.066211813881927650e-01
1.009592192115577269e+00
3.555578027003191366e+00
1.948767286568588109e+00
8.332061532729920783e-01
1.924883053728340343e+00
1.560843965416942369e+00
8.910170060068945963e-01
1.795930159016624783e+00
8.423802119406971212e-01
5.222074798731705769e+00
2.295279124835835738e+00
3.550051232604885421e+00
1.693752429516505620e+00
1.760402166158160808e+00
1.419633262567403742e+00
5.755547489045033105e-01
1.859638196622030559e+00
9.721468863877614774e-01
7.625739521203718230e-01
5.147489792671900988e-01
9.574890364217245597e-01
4.309865255172327103e-01
4.340816682354695089e-01
7.254279892778888517e+00
1.080716952895089511e+00
9.359204495764726905e-01
6.829172413493764804e-01
4.376925678534316910e-01
2.234510195807810629e+00
5.231922331802918436e-01
2.583590329837241129e+00
3.964463406541648971e-01
7.213532818976802208e-01
8.774342617417926204e-01
4.224753859504956743e+00
3.443754555605099132e-01
6.006951857569297282e+00
1.107655676493380925e+00
3.719257216104638331e-01
1.977969845791642145e+00
2.861836656599637152e+00
7.572407993728877074e+00
9.419662013639288345e-01
6.018822395898029143e+00
2.048607927039799215e+00
7.995940793826967763e-01
7.280024354792662411e-01
1.897666836878105112e+00
1.712551017071945347e+00
7.481851729202517731e-01
8.316596006822020160e-01
4.700300577667188562e-01
6.087365227843356763e+00
1.503316277133759593e+00
2.689955109939643929e+00
1.955559377261103737e+00
3.976868279023159314e+00
1.673205964354998132e+00
8.840666974639520559e-01
4.045786442530162064e-01
1.062565100116808825e+00
1.575696425046746230e+00
8.908567730769535453e-01
1.044685616107091208e+00
4.908004012728079957e-01
7.429760877776281358e-01
3.316797773485790080e-01
7.290468579295293905e-01
7.977936432856527205e+00
1.023918872117746570e+00
5.126234938863508672e-01
9.184456567107304181e-01
1.282104161008573495e+00
4.455789943019167754e-01
1.072380642931486161e+00
4.728905278669840229e+00
4.254224620033049686e-01
7.007061417391161839e+00
5.878488911141482864e-01
5.373939752924312252e+00
1.262717912237244944e+00
3.960519891387639935e-01
5.357431418309768212e-01
4.898013318856080933e-01
5.856550589454090350e+00
4.839750829897078721e-01
1.951831277870504477e+00
6.348222689536862084e-01
3.034554655205392137e+00
4.677939038476147116e-01
2.271318037083097874e+00
1.050198588304511294e+00
1.470707619803128807e+00
9.648144960956857474e+00
7.518723761881349610e-01
8.265512764055554795e-01
7.851438450903019950e-01
5.682878228908362139e+00
2.709691511816772369e+00
3.581711171632399715e+00
3.034863519181449476e+00
1.076594385929917852e+00
7.259685206547187519e+00
4.450107157658695911e-01
4.747348506682151026e+00
4.119178182412258638e-01
6.732368834445947137e+00
5.524409038933702831e+00
1.901951185550686541e+00
9.438204014384365959e-01
3.218413411523053935e-01
3.070552820228817481e+00
4.213564878674655456e-01
3.617150022254511654e+00
8.462482328896921757e+00
3.996122154731721832e+00
4.604799018549134981e-01
1.215552190014858924e+00
2.301233791285163477e+00
1.438832953319601149e+00
6.759149800377920458e-01
4.945968549706008521e-01
8.197214470761874594e+00
3.411366401687642380e+00
4.982687823079330336e-01
8.181774703545841021e-01
6.444191203391949507e+00
3.074694205612474196e+00
6.626311434575602455e-01
4.229120464760684150e+00
3.098552719962642144e+00
9.159193652186119472e-01
3.218413411523053935e-01
5.541922402559585903e-01
9.459989205238558130e-01
4.841247073353067143e-01
6.176873941714469129e-01
9.662248260849491288e+00
5.264878699321765554e-01
4.144986988335512379e+00
3.741982334210366967e-01
1.899297925221071992e+00
1.540128928767724004e+00
3.405284621921913057e+00
8.863888212174506620e-01
1.312075224461643819e+00
7.120636150760249805e+00
2.491612684684867407e+00
4.580918632299509352e-01
4.643982821489178736e-01
7.531361616081470700e+00
3.444802489237816179e+00
1.063356868631977425e+00
5.639827363025694540e-01
3.848460331757834751e-01
2.468916649023248588e+00
3.700628158232004861e+00
6.598008241384856198e-01
2.551201457096173186e+00
1.346435507313374913e+00
4.965490738483730460e-01
6.252905462237589695e+00
1.051860120769137374e+00
4.574195815348383043e+00
6.990812942612054215e+00
3.598246533986888984e+00
1.042607787425385624e+00
5.303321818949043198e+00
4.214462621868242942e-01
8.191225159433259684e-01
3.441921016062764460e-01
4.424607538750715108e+00
4.253548435053044585e+00
3.613276579131681210e+00
9.867153160230291986e-01
1.872758322612610549e+00
8.071160833713969529e-01
1.404136815889865275e+00
2.032843921173940860e+00
7.454943027476211848e-01
3.218413411523053935e-01
1.814512065945924846e+00
9.714537589621181635e-01
5.011784320767224132e-01
7.249445385024535504e-01
2.175045663786706829e+00
9.452408798036785464e-01
4.604344704282981482e+00
9.114935351409881870e-01
3.230125299398204364e-01
1.153300986470241041e+00
2.823632413036081257e+00
5.881290896424687942e-01
5.759467959947063065e+00
3.128702922980765244e+00
6.185036708523448112e-01
4.038800268230475221e-01
7.453143697826405401e-01
2.032560590790168042e+00
4.275332144968579939e+00
1.310106273492136486e+00
6.748561561579104584e+00
3.618643335947268613e-01
5.511623558262284117e-01
3.422274690946661146e-01
1.038013756174062330e+00
6.783730738198734400e-01
7.072361093679956134e+00
2.361452566186122759e+00
5.786385747420954573e-01
1.172790710843891082e+00
4.552010320216735573e-01
3.304280451651031569e+00
1.853499474875246023e+00
7.387293153494435494e+00
5.758018897216198972e+00
2.485187359298241194e+00
1.533885509189191199e+00
8.629670122885865213e-01
1.074501894773744581e+00
5.006542077741220620e-01
8.496985427766673427e-01
1.621349137415918129e+00
9.428808120916942759e-01
7.009683145431422346e-01
6.260091650905101890e-01
2.794298176861681249e+00
4.402812786703442782e+00
1.601061665216293006e+00
6.401158293698276047e+00
5.776603624201774867e-01
6.860407175874617680e-01
1.630641685378833694e+00
5.378194603240572524e-01
1.889489987574335172e+00
2.277073072314464763e+00
2.302916372102901121e+00
3.340675192254109138e+00
3.127311979828317767e+00
9.082076445467874848e+00
8.739025862100102682e-01
7.774367731952881444e-01
3.218413411523053935e-01
1.485522416765591602e+00
5.869533556236453675e-01
2.883103746475241813e+00
2.955272059466180767e+00
9.972848294172768080e-01
5.532174966048177822e-01
4.933421948648200606e-01
2.041116480844820114e+00
4.176413239884286255e-01
1.475054790333613752e+00
4.488490779558052424e+00
1.558474513621518565e+00
1.032460833599035732e+00
3.147768741362482192e+00
1.163960467763973883e+00
2.474567537795205219e+00
4.948737657780233334e-01
8.751754581215942519e-01
9.147524055239328877e-01
2.500382098419116073e+00
3.861109487247112448e-01
5.919467151981495867e+00
9.484168860199891915e-01
8.600019949816670728e-01
3.285604913687652839e+00
7.190255064431106957e-01
5.727078567355837535e+00
7.348600126711875014e-01
3.907988740431907360e+00
7.713306064481053603e-01
7.990142019160785258e-01
2.010495343222784559e+00
1.866157432423699136e+00
8.556297650013903189e-01
1.009063789713365633e+00
5.008282077077323979e-01
1.827668893932251626e+00
4.756298936910444697e-01
8.453621803622920483e-01
9.907746476219733145e-01
2.695044330185939696e+00
2.714497675971553114e+00
6.953250031932091124e-01
1.364961575513963243e+00
5.149562730763640461e-01
3.218413411523053935e-01
9.593291394515782722e-01
5.253448598539331993e-01
5.841688572106080724e-01
4.842724670239172191e+00
5.907559662731789452e+00
6.686345009755526370e+00
8.054725157195001817e-01
3.906638190399344124e-01
1.133981662120788769e+00
4.739745629088454315e+00
1.442660084698388356e+00
1.323680411264090750e+00
5.979345392760231359e-01
1.784803192740932465e+00
7.485198359562711401e-01
6.273099671767632834e+00
1.465299820758126481e+00
1.768335934454269731e+00
2.766792690993151282e+00
7.224200805089673771e+00
6.138317262953035147e+00
3.711589401951519429e-01
4.397561144538291167e+00
1.731115305651844238e+00
1.515053289908231626e+00
4.000362023395565569e-01
1.397439317260967817e+00
4.647114229802851160e-01
3.930580627230035318e-01
6.638982521161480577e-01
3.210585991614912871e+00
2.109126576769269512e+00
3.780813000203109842e-01
4.934545780072452925e-01
5.680023400333339190e+00
7.969718349431228477e-01
4.308777487082342539e-01
5.571920542613658434e+00
3.246659455066489564e+00
5.609737357412987180e-01
1.796406720646448907e+00
6.543742834468633252e-01
4.793564224299165843e+00
4.764840039487863721e-01
1.161368853875635043e+00
5.432003399405889610e+00
7.794212732733599713e-01
8.482411549618055213e-01
4.077426927728693973e-01
3.673736447454487131e+00
3.726606329511203408e-01
9.536565879843230675e-01
7.571770909079019729e-01
6.117208085359160386e-01
5.225138439740576457e-01
2.553430217562177251e+00
1.115126493894945225e+00
7.946180068708601496e-01
1.238390352141396589e+00
3.142131584049611792e+00
9.109830993486152551e+00
9.670335707506456657e-01
1.429017141182462813e+00
7.043747983212499619e+00
9.263549136241397974e-01
2.242905245396061176e+00
3.237172435745130361e+00
5.023763355457289137e-01
7.060711583779739620e-01
9.487920992138675347e-01
7.299716235947349752e+00
6.317877237343428876e-01
9.013150454570028058e-01
5.284809781746790946e+00
1.420783281534082398e+00
1.273765769771053824e+00
1.550570077615000875e+00
7.121539020605271997e-01
9.185535404134015369e-01
6.015959355278994281e+00
1.319425611051138425e+00
1.992504016619141005e+00
1.247252304086370778e+00
1.752104913280729148e+00
1.736689377699939252e+00
3.844684448255115128e-01
7.274868215287965123e-01
1.334746291364873105e+00
1.869807024879655222e+00
1.712744988262552059e+00
4.600010217803970569e+00
9.818604278447236045e-01
7.399446795147500922e+00
1.970510263473667312e+00
5.241733094497209144e+00
6.854980020203138125e+00
1.712614250542657146e+00
2.955937667182348960e+00
1.059844874400732051e+00
4.551013836305084048e+00
4.140185036575714683e+00
3.807073852697128724e-01
3.289585162885965697e-01
7.036081753450155185e-01
1.169004086545585963e+00
2.471697617451458662e+00
5.193733774484332599e-01
7.179671657555950492e-01
3.297025552039559049e+00
1.473667574527176560e+00
4.637255335478229212e-01
4.514247767565849889e-01
6.326495018190054775e-01
3.839302057469977214e+00
3.062289496069028338e+00
1.020186808391816635e+00
2.173983590359890083e+00
2.031647451103778756e+00
5.357797269434802168e+00
3.479814161809042350e+00
1.047974793611169630e+00
7.375774232769124694e+00
8.963325871974915371e-01
2.817586133067668808e+00
4.136608266621445429e-01
2.548064181805840711e+00
5.136764908796864759e-01
3.957899090205041492e-01
4.192401113748094321e-01
4.067195573320248614e-01
3.466476783518169125e+00
9.374641116156500198e-01
3.546805084565697874e-01
8.543669112399261412e-01
7.722942012192831385e+00
3.218413411523053935e-01
9.945738311444273227e-01
5.931799842376259679e-01
5.879261753680464775e-01
4.339302292475728962e+00
3.326541506575843687e+00
2.272652562091484363e+00
1.767220691211339956e+00
2.104365786637793168e+00
7.248288704968679497e-01
5.022861987529873673e+00
2.500085488642654230e+00
4.123432122029536906e+00
4.105045256691038924e-01
8.389418893131332933e-01
2.639648753218708066e+00
1.349281217377577224e+00
1.138995445079076241e+00
3.398493525555094097e-01
6.221372624756884573e-01
4.519043600421153606e+00
3.716078526598071363e+00
1.175380669682791979e+00
3.906555468359488859e-01
1.352938451989033508e+00
2.184574638257398060e+00
2.854250833780352270e+00
4.829941660242901835e-01
3.416186040913395949e+00
1.006269507036623434e+00
3.131023739849604581e+00
3.729329043866723703e-01
3.914055718606376244e-01
8.396795251766607793e-01
1.078801085286944739e+00
4.773168727315867166e+00
1.745401630757843936e+00
9.250141030401014319e+00
2.775736417564230951e+00
5.076676590576836290e-01
1.156000808162053417e+00
3.718370802657581797e-01
3.168914481483338541e+00
9.070962830630165952e-01
6.752193294815574953e-01
1.211723119161782769e+00
6.173783436398921687e+00
4.158290863539166438e+00
6.406392276044947209e+00
5.214319283089962731e+00
5.239561403406063356e-01
3.355601756956171355e-01
7.229687934859273524e-01
5.572894896343036031e+00
5.197737432893330123e-01
1.095852853709607722e+00
1.525737210307733793e+00
1.425249926537039080e+00
3.584314777303964639e-01
7.683429468071271140e-01
8.915051623130314518e-01
2.471481210201373013e+00
4.684945110290132497e+00
8.013861891854403563e-01
3.557385362036859178e+00
2.780192350533619461e+00
5.015095555962543195e-01
3.747380394132538317e+00
1.771631080303170735e+00
5.620626663382929378e-01
6.192440197311719352e-01
1.294244112500771982e+00
5.861992989574505764e+00
4.769358859236410564e-01
3.367248598117154490e+00
1.196979211702101642e+00
6.956927458366108930e-01
1.332935164070910172e+00
5.334585959072691175e+00
2.113222175292482241e+00
4.098276477237988158e-01
3.833423944929086336e-01
3.218413411523053935e-01
2.342924063548640135e+00
7.566941935663249463e-01
1.416975236872383581e+00
7.260019036964137085e-01
9.503632872551341038e+00
1.630198755834200375e+00
1.158512507277730919e+00
1.323293726511397095e+00
1.671382624994817601e+00
3.605590403538368793e+00
9.886285507858320054e-01
5.790137954146020727e-01
2.799634979803415025e+00
3.321864861556291237e-01
4.068156825151537093e-01
3.443621967697472197e-01
3.218413411523053935e-01
1.027891111661838108e+00
6.227703991820392027e+00
2.132372614237006747e+00
1.231991416247022686e+00
5.531231888813403774e-01
3.231789158486342850e-01
5.821840974120212620e-01
2.611413849391520881e+00
2.239116261452663625e+00
8.928739444571618833e+00
3.552991986845658867e-01
8.757434290168761848e-01
1.868707117655299843e+00
4.791571019680326282e-01
2.499903628239903419e+00
4.766498703436274020e+00
1.029188802923991064e+00
5.430000118922939656e-01
4.892102973988315284e+00
2.741686204641875069e+00
5.337456325399457135e+00
3.965037521694151135e+00
8.027921923669916193e-01
3.089448526749062562e+00
4.478745390717732811e+00
7.327824590159487395e-01
2.218688584123838847e+00
2.505563453668163021e+00
2.027640199749876082e+00
9.002451527135046927e-01
6.864862934536390959e-01
5.155654194855083805e-01
3.877253295720518578e-01
9.576751015614907159e-01
3.562278343193570063e-01
6.904789755571139054e+00
4.209133968070912779e-01
3.970098356402819162e-01
5.525890915820326654e+00
6.163712863685492094e-01
1.224678412780136894e+00
1.420050858906401370e+00
7.531521429658943889e-01
5.642775740267599316e-01
3.471110102242204398e+00
2.070295474837565042e+00
4.550672360240496372e-01
8.932149963062853359e+00
7.113731832166923397e+00
1.801430519717936329e+00
2.839247862951080670e+00
8.222035704355484809e-01
7.107201306394136386e-01
3.952047142901592647e+00
1.652785932766971611e+00
1.067756961342640087e+00
7.602134274348826271e-01
9.405221563831954512e+00
7.636377677288042953e+00
3.321223876144472342e-01
1.641945019037813314e+00
3.085787580080931125e+00
3.654188669775658704e-01
1.582239521569460017e+00
4.606576579949520633e-01
3.549879415988629106e+00
2.313935590140623333e+00
3.351168939211590647e-01
4.441029631269134970e-01
4.007815302340323460e-01
4.471591526970131736e-01
2.798915334504678665e+00
3.570552408739203987e+00
8.682554268405503484e-01
7.006762216296218426e-01
4.595373823976450112e+00
2.909170414648030611e+00
3.268003906245345869e-01
2.654449383064024115e+00
2.756438753594542934e+00
1.954187720922527349e+00
3.292639550812815230e+00
4.429284114896754332e+00
1.572651203531418851e+00
4.028445458974436733e-01
4.381079882446514695e-01
9.228637166467232866e-01
4.096147609201944984e-01
1.022216435570429738e+00
2.410513615365819096e+00
2.059231201593084482e+00
1.410264337542867397e+00
6.332994135911029332e+00
6.540914172917027258e+00
3.218413411523053935e-01
3.091871279934134797e+00
6.758730374778334493e-01
9.500094803409618871e-01
6.919052879321752059e-01
2.756754657980307499e+00
5.728220478531030890e-01
4.970357194114399801e-01
7.893672555693934889e+00
3.218413411523053935e-01
1.043331656277640906e+00
9.628779949135057858e-01
5.162897817112100940e-01
1.042277124742270855e+00
3.854577361544876624e+00
1.055433921764612482e+00
3.737008900132444689e-01
7.591325145989061163e+00
1.873112863530501659e+00
1.687750804528479476e+00
2.505082486763794414e+00
3.000532394675917480e+00
5.105322854638041363e-01
4.637973575496956435e-01
1.295501374694498997e+00
1.141684261500960362e+00
5.405633721355607157e-01
4.715820211319062816e-01
3.254027645348425590e+00
1.443347448012089806e+00
5.630563248346208693e-01
8.230667234528123988e-01
3.802846637302045085e+00
7.194947658802067769e-01
1.124471591629308875e+00
4.985386983254555204e+00
3.218413411523053935e-01
4.856104610903066998e+00
5.229095156813997614e-01
3.005029740991651099e+00
1.655935953516859183e+00
6.801643127465929473e-01
3.367708005969385354e+00
8.246734940278528381e-01
1.409097731384000074e+00
3.425505887222119572e+00
9.375699435155682160e-01
5.274028389907542191e+00
1.197067210378005342e+00
1.183981988341919367e+00
5.664140100695937985e-01
1.863193898146245919e+00
1.776028332156150968e+00
2.202724904429990804e+00
4.047057220324026261e+00
5.172451357573064179e+00
3.357203167212173156e+00
7.059263692007591295e-01
3.648203763894876772e+00
5.959936178130506024e-01
1.907816973617891820e+00
4.856975084467591297e-01
9.335868812322354326e-01
9.472126016907363777e+00
9.017331537163551403e+00
1.361848012136893660e+00
6.421471538840169968e-01
1.155163468265070215e+00
3.223842081640304613e+00
3.218413411523053935e-01
3.867738365609926898e+00
3.987963289075939333e+00
8.828862713944866769e+00
1.360969396221833883e+00
3.920228658178441239e-01
6.073511639310907873e-01
1.887803304780185876e+00
8.046615614717620435e-01
5.292836687990742028e+00
6.016399889455359418e-01
1.339423208291705691e+00
3.329240874951416851e-01
1.914810436381877201e+00
5.312300783178308672e-01
6.087686927013596927e-01
3.084132134105209033e+00
1.035791382934189597e+00
2.607372385087986633e+00
1.511031545590811209e+00
3.150530790110603441e+00
5.373561972395704878e+00
4.487635195717790126e-01
6.906278321666416975e-01
8.581703953986433930e+00
1.104394757251612180e+00
1.218176317537410958e+00
2.057042203755238496e+00
1.632748206058257656e+00
5.708440926371888047e+00
1.423320781978896665e+00
6.641214774944277366e-01
7.257178182399072197e-01
5.373754038954118295e-01
4.007194073072214979e-01
3.509157061319988724e+00
4.268781902747167400e+00
3.215507332330190149e+00
7.783254850947673997e-01
1.024895825419163353e+00
9.207083833057806421e-01
1.459139478251555655e+00
2.951104002557337402e+00
5.136978652700920911e-01
4.817734215124764852e-01
9.403470452006189362e+00
7.878960176723103226e-01
3.243376117461502228e-01
1.379416094295710327e+00
6.401736496549625954e-01
1.909824172946192666e+00
4.998989090199639218e-01
8.221647304109703791e-01
5.340588928411642566e-01
8.419457274602457630e+00
4.201088043823428819e+00
1.632120640580837279e+00
3.755786440200404308e-01
5.074719944252467085e-01
3.218413411523053935e-01
4.390063970152414896e+00
9.965362479859452005e-01
2.893193340057211849e+00
4.522702727070225248e-01
2.119523690784013148e+00
3.841335251329364819e+00
7.171707733990259070e-01
1.156378178327294615e+00
5.017420927929017171e-01
4.482033898166839947e+00
6.601413012553346560e-01
1.239263468705561921e+00
9.035046731091287420e-01
4.444001105286663034e+00
7.948814725605248821e-01
1.114850400122214591e+00
7.717430422597013617e-01
6.921982317012363994e-01
1.070733910472307260e+00
8.559470108520814691e+00
8.139760556746082898e+00
2.191210533861191578e+00
8.524443454172439871e+00
2.182682937038689985e+00
1.019951114680761606e+00
1.006848110383678385e+00
3.314066838467052412e-01
5.292325426500787522e+00
5.360074013156586048e-01
1.968070435234823279e+00
2.652017974898595032e+00
1.124960910352397203e+00
1.955018683831005299e+00
8.095371328139754352e-01
8.743338535778434562e+00
3.443187861504304892e-01
1.587091049124550901e+00
1.629539076722721136e+00
2.740640195323518213e+00
8.533175281752811259e+00
1.351342998374805759e+00
2.914803508152239875e+00
2.110113589988863225e+00
5.126645237098038654e-01
3.829985421151969049e-01
2.358778829240242736e+00
6.521306966086580781e-01
4.887204783450598278e-01
6.737506577316701994e-01
5.317949162909881622e+00
5.481964960700617118e-01
5.073871417418950536e+00
4.419375172904440041e-01
4.393569374532702021e+00
4.521493650819919385e-01
9.184289301849348774e-01
3.323151352916409618e+00
6.761999740490012289e-01
2.239500838176642805e+00
1.208584022097364263e+00
5.865862109815306979e+00
8.000053945833393243e+00
6.160575767412043824e+00
8.105804064298256506e+00
4.974054750101138955e-01
2.952618896796330272e+00
5.262381074562823891e+00
1.510360083645226448e+00
2.796671212731043799e+00
6.956746456351282637e-01
6.030870326894739453e-01
7.973594730902188177e-01
7.236781023955108916e-01
7.536566633484237165e+00
1.189744799858322377e+00
3.616027990872188180e-01
1.126883178221424808e+00
3.535659249242700808e-01
6.809932592994075717e-01
1.830991361243085924e+00
3.456729683150322696e+00
3.218413411523053935e-01
4.022269319549264033e+00
2.471952316201271760e+00
4.616035306319801634e+00
4.514031396737014035e+00
1.744475558127770443e+00
4.350581976386393990e+00
2.329439037251058497e+00
5.576381644832858475e-01
1.809771281930309561e+00
1.069821073366567177e+00
5.976812909109184169e+00
1.244589023111841719e+00
3.360580231313716748e-01
5.944031911309899385e-01
3.405041089621035244e+00
2.207054270673261431e+00
1.940395999743337319e+00
8.461108936053880925e+00
7.252052223219017657e-01
5.829942074350586978e-01
1.413104582378712282e+00
3.292469337502089033e+00
9.981310666008775812e-01
4.319907374308780135e+00
2.586050113293203001e+00
3.769718818839835617e+00
7.888257446934247019e-01
3.063035605203054068e+00
1.045558335822300178e+00
3.001020361964676919e+00
8.205514627712957587e-01
2.650393790612172840e+00
7.413881760155079270e+00
2.847019050406405682e+00
5.522277300938203126e-01
9.231576811566386098e+00
1.966889945764175085e+00
9.947271960948421698e-01
3.941222649313917525e+00
7.401337952141684440e-01
7.479227420825447226e-01
8.650450116875067152e+00
1.357835511729760025e+00
7.322151919691316513e-01
5.891683033303708683e+00
4.365322659313268794e-01
1.537670245030543503e+00
7.740017837837152026e-01
4.653538516799456737e+00
8.048378064407445409e-01
7.561195886025483759e+00
3.911050932311281314e-01
4.860933453792771197e-01
1.385353758640731181e+00
2.146491566702635634e+00
2.610828798287053942e+00
6.680862862309521200e-01
3.729211338615832649e-01
3.659938275875117775e+00
4.608449773082068823e+00
7.724329454747772550e-01
8.980429313159447036e-01
3.316831283997331292e-01
1.761495789776767351e+00
3.462654698333734182e-01
4.114370108151281791e-01
1.811107854078832569e+00
1.207363802277323650e+00
7.707718781360707316e-01
1.775112153160487205e+00
6.800174506512851602e-01
5.187846172293913982e-01
6.126715541015924638e-01
7.800407929525317918e+00
1.481939656356299206e+00
1.434368380087574169e+00
3.782413068485741547e-01
4.852454546356342324e-01
2.077085284207417892e+00
4.769259600069200467e+00
9.172343145452153124e+00
1.048577152465963502e+00
1.070484903293895007e+00
4.604308284607066426e+00
2.777437548479249951e+00
1.465990197551789720e+00
1.246872728203236802e+00
1.975330937668106301e+00
1.207013307601980445e+00
7.765060745603192593e+00
1.943622885645266418e+00
4.014891341183942641e-01
5.786253164727247489e-01
1.315886329962019374e+00
1.174874417577693952e+00
5.300111324536027624e-01
2.153535223533582510e+00
3.908416985466794946e-01
4.438479060291143363e-01
7.913202839825451695e-01
3.521125296681359984e+00
3.670321327544469048e-01
8.085619596103205131e-01
6.089669776992774342e-01
7.494881935410667495e+00
7.339875021913025988e-01
1.956549939853696962e+00
2.220436519028517353e+00
9.229491500549682481e-01
2.976203207216492785e+00
9.164568166321597209e-01
3.662293078735467389e-01
8.521937044766211278e-01
1.341428418732820482e+00
3.788884396836687540e-01
5.241422428272977108e-01
1.686195338757316309e+00
1.975084053280338203e+00
1.866108906569258652e+00
2.161703434465422458e+00
3.794166338920737513e-01
2.177630871932705769e+00
4.098585712252484470e+00
1.235644470973842557e+00
3.599065932068455265e+00
1.496638735266805131e+00
1.613179473473307590e+00
7.821447825375964502e-01
2.900023772981775050e+00
4.530004603680981567e+00
8.554758486422200381e-01
3.001983734362468681e+00
1.323254622153290816e+00
8.244753618755397140e-01
1.772924295787410953e+00
4.762499103995610383e+00
2.230177927136665073e+00
3.010827962819141224e+00
1.798208231344766483e+00
1.486364648991481241e+00
5.094130303230032242e-01
6.272064416955527300e-01
3.257505184861536840e+00
4.563591003694733583e-01
3.993677362749238346e-01
3.798223301967657006e-01
7.693134104942509488e+00
2.081769303929156489e+00
1.900754387078529284e+00
3.988612381052817568e+00
3.075606908245444249e+00
6.056504748405926453e-01
3.697786893269526809e-01
4.020147596281488767e+00
1.991580763275465182e+00
3.218413411523053935e-01
6.214432956625232096e-01
1.749883380970004731e+00
5.578671913567204710e-01
7.482878661009142451e-01
7.468073403475471439e-01
1.352228257886879836e+00
3.979730356702279703e+00
2.820918747677362504e+00
6.959474831270815454e-01
3.301401257644261955e-01
3.624816318839942486e+00
2.196914216244512552e+00
5.140394890578059428e-01
5.862380063673746200e+00
7.923668476303116215e-01
3.939740101555276874e-01
2.226159153850178818e+00
3.250888314937830703e+00
5.928238353078342238e-01
6.654604896424138882e-01
3.575810379783533888e-01
1.769619309161262199e+00
1.777583583660042654e+00
5.783044047888645789e-01
2.704802055066064970e+00
4.844148882688580904e-01
6.445762983789963485e+00
2.395087320989705670e+00
4.360309259390701686e-01
2.123381844109873295e+00
9.372668507269874993e+00
1.622556102107700848e+00
6.784496746837004544e+00
7.841037617638588753e-01
3.327742696088066943e+00
7.588871081426118437e-01
5.375803659438582738e-01
3.218413411523053935e-01
9.011633688971489420e+00
3.728548605082543155e+00
6.399442843135196846e-01
3.276295612537004076e-01
5.261530191448574811e+00
3.123429639259235113e+00
2.788926892627100695e+00
4.294312275793798150e+00
2.204722227832095260e+00
1.498316884996648835e+00
2.133366935060540648e+00
3.429649155359111301e-01
1.594567483946896624e+00
1.805358259149750122e+00
5.714140333669203820e+00
7.186579864922110206e-01
7.227130813492365746e+00
5.410250456689262855e-01
6.540653940878269346e-01
4.185447954915230140e-01
3.245394792823585561e+00
1.170945888448952976e+00
1.076143186221887316e+00
4.845998081530574209e-01
1.480742851683752193e+00
3.717623093487700259e-01
5.012839942417276484e-01
8.058510698480758627e-01
2.174254306213068588e+00
5.132472476763524583e+00
7.564927257037556529e+00
3.895725815993334451e-01
1.304387879323113841e+00
6.539994111847591274e-01
4.935824040132392176e-01
9.020908204384057161e-01
7.725700420198433616e-01
1.871087927303179299e+00
4.727199405622955375e+00
9.976045339476888874e-01
3.254779633256214666e+00
5.483864045557613753e-01
8.554881960651531614e+00
1.092112248075600034e+00
1.155981170683202386e+00
4.184739720876205493e-01
6.525286329488719783e-01
6.458577304896595539e-01
7.440295133804440297e+00
1.211698642587071717e+00
6.919095444041532872e+00
6.037355051593910060e-01
3.621552385489274162e+00
1.855886962159350118e+00
3.494470655098834033e+00
5.649260999732024224e-01
1.019155849070142672e+00
4.561874350132152922e-01
3.218413411523053935e-01
3.218413411523053935e-01
2.206125152470238326e+00
4.440044858105037240e-01
3.294948760452311998e-01
5.241610919760413267e-01
3.632240214724803962e-01
3.893896479893228513e-01
2.384053622280958518e+00
1.154801976163495336e+00
3.475059793096487937e+00
4.943156435059939291e+00
2.394286669761878539e+00
5.748547428302087425e+00
6.568405484680361006e+00
1.410716062897859002e+00
9.211454482108519803e-01
3.218413411523053935e-01
8.167807813660453720e-01
3.838556036936979221e-01
5.828626946241382001e+00
5.469478886554420827e-01
2.287039046660898745e+00
3.535011224401003460e+00
2.828613638322739376e+00
1.923229534031551724e+00
3.850841973757963554e-01
1.218850499288890443e+00
9.717386131533006788e-01
5.981238202347806121e-01
3.227563600991349535e+00
6.271816859791732313e-01
3.630975240331337339e+00
2.902103791156046331e+00
4.124588964773261424e-01
1.725381277720589468e+00
2.210200982061742092e+00
6.346058410850197173e-01
4.258400026185964471e+00
9.524044202543866078e+00
5.035287478095379354e-01
4.236186445240982756e+00
1.205683678000803560e+00
4.254257087458282460e-01
1.142759797337909555e+00
3.935259740290977248e+00
4.313044720389388464e-01
3.913110435315771074e+00
6.027004865871712358e-01
1.646788159313878230e+00
1.275608983984843681e+00
2.619422256249512415e+00
8.914163206721723576e-01
2.788324464581608542e+00
3.218413411523053935e-01
6.457291695648149643e-01
3.741594907150403992e-01
7.159221009093323040e+00
8.370746920489231968e+00
1.662446471249976909e+00
1.386689371004726778e+00
2.581746099114337945e+00
6.376808901723348910e+00
3.611720277198592899e-01
2.861427769799600895e+00
2.068549764523235801e+00
9.925809642459844095e-01
6.825365646544829801e-01
1.107810683573931643e+00
3.320242039778900534e+00
2.135484997658741779e+00
8.968281356272330029e+00
3.218413411523053935e-01
8.576092371234075529e+00
1.329710339785142859e+00
1.368463623293720843e+00
1.129994519082073712e+00
2.034147351637023426e+00
1.309750946602941557e+00
1.731941275890329868e+00
6.180625231559520927e+00
1.680232013945121894e+00
4.074618350110172926e-01
1.658202190574601609e+00
3.287179162095950069e+00
3.353030652364311082e-01
5.974363125126331830e-01
4.832240332703896080e+00
3.902224857671079850e+00
8.117319310113606523e-01
1.122010647175291087e+00
9.645100782758960767e-01
3.232019100421555935e-01
1.743946785514023379e+00
1.098155581592551222e+00
2.199850972714581854e+00
1.933729158322524455e+00
2.793949711168846495e+00
3.164800228802597371e+00
3.861544021936318849e+00
6.822871000177061163e+00
7.632738214045158287e-01
1.284016638879994954e+00
9.030319058166801582e+00
9.381107153414397493e-01
3.684800858063220552e+00
8.066048675250531153e-01
1.184141417745484093e+00
4.705347671341000293e-01
1.280534707320636789e+00
1.507701990476011833e+00
1.072525760864359246e+00
4.709743115440287120e+00
3.353866174131779343e-01
5.979743809459231230e+00
7.921744865948319614e+00
6.267997521254033977e-01
1.181294501959057275e+00
3.644555468201681414e+00
3.181578982266397571e+00
3.836615974670657958e-01
3.760222493746315120e+00
3.336678900523005753e-01
4.966739014401633234e+00
6.590488705220889365e-01
3.228672104796030395e-01
1.341723061163744513e+00
2.655579093231388299e+00
2.145417792110852595e+00
5.373696133989591672e+00
9.598209949199308921e-01
4.652566979193826668e+00
7.162788733059228807e-01
1.378811433427079347e+00
2.983339041321875662e+00
8.124188916857993936e-01
3.428071635796802852e+00
2.124681770428213490e+00
4.167226524945170096e-01
5.133803099456714314e+00
1.209831100779453550e+00
8.941813687989653703e-01
3.650758740455528173e+00
2.295366573773401697e+00
4.980730260848650559e+00
1.434413181761439171e+00
1.519959433741397081e+00
3.996220455475004152e-01
5.863081987858352884e-01
3.400048318543164028e-01
7.388458648657320715e+00
1.714285124870436938e+00
1.612484830440292560e+00
5.261904366267775579e+00
5.119033663474800155e-01
1.668508492856642489e+00
2.532220178336459959e+00
3.218413411523053935e-01
3.281640339791532579e+00
2.153267675007302540e+00
2.881637241182360309e+00
9.200631258628875209e-01
2.124673398981975936e+00
5.291794738343675863e-01
1.888803877671171527e+00
2.475336428526000887e+00
2.110235737946643209e+00
3.218413411523053935e-01
2.234496632970176755e+00
1.804297044704907371e+00
9.041730586966935102e-01
4.999637451676526290e-01
8.813466374940892578e-01
1.208497312745969277e+00
2.210802650313493434e+00
3.517476609784099484e+00
3.362886175383943410e-01
1.994686687724703811e+00
7.352270949063217653e-01
1.093577186782171085e+00
7.873457321471929227e+00
4.443197372742602180e-01
7.058263508116491280e-01
8.063956271318962754e-01
6.673196774874170956e+00
4.666282719386943612e+00
1.282063346333078391e+00
3.440883160543657393e+00
1.103750714945230582e+00
3.549787576531845179e+00
4.248067322724258799e-01
2.135508340580562159e+00
6.766406580696179951e+00
3.986410154881216417e-01
1.653754137428787407e+00
6.551342182032156014e-01
5.507381405572751909e+00
1.742700727333188926e+00
8.737138534770595655e+00
6.432501152013601065e-01
7.736998139271668018e-01
1.694757428320790460e+00
8.068000034519841046e-01
4.265764268511522239e+00
7.609003182431427481e-01
3.927364609840326981e+00
7.514642184915058643e+00
7.433043403475988464e-01
7.591344514799266419e-01
1.440217089510446913e+00
1.312529893928675806e+00
1.602785001726303005e+00
1.770314688971808215e+00
6.059830451892455727e+00
2.581251818554581856e+00
5.325688984787378288e+00
2.868397145811412141e+00
4.337707008952817467e-01
1.649030446136077188e+00
1.980708579805705805e+00
7.342710525562196722e+00
1.196076247739569887e+00
3.890462371856880708e+00
1.011691715513182821e+00
4.593139223439486885e-01
4.832552099923972833e+00
1.223715092684541039e+00
2.284729703782994559e+00
4.059858785433226203e+00
9.042019331402968430e-01
3.086909941526781331e+00
6.598039368949594197e-01
3.174820451361517915e+00
1.926086159911473583e+00
8.486326033200273233e-01
1.071815883324781060e+00
6.543788158020616974e-01
4.962665169565464218e+00
4.289703269516224604e-01
3.218413411523053935e-01
8.291192998918828216e-01
4.991946376412904063e-01
9.948908228867454628e-01
1.625467148493534131e+00
2.767167238864963075e+00
2.385739500093473797e+00
5.388214467392207219e+00
2.630789464263373567e+00
3.962948137231379953e+00
3.013234457699270674e+00
2.091781620150315213e+00
7.867839295839643698e-01
1.389173559572531413e+00
1.137367386751115816e+00
5.744247399953996691e+00
4.660861597148553415e-01
2.763022717787381399e+00
7.496600274204420211e-01
2.878858438368078421e+00
1.033110830434695648e+00
1.808378097983036392e+00
9.606343696950689903e-01
4.986365332169926390e-01
1.184286557745415358e+00
1.484428741513848404e+00
2.649107253452408273e+00
6.889845089947166379e+00
3.218413411523053935e-01
5.983609656559477630e-01
9.843035844043970251e-01
3.749828338574829445e+00
1.651333683206930969e+00
3.853417975145124741e-01
2.549927688919830793e+00
6.303161813019065640e+00
2.017096426739697357e+00
7.779057643329509553e+00
1.460233002723662077e+00
3.664359246207723242e+00
3.785934808980129240e+00
3.742682719293364269e-01
4.028911424549129761e-01
1.936530989335706776e+00
1.512128496772311426e+00
8.898833428008534607e-01
1.636168554727878588e+00
3.545958363459039919e+00
1.901016559366927039e+00
5.375433560167837133e-01
8.053169340623872463e-01
1.724083239122449873e+00
5.920827486512103555e-01
8.027626679968989931e-01
5.331616866587798320e-01
1.248930456127915312e+00
3.624974954852589804e+00
1.438845382772438564e+00
1.942894176561070996e+00
7.416871866322594098e-01
3.130333174046488143e+00
1.997156056034848248e+00
9.022393299632683883e-01
3.220522367860658708e-01
3.913992604415847953e-01
5.762200647517359275e-01
4.111500768530221839e-01
1.198269538664340050e+00
3.543318724686902454e-01
8.898375745050617347e-01
8.382951186708544000e+00
5.599900550734896676e+00
9.414199292718489209e-01
2.254602131690003564e+00
2.195644608528402486e+00
8.592501572460761183e-01
2.737747378691004485e+00
3.420494078169266094e-01
7.692535003621506773e-01
3.548465692139914474e+00
6.812187462087504031e+00
3.709395725224603257e+00
3.383258079605727664e-01
4.695334459718977449e+00
3.362174479408750472e-01
3.182119128455150214e+00
6.335320506739927637e-01
1.053930073837511250e+00
3.083086898063331027e+00
4.532807864095935280e+00
7.143298928097582268e-01
4.311706275951777023e+00
6.003584726380788439e-01
9.813638361853932679e+00
8.292281897945774638e-01
7.189909901494254685e-01
4.780554873313229702e-01
4.448076695415607240e+00
6.955003126529464286e-01
2.627122341337010170e+00
1.698473727840499548e+00
1.441514937054454437e+00
1.076318862325562398e+00
2.813655716298947951e+00
1.828887040595611246e+00
1.120647421551954626e+00
1.134826520579621523e+00
3.629501053005673938e+00
7.673825775332836940e+00
1.131805660017514148e+00
3.475445053403141138e-01
1.682655267782187547e+00
3.256175909654145606e+00
3.064793305051410233e+00
4.702821409363857619e+00
6.246414871006559233e-01
8.746380832394982097e-01
2.350068484879703323e+00
1.010789558029376201e+00
1.863773439453626501e+00
5.285652223075569811e-01
4.772787104813787984e+00
5.543761656640833202e-01
5.268294221395088073e+00
1.371283060499845385e+00
1.237520283888289274e+00
2.301488076487083312e+00
3.409962014900161376e-01
3.218413411523053935e-01
6.539299904967846189e+00
3.539350376234427387e+00
1.152396298711073186e+00
3.423735910983437547e-01
8.730185556812418701e-01
4.645527579771275839e+00
2.136137022794891038e+00
3.644001875568003146e-01
3.606582718859838721e+00
3.221678371170165978e+00
2.899727294797929567e+00
3.570479678923325628e-01
3.783302759257265002e+00
3.721686710255138753e+00
3.729600528423034245e+00
4.871552375905183752e+00
8.869800688157877255e-01
1.996288349803799766e+00
1.004827599794404058e+00
1.297194869896182601e+00
1.136057229573735450e+00
4.235330768458393180e+00
1.407874161443567473e+00
2.806459772476268988e+00
4.041663230554452535e-01
2.177814548400795580e+00
3.218413411523053935e-01
2.220426658600564096e+00
8.045398292941836615e-01
1.019035228654802339e+00
6.409684882541494266e-01
8.266192842776766136e-01
7.453425878861630327e-01
1.138100097593077065e+00
5.010429581873029337e-01
4.660758728095631964e-01
4.723564923607955990e+00
5.456529942133784949e+00
2.104414174113381719e+00
5.970275149298850392e-01
1.330380241801134344e+00
3.399753185302977876e+00
3.856687631374139169e+00
2.199695697359931756e+00
2.698915476029355887e+00
3.902426681646714024e-01
4.905212155485085823e+00
3.344916277563255713e-01
7.379331627401510829e-01
3.218413411523053935e-01
7.099561459578039857e-01
3.992664518543939334e+00
6.029174548096838393e-01
3.123027547836587203e+00
8.768270134382417424e+00
8.309539599390726172e-01
4.152053398974149268e+00
8.382451969061505137e-01
3.253582873272897191e-01
8.144578992799018646e-01
3.578092811508862825e-01
3.672179174973503324e-01
9.031541109106186127e+00
1.046662010783212526e+00
3.922711212106848033e-01
1.381406431968634330e+00
9.036262177222279535e-01
3.691444699262033780e+00
6.630279370229659186e+00
5.786652849824903022e+00
2.488597672875052957e+00
2.052040913790725174e+00
5.104308651582699641e-01
1.485321451701378859e+00
8.378350097082218895e+00
1.125660836742582216e+00
7.336575030916134388e+00
6.103425332795251457e+00
2.329219300224829592e+00
5.654153771214817104e-01
5.992532434637523053e+00
3.128410745749883759e+00
7.285598153694565760e-01
1.072788134733341003e+00
1.169885414815159175e+00
8.659033782938442281e-01
7.060712122168506966e+00
7.340919942764347894e+00
2.528992036751625427e+00
4.411365879919360022e-01
4.227367608480458450e-01
3.942368164021477495e-01
3.218413411523053935e-01
1.330931139772287386e+00
7.911984949076422691e-01
2.392174885527870831e+00
4.251146445365042048e+00
6.849422303891573582e-01
1.657800115181111034e+00
7.281877503024301035e-01
6.709618090202954299e+00
2.837690165957816646e+00
6.160365518741167001e+00
3.211163499723796555e+00
3.418077346191106702e+00
1.118470465641942413e+00
9.495517286157728165e+00
1.023810681482012708e+00
7.980627968291021945e-01
3.679447982475862577e+00
4.803538228903302398e-01
2.102243804472275102e+00
3.521522611496101351e+00
1.626529797054191873e+00
5.153630510492921424e-01
5.509826776915634383e+00
4.694406915127347091e-01
4.868129759739333373e+00
3.867354465059505420e-01
2.282478148626621461e+00
1.970794194266559662e+00
6.581808158243556139e-01
5.187537109022211546e+00
8.129232645087918208e-01
3.998771554442175802e+00
2.226142627385100603e+00
3.218413411523053935e-01
4.693458241946463438e+00
1.609887898293788755e+00
1.949519560782761562e+00
4.307283829678999254e+00
3.482894296110063959e-01
3.230682697776078971e+00
9.536532100367105969e+00
1.097680243207573625e+00
5.933707127467538811e+00
2.495194416426520956e+00
1.084211238739773542e+00
2.752819136119924792e+00
4.337572287227400736e+00
3.441569223108428832e-01
4.142674077142842748e-01
5.134666619980289504e+00
3.643378507712639269e+00
8.724187683517072855e-01
7.369531413600961534e-01
6.152156203027804970e+00
5.832306714098643985e-01
7.773099743504728210e+00
1.152688424078182283e+00
4.496856493657952036e+00
1.680894684485865431e+00
7.403515564312468378e-01
1.625597631063463000e+00
5.360871995121284428e+00
3.242817534742087338e-01
2.286412015937568931e+00
6.328801786340442881e+00
3.188922152709138480e+00
3.980275891030635282e+00
8.327544916724614055e+00
1.473871534753278922e+00
1.064137156857774880e+00
6.268217023614606198e+00
1.786479452532742096e+00
1.153886442340945395e+00
8.409788585888404722e-01
4.213760452988632110e+00
2.065609085246444376e+00
1.545017866503472614e+00
2.363807196032242430e+00
7.683304028063437929e-01
6.521249468983739028e+00
5.025606518131782163e-01
1.394821590223660701e+00
4.021904679078490696e-01
4.157049499371034074e+00
1.032345318185817318e+00
5.719472157075435881e-01
9.220763147563689754e-01
1.442383950607141863e+00
8.348098380087308756e-01
1.859879754578888100e+00
7.383065342223743777e+00
7.595407614402941432e-01
5.436402694130600954e-01
3.218413411523053935e-01
3.357003326805542143e-01
3.341646011029232866e-01
2.378646802301146668e+00
7.894178841676309233e-01
6.659318134871391459e-01
3.022021338259444967e+00
6.072965495661579727e-01
6.501480661064633626e-01
1.189725833863714000e+00
4.099124998945533616e-01
1.266528557598466831e+00
4.841603578982203615e+00
2.598883011684874234e+00
3.558432613254089993e-01
8.206379661995993890e-01
7.228725194749934246e-01
1.049299252272757110e+00
1.030807230062767088e+00
3.506942185953120461e+00
3.568292484266037512e+00
1.135462023007101307e+00
3.735408222095541464e-01
5.920503827618256665e+00
2.927899849119928177e+00
3.286615192771360938e+00
1.083140731177278493e+00
6.421487293268425267e-01
8.500617988153585936e-01
5.338645548377461969e-01
1.022762814613408455e+00
4.274618395015536976e-01
5.845724900340502073e-01
4.711790290402464998e-01
2.881550233425302032e+00
2.477372097590614164e+00
2.776853368958162260e+00
6.130726465538061554e+00
5.176058292374710490e+00
3.679180464586699340e-01
3.266470582430534564e-01
4.322437555610153304e+00
2.237539697966573815e+00
3.694130864901679523e+00
1.775222331540570853e+00
3.884123450733128369e+00
3.002439227398578492e+00
6.240574717403346572e-01
9.156392090184246602e-01
4.187068991067259272e-01
2.209182064221620223e+00
5.968536207237058910e+00
5.397523350282834365e+00
2.477575882687344855e+00
7.434881776468735382e+00
7.041946928896624103e-01
1.876471959070230344e+00
1.203770230440561972e+00
4.315173295823180877e-01
3.218413411523053935e-01
1.591588979789473779e+00
3.659071053688159214e+00
8.625126088830388227e-01
6.314136517668019755e-01
1.304146592379560987e+00
1.787855260961890291e+00
9.279133959263639042e-01
3.542780026738464816e+00
1.207350987954198152e+00
6.079490976915398193e-01
9.617524149288643187e-01
8.538475225809355251e+00
1.836433282791599453e+00
8.188524052498404870e-01
4.112866572138551002e-01
2.137871908503206519e+00
9.997116218108641483e-01
6.702904026552203298e-01
5.323880868810058065e-01
2.099229047039071983e+00
5.921374746950512913e-01
8.761313144794433683e-01
3.218413411523053935e-01
3.239344765580231655e+00
3.660450506089291123e-01
4.015624370901865525e+00
7.690255980400521052e-01
7.655019693823993387e-01
3.765916862042817392e+00
5.132059415459294449e+00
1.103200730212824610e+00
2.543735462978062412e+00
3.598049256092302972e+00
6.456929928437969757e+00
5.559729074394279547e-01
3.867692309821487151e-01
6.315477161945239004e+00
6.535804177397456227e-01
5.005627227281138625e-01
4.408855286100611948e-01
4.977413071074001660e-01
1.265283624745690227e+00
6.080242861872031668e-01
3.784762530041905659e+00
8.167971645399072500e-01
4.014334232693089533e+00
5.958028780840726180e-01
3.765036367689190477e+00
1.326013461536482030e+00
5.518665045718671447e-01
1.027907945219366237e+00
1.403972723749984608e+00
6.641577148014699006e-01
1.617899316916964203e+00
3.507232749873045563e+00
4.258728720690939440e+00
1.731693454035310165e+00
1.968555652891679220e+00
9.375107828981389391e-01
5.172274204759738092e-01
7.421723486079423449e-01
3.591686208714320871e-01
6.901286293761850210e+00
2.491356913168985443e+00
8.515983886303694073e-01
2.234521011865275852e+00
1.511221792800117258e+00
4.120983704142373583e-01
1.325231605075160690e+00
7.056113260499702555e+00
4.576665240815163571e+00
3.681681749061709308e-01
4.507196801206462489e+00
5.260256302611209911e+00
4.926392179469385457e-01
2.553986500844435792e+00
8.096391797876244523e-01
7.568578104608666424e-01
4.727418230404935029e-01
7.535327442356948291e-01
3.143358701012462841e+00
2.652473692117195192e+00
3.245898074187212323e+00
2.599476500765420361e+00
5.391093088009625278e-01
4.888572216585495012e-01
3.981221542880696962e+00
7.230803276168614957e+00
9.969319979489006389e-01
3.796093893863527136e+00
4.436632150588392109e-01
2.140152905929017191e+00
1.346104127127521810e+00
5.321873262651893866e-01
7.226477563605331333e-01
1.859011062822822025e+00
8.543545761004786243e+00
2.403597655752207185e+00
2.781104145521320348e+00
1.501001741745286777e+00
1.097644188117231634e+00
3.782900422476515034e-01
6.783602909497090216e+00
7.833927683635959482e-01
1.729509115824036991e+00
3.772699202960881903e-01
1.698937063220610666e+00
4.242672842034627134e-01
1.801488529402658134e+00
1.837995432817850272e+00
3.642728453373634157e+00
1.003554382523399235e+00
1.852410591916187510e+00
5.108800464804510000e+00
2.900462490703403340e+00
5.066392607418052085e-01
5.443580777428517870e+00
8.890607246044019973e-01
1.079001716358506169e+00
1.328298693225330673e+00
4.380644119448632301e-01
3.698533061590735249e-01
4.220669878976283096e-01
3.659083241699284672e-01
1.774509633431757161e+00
4.398552142756502747e-01
7.162638966163462406e+00
6.985435434684339029e+00
2.079345219637758202e+00
1.184743730037543852e+00
4.562221743105787652e+00
6.722466947371179558e-01
7.206075105884558463e-01
6.793549061116174181e-01
5.881601254210373497e-01
6.092938369146969624e-01
4.133699241526023749e-01
5.192289014364501742e-01
2.754179947096250469e+00
7.428735478612044085e-01
2.206095773979423136e+00
5.279195783380951745e+00
9.346363885207730204e-01
1.283464723365208782e+00
2.052862546248608755e+00
2.040506468369112980e+00
6.231642974093288601e+00
1.521004057316119651e+00
6.274101346780227573e-01
2.978243071126382091e+00
1.139021112118817403e+00
7.260492368502902139e+00
4.735214478920810599e+00
1.117557660594269198e+00
1.318773971774023002e+00
6.360600267264807650e-01
6.886598904274165101e+00
2.171684030062182469e+00
6.451242958805369909e-01
3.524805957125818345e+00
7.226208923756172187e-01
8.388158529612280034e+00
5.950783924764339039e-01
3.749473711373556561e-01
8.339111469717444436e+00
4.059762714055101362e+00
2.146961138659779333e+00
6.995163063662300784e-01
5.497188846720964861e+00
3.429853276876043910e+00
4.512925171056950124e-01
6.443336954503474656e-01
5.480826065505780775e+00
4.234143859354699835e-01
3.468575409087898631e+00
7.048410769588918656e-01
9.122650251837579605e-01
9.700095977194377994e+00
8.943627941332403797e-01
9.473557239791693396e-01
4.934059155092280768e+00
7.314175723886863878e+00
5.668641303746254634e-01
7.007029579236154326e+00
1.185747120633055207e+00
5.866554096734084567e-01
7.341110086588509276e-01
1.785225001591324245e+00
3.235457105220920782e-01
7.707893306988499171e-01
9.371492485589447696e+00
3.218413411523053935e-01
6.319241378450763946e-01
7.924507772264129946e-01
5.508949838413340849e+00
3.456862717784553451e-01
7.304234760267513948e-01
1.184306661271472993e+00
1.879272101077948287e+00
1.320228926933064040e+00
5.896932579750946424e-01
6.595671745649898554e+00
5.297190092462195743e+00
4.528905943007683343e-01
2.463308692663745525e+00
1.395973060395825804e+00
5.614347855926350439e-01
6.219378584077199790e+00
2.934327159772391003e+00
3.850331683187512843e-01
7.577554720270900379e-01
1.068648446817765718e+00
6.920713307877217613e-01
4.031133965038845579e-01
3.218413411523053935e-01
4.318908265504543209e+00
1.810722301150986757e+00
1.498878903878507085e+00
1.473052528432359232e+00
5.822055222392240381e+00
3.492250603292397670e+00
6.090649537839584404e+00
3.330369363294759300e+00
1.302887061260274315e+00
1.200778653204164437e+00
1.264639773666678346e+00
3.582291227364893249e-01
5.606642145152056500e+00
6.380347993816322116e-01
3.891284546394239152e-01
8.026385339968510335e-01
1.248332104341805193e+00
4.962844731135976239e+00
7.969938180272238881e+00
4.333003663593835597e+00
2.484579848954290515e+00
4.290309419902884058e-01
1.556141505397491853e+00
2.097645489594500479e+00
6.108065864153897628e+00
6.697861259883919338e-01
1.506358829971975233e+00
1.767448526136452980e+00
2.551852239013067791e+00
4.070926495949910850e-01
2.583581182030081358e+00
5.081890888854055932e-01
6.629361110781396560e-01
8.158319364427665255e-01
6.446151726995724696e-01
6.257069100719000465e-01
4.884946514809361262e-01
5.128774849420970616e-01
9.232224095609453229e+00
5.984651067827793103e-01
3.153890177035368225e+00
4.950837330702943517e-01
1.425469348788193091e+00
4.418391708930410111e+00
3.860269420194708090e+00
8.617442069126057813e-01
5.059727237276734790e+00
7.689291200789877267e-01
1.052143428702814409e+00
5.132941365686189528e+00
7.183915758127825235e+00
5.908014567348228718e-01
4.504867664219099233e+00
7.358112833348462445e+00
1.147435792615375094e+00
4.525610206489653065e-01
3.740705361334051737e+00
2.777758668402301456e+00
1.595463535499136221e+00
2.138303634985772028e+00
2.119853952473377046e+00
1.616538356327252624e+00
6.992317527981627423e-01
6.287373815583729098e+00
4.498689797765472731e-01
4.297261529505624900e+00
1.132799462952566394e+00
2.170901617650038862e+00
5.974885408246976226e+00
3.573638406012003554e-01
1.724010916380843472e+00
4.667286571049902300e+00
1.071003887277195865e+00
8.559086169851795045e-01
7.714821083226508502e-01
5.529653451275895470e-01
7.813523793806387285e-01
7.683880296924062714e-01
3.680237535405038729e-01
2.213214402692167848e+00
2.882377040711929794e+00
8.909824335595609712e-01
5.162657500154098633e-01
4.759004299731544041e-01
3.266081276303119396e-01
9.571709132734661507e-01
3.342924992425070574e+00
2.853959502334803222e+00
1.844161113625705450e+00
5.972474198122048605e-01
3.609629706978323971e-01
3.334641067284022764e+00
5.327741789333926725e+00
9.647051032435811635e+00
7.228399217619328354e+00
3.036543537564337480e+00
1.492350135687369184e+00
3.493116058283109449e-01
8.644057594858794991e-01
7.768076337536132137e+00
6.018341770169824967e-01
8.022151234219848659e-01
3.326921348400092793e+00
1.828655492770808522e+00
4.590916028111213243e-01
5.342823590607556072e-01
1.050404866685852534e+00
7.966166572046907923e+00
1.050775674363416012e+00
2.799402119358807894e+00
1.251970464694519558e+00
4.596977740119569944e+00
8.010932434291692106e-01
5.299353608294161688e+00
4.050389266529260679e-01
2.687949210688941104e+00
1.273973706758086077e+00
3.898780987939285403e-01
1.687588892397091422e+00
8.088179730741252849e-01
4.203953965633613898e-01
1.327097489283880938e+00
3.632566195029147238e+00
3.771242932833825279e+00
7.161977375529003931e-01
7.311248123060195558e-01
5.208201434638197291e+00
9.555246338141218487e+00
1.043990564387198949e+00
6.381308420184361729e-01
1.885234564577153105e+00
1.190361980869893088e+00
3.048222100517950839e+00
3.944461490366669931e+00
4.149238001575455970e-01
1.134033552022187363e+00
4.991407352928174945e-01
9.189754839424340016e-01
5.298402719575076025e-01
1.873232802102641203e+00
1.673922983558227218e+00
5.289814588447321331e-01
3.833148686691859375e+00
1.596226426884240990e+00
3.608241934028468823e+00
3.962785922056727972e-01
4.049563785668250371e-01
7.228453919021514018e+00
3.602983028734549342e-01
3.104254979907574707e+00
8.532910136589698658e-01
2.920460821549162311e+00
1.301096685199983893e+00
2.197100588495483731e+00
2.860696204418798239e+00
9.727886877945103095e+00
9.029418620307675170e+00
5.463740303210747884e-01
1.019358494414015492e+00
1.055916829609213625e+00
6.823931986936274674e-01
3.218413411523053935e-01
1.054609819801208825e+00
3.218413411523053935e-01
5.030301025304567908e+00
1.588563508604744490e+00
1.013117108325027216e+00
6.188376136398276550e+00
3.398278622071917443e+00
4.117289773310313983e+00
1.135273235037694173e+00
8.337330070663423243e+00
3.513130146943500010e-01
2.503850682039483910e+00
2.140020589101180537e+00
1.490212399662920850e+00
4.382239261357316895e-01
3.634552668324423363e-01
8.167862462395666379e-01
4.705657349183014482e-01
2.630070178716099605e+00
3.218413411523053935e-01
7.072863041678483231e-01
1.773742377087611288e+00
3.585670279393291526e-01
2.222003896498824016e+00
3.695074918231601169e-01
