5.848296582630583273e-01
1.884012785645814425e+00
4.863608529627145849e+00
7.303586222619156132e-01
4.363321801546842793e-01
3.664201271234980961e+00
6.005893660162118231e-01
5.554767260093495196e+00
3.286463374642860646e+00
5.160188554293502206e-01
7.227144723876877119e-01
1.058569674730625243e+00
5.316914105573170568e-01
3.973602247666518927e-01
4.177613658991576884e-01
1.971637504196730895e+00
1.159393342788659576e+00
7.439575399474489537e-01
2.997265429447489637e+00
9.299571621069127048e-01
6.088317320054662529e-01
8.282255173506886337e+00
7.221590272592082194e+00
1.889312966295707552e+00
4.734675025954231842e+00
1.325166517502520236e+00
4.162705583404437415e-01
1.720458022508986717e+00
1.483416761727252453e+00
2.305759795095478459e+00
2.049168125829304188e+00
1.515691230734408812e+00
1.063678020374370981e+00
3.980412639702696209e-01
1.171348349641928355e+00
3.383122297120450206e+00
1.578356366008374145e+00
9.824404551497369908e+00
3.374187413603613739e-01
5.810001514155130886e-01
6.107716161648116815e-01
7.040425692347322961e-01
8.220249661998673574e+00
4.412753396336392520e+00
5.152045023714967309e-01
8.905996714976193829e+00
2.582941892375679949e+00
3.531673959195524848e-01
6.633056429309169832e-01
1.644967377418445231e+00
6.657665899450185831e-01
5.729923417277714925e+00
9.128798850788172325e-01
4.165583232765373012e-01
3.200855665693284280e+00
1.303709790143801284e+00
2.035848888674978152e+00
1.515069273875111255e+00
1.417756962922326780e+00
5.066586805021838780e-01
4.056638494556591423e-01
7.507493283332261624e-01
5.812610912051855649e+00
2.194282100926584711e+00
3.434950476623499505e-01
1.883322771827901976e+00
3.514361016321403963e-01
2.835892777723167502e+00
5.276423125816891435e+00
5.234927599468113257e+00
4.212242910451222677e+00
5.180481221787818225e-01
8.246519585030364086e-01
5.986593114943346006e-01
3.595827194349556333e+00
6.156905327245592030e-01
2.367301901561371658e+00
1.329042382166132796e+00
3.354270103637619349e-01
3.717664875538450042e-01
3.816096976640809046e+00
2.803449778891399014e+00
3.776098186397918166e-01
3.218413411523053935e-01
6.279937438984546372e-01
1.032144814963735779e+00
3.574487987247814691e-01
8.128092732763340100e-01
8.352156651960147116e+00
1.038077355167477789e+00
6.959396871320024935e-01
8.417324987735643749e-01
5.568605009407348483e+00
7.275604511966483612e-01
8.567611624191454611e-01
1.191482861432419549e+00
3.745816069927615732e+00
2.785595060667915401e+00
2.245068485720719487e+00
5.564018895843545032e+00
5.205269877326621497e-01
1.772792288147449380e+00
7.580829094581369443e-01
1.081279493605770581e+00
3.586448625584165439e-01
5.229326430558656202e-01
1.068237341195498180e+00
2.067739987145964964e+00
2.401274036888971786e+00
1.259310214148926521e+00
5.277764222565045849e+00
7.089467190520618578e-01
5.765958916331036521e-01
4.686419486707995019e-01
7.836689292574826604e-01
1.128193574569041679e+00
1.274693251133262040e+00
1.967607590198303225e+00
5.011798329227176163e-01
2.693676003753057380e+00
8.924778650234157507e-01
3.566678713555587743e-01
5.687433223317013287e+00
1.752348712145189058e+00
5.644367473256678425e-01
5.454673972860455855e+00
1.287136884957893468e+00
8.940513986651340561e-01
1.426936627762103171e+00
7.809263089916889555e+00
1.264734067935404882e+00
3.385671100666072797e-01
4.286560194507168520e-01
5.002168075176751660e-01
2.693007932996570819e+00
7.433791686823674638e+00
3.564157030091570810e+00
9.129329269070149966e-01
1.991439326005271404e+00
2.992853293940508586e+00
7.824009846999472328e-01
2.854018871166041915e+00
3.731126248971387227e+00
1.080979176671170272e+00
3.185006438007613738e+00
4.350794218027690619e+00
7.565686922452787844e-01
6.126218592858855283e-01
5.726279930168420851e-01
8.286445533055569967e+00
2.580285504391745643e+00
3.220755417236605300e+00
2.030648041272993254e+00
5.246609060418225834e-01
9.569840626164406450e-01
2.206425860963375118e+00
3.726443439922317413e+00
4.581054965674083435e-01
4.003020414607167510e+00
5.722201060423034447e-01
4.494338463348523938e-01
1.587816400559579844e+00
3.504623989877903578e-01
2.944097383762962483e+00
1.421160397178969470e+00
4.590470091881184267e+00
5.111316015599124185e+00
3.612380880648497605e+00
1.705630124097507361e+00
2.545192290922544398e+00
1.686761764759748372e+00
5.378381403061138322e+00
1.905851957330766622e+00
1.795788705892272574e+00
9.976746348610928683e-01
1.351199951499603147e+00
5.943340175640503098e+00
6.633088445777554076e-01
4.665176878851856612e-01
5.569621149005820060e-01
4.112286877074629032e+00
4.842444834081072735e-01
5.757465754520125767e-01
1.764690745222954771e+00
2.633169030931125310e+00
1.198319819160839961e+00
5.237212235219509404e-01
9.418621770597712661e-01
1.041145479480472869e+00
7.295900894481628374e-01
3.970886323815415953e+00
3.125384533519416586e+00
1.602670383790535613e+00
1.558027052546538505e+00
4.254894927397842586e-01
1.914116148530948802e+00
6.863594664540194401e+00
9.269646509434352755e-01
1.107238526684003244e+00
7.358770767720693717e-01
4.058450353131436428e-01
1.576230421866759768e+00
6.379343409766351947e+00
8.836000172627642257e+00
5.938054239952190727e-01
3.811602565719003355e+00
3.476063082950778815e-01
3.855209633649249179e-01
1.194312939871502000e+00
5.673574676292738594e+00
1.295957328422471910e+00
5.534909815569548641e-01
6.287295187312771372e-01
1.043029237732239434e+00
4.290668949399883969e-01
3.218413411523053935e-01
8.018231426954232077e-01
1.028792663400269314e+00
3.491721282011854832e-01
6.256841356387248254e+00
2.375097805212661228e+00
7.257736227069195856e-01
6.592462905940848827e+00
3.269367790188068224e+00
5.873802769395188861e-01
4.272128934581654325e-01
1.274973624741986278e+00
2.639547749765608575e+00
5.320698347114048765e+00
1.053940898363982415e+00
4.228437507046326260e+00
1.731224636556200069e+00
2.785465415035333070e+00
2.633259167279354163e+00
1.927941605180806928e+00
2.472132939293105736e+00
5.096336067154099148e+00
1.361063744134186626e+00
7.294296394019942120e+00
9.454877878322327511e-01
3.687190671145201382e+00
1.356534478135116517e+00
2.580282610292839340e+00
5.763176121851396605e-01
1.216540495101917196e+00
1.355915379311718238e+00
7.453486102340605157e-01
6.437341473153320726e-01
7.466168572360169620e+00
5.391980019746414055e-01
4.730566110729116924e-01
4.762550676714261133e-01
2.816544221593650033e+00
5.822998901078963563e+00
5.664970531847829394e-01
3.259035637541939590e+00
1.305030473053636619e+00
7.958439047054538529e-01
1.163102679289029773e+00
8.878801293254749982e-01
1.773268457396940168e+00
3.759973928575270352e-01
7.183741562095990574e+00
6.316278955880232360e-01
3.644281742249585454e-01
6.472124025551095450e+00
2.792703703918502534e+00
5.679858433635224246e-01
5.325353025992245470e-01
6.487900249417192233e-01
4.217268155923813988e-01
2.664068285144211234e+00
3.400635985505188419e+00
1.581785674562673716e+00
3.913603517899747253e+00
5.058102766969907460e-01
1.794740379542139053e+00
4.345559028512852251e+00
3.869194062464279549e-01
1.759373398802726696e+00
1.728445670038099014e+00
2.480740895385991074e+00
1.578719169591736415e+00
8.520378111584511194e-01
7.211163339477498768e-01
4.501254272329325623e+00
1.103530077882241889e+00
5.608906722710696791e+00
7.313125943775518056e-01
8.226381322510191163e-01
2.931425979718716324e+00
1.657728787744881638e+00
7.100244453624572349e-01
6.585525151647877440e-01
2.446385183845732669e+00
3.215244220854085899e+00
1.918675546220671935e+00
1.052698648194551057e+00
4.856494500118122559e-01
3.645740286762103599e-01
1.546093855578696719e+00
9.668597992322454093e-01
5.743295105761546671e-01
3.259507190000686672e-01
2.795828035288346225e+00
2.672244929627373811e+00
6.017070686158575654e+00
6.195237528424479834e-01
1.550241501964516377e+00
3.804892213029205106e+00
4.845089761473848067e-01
1.027308316171215985e+00
3.739428711084747281e+00
6.869930394719713229e-01
5.622069207529575507e+00
9.427546567005296030e-01
1.096949398165301126e+00
1.328150319182093364e+00
3.261754272318134196e-01
7.390725307853631687e-01
2.304198147300180466e+00
2.095042365897498371e+00
3.672676673565639094e-01
3.329376751015001634e+00
5.762533710094164263e+00
2.175305129701979645e+00
6.131776520385343154e+00
5.457995890976297559e+00
4.769151782810422957e-01
2.828437099990663395e+00
1.267154662678831922e+00
4.675862339348640928e-01
4.011614321298440089e-01
3.881417720901437218e-01
3.924656324595350299e-01
4.681895324629957722e-01
6.076631914810511681e+00
9.088641175155506291e-01
6.492727715105881536e-01
5.530602787219085492e-01
9.364132192224762230e-01
3.917931779425040673e-01
1.181335912504126284e+00
9.741231355643531487e-01
8.154879743417565718e-01
5.433853537600779937e+00
3.571568105275690908e-01
2.838564496163251238e+00
3.521662521964093351e+00
5.612264959453093560e+00
9.737404922001278607e+00
6.087653392910863381e-01
2.556348390038893470e+00
9.033272133288843264e-01
1.024643568841718366e+00
3.839144743286959649e-01
4.350334034467207900e+00
8.381481288871567514e+00
1.500682423235908391e+00
2.116424386887098663e+00
6.132625775812459157e-01
4.752989791503680062e-01
3.340943485217052755e-01
8.475500389259219558e-01
2.799312435457022907e+00
6.096810534799175230e-01
8.844599131350349142e-01
7.900457569409542469e-01
3.766821848507171389e-01
5.658889206534345462e-01
2.733211698776094156e+00
1.323883635726443186e+00
3.606079854885907987e-01
3.265728020511843521e+00
1.000431036191443024e+00
1.555774288018589635e+00
4.917814389528626928e-01
2.370660017254053731e+00
5.856707625264789829e-01
1.564603138494790491e+00
5.059650625721491046e+00
2.637122552974979772e+00
4.374509902413249662e+00
1.075845119854256904e+00
1.555603337248425477e+00
3.873330567274784753e-01
1.498209141661562160e+00
2.306409415199249580e+00
3.938755016676047660e-01
1.499839631460166745e+00
7.451926959411578899e+00
8.006282825345676368e-01
3.402074242283566363e+00
5.554400288080664216e-01
5.443283500960810484e-01
3.917902948735090707e+00
4.689912956131359056e-01
9.374455780956387763e-01
1.357823147923234552e+00
6.723895920088747147e+00
2.888781888131019659e+00
1.663909145653297950e+00
1.509903083173971039e+00
6.922584111194352019e+00
8.584029857730338664e-01
5.732716956757735183e-01
3.553410579637638733e+00
3.218413411523053935e-01
2.835060913080714506e+00
1.022160067836220820e+00
1.236740766430263649e+00
8.180717138938220501e-01
8.725096888433385711e-01
4.532988080405327969e-01
4.151578538373424387e-01
1.009323804395422686e+00
3.327576852284690023e+00
4.489411591953070158e+00
1.755927919804744386e+00
2.588376718741977722e+00
1.594813129039391875e+00
4.155144475862104780e-01
1.411224453113227861e+00
3.899444330720021057e-01
1.804119481962629168e+00
7.315548558659009659e-01
1.523849325007029520e+00
1.476757633681125448e+00
4.285192703564505989e-01
2.202092782683658712e+00
8.595871482392078988e-01
6.393306740752730200e+00
1.918056306489509089e+00
3.775158871525485793e+00
5.452372229830286798e+00
2.211221831369710955e+00
7.968617109642822660e-01
2.053857936355962810e+00
2.614518627542271378e+00
5.240589700550148500e+00
2.045069407605516698e+00
6.809980393788325204e-01
1.321349107597023398e+00
4.040995861204193518e-01
1.585890370532111460e+00
2.628274765356592546e+00
4.810396512828640780e-01
5.234422627575153752e-01
1.125128172291204320e+00
1.285353919147354640e+00
5.067609745911119568e+00
3.773740012771424457e+00
1.428945839414131669e+00
2.614751762671221336e+00
1.524075332428786123e+00
2.563667909677668444e+00
3.834400527216271115e+00
2.940245784218190828e+00
7.454085552280401705e-01
4.973037647477613898e-01
4.389399294620535130e+00
2.863302721149188823e+00
4.085446432066525690e-01
9.165324551725283486e-01
6.251162414808090206e-01
4.410874012364564001e-01
6.322231773865027993e-01
3.842659277276067042e-01
8.286504212787580315e+00
8.947223753594319984e-01
3.495088522622646465e+00
8.202413386532718675e-01
1.310434938815034478e+00
1.330964013257924128e+00
1.363199863565921266e+00
6.966788151176978028e-01
9.638445137229169069e-01
4.412534656122636401e-01
2.185039899010845943e+00
4.268430354183193609e-01
6.287669329241604155e-01
2.367005351967092164e+00
3.465477314429366018e-01
2.604581645897384945e+00
3.389869521800680241e-01
7.491520435261603827e-01
4.717533739999924536e-01
7.481106326050290356e+00
8.403609659021846756e-01
6.087074221592004841e-01
6.835693628125005805e-01
1.290299878246607745e+00
6.292106784387166307e+00
2.394953583158341726e+00
4.987669014090824193e-01
3.218413411523053935e-01
4.568173089945121723e-01
6.932434888283908192e-01
3.712713507227307086e-01
3.429590744542324821e+00
5.378849662130856801e-01
6.657205159620240842e-01
2.954181812981273580e+00
4.953984546940571332e-01
3.597471046140963580e+00
7.297586353385423497e-01
1.275749946384195699e+00
3.324724333631062123e+00
3.755386407502491197e-01
3.649123724026307469e-01
2.243134143637038225e+00
4.368560222219213252e+00
7.569576559879405142e-01
4.512265350374421446e-01
3.788302203879184149e-01
1.404547977734059261e+00
1.109805499599550771e+00
4.424424316711034422e+00
2.571676894816480097e+00
9.294880273778517443e-01
1.489380600109482700e+00
6.039866662928250474e-01
1.175018492770412815e+00
4.941455982871524100e+00
3.711015114592938202e-01
1.817497347880853154e+00
3.183161669798780569e+00
5.991736150119991500e+00
1.106708742166401693e+00
4.111553722705839631e-01
3.296447186489511183e-01
7.303887024050193411e+00
7.813899658053927721e-01
7.266757523302042054e-01
7.677741234527278857e-01
2.134604497670230305e+00
5.277118947681987970e-01
2.102056923046601966e+00
6.500249891280609482e+00
2.206047363262611860e+00
2.430815298180129869e+00
9.260584531329586255e+00
1.736045628698829058e+00
2.348405246854808670e+00
2.819171693297377601e+00
4.007401120993595356e+00
4.772605839423039065e+00
4.434889646083922110e-01
2.454642711220007545e+00
4.110483977101436759e-01
1.486647144698910683e+00
3.218413411523053935e-01
3.539859449200765340e+00
9.158070599972678583e-01
1.129848839292668661e+00
5.917354270047813225e-01
2.249240572633149249e+00
1.475354222954788463e+00
1.717332263624144151e+00
1.554817054346854910e+00
7.685250786080264351e-01
8.465489050081702160e+00
7.230618243690532410e+00
9.280548844288410981e-01
5.180673907677988410e+00
5.267124190366816450e-01
5.482359607865125994e+00
6.705965752928887413e-01
3.363239087274338956e-01
9.286624881998716274e-01
3.347755151586145339e-01
4.126370862628236380e-01
4.009860754811475303e+00
6.286741963305070291e-01
1.427857184275372449e+00
6.817832118150360943e-01
3.337193827033445359e+00
3.556203122348775003e-01
1.296900015363469327e+00
5.117535905727667034e-01
1.875990239039350360e+00
8.137089521820185523e-01
5.630273140567176871e-01
3.839860985308865549e-01
9.604293007358289946e-01
3.649125331943550155e-01
1.316055173543072332e+00
3.296109685857661620e-01
2.003355609631412459e+00
8.346131205487079541e-01
7.786006673317283910e-01
1.596606752136105811e+00
1.561242959406932362e+00
2.340412112321853311e+00
7.142334479633408506e+00
3.863475646904222849e+00
2.602872931156835712e+00
1.906313901577614045e+00
4.626821390206075080e-01
4.772796851597159495e+00
5.426458715748794237e-01
3.927199631306824146e-01
5.035193559789529205e-01
1.290270880230444339e+00
3.789595230191195263e+00
2.289960610011854580e+00
6.612830640245579872e+00
4.884176773980312691e-01
5.443744114804617062e+00
4.818143434812148240e-01
3.087865131169834410e+00
3.457912268133160327e-01
6.084997646710225361e+00
2.059484325897284140e+00
4.082306481532370634e-01
1.098170251331722636e+00
1.037993368070935452e+00
8.060446255106484159e+00
1.739919182190944325e+00
1.305106159953745681e+00
9.719381403601026204e-01
2.739019875682503269e+00
4.823098266940991863e+00
4.986787297935699192e-01
7.518722266627203554e-01
6.736265684664061837e+00
1.521430248701200361e+00
9.027283589717418621e-01
7.696323974937516743e-01
4.434453312680610715e-01
4.370085537398478159e-01
1.985368207659218953e+00
7.525877551422344158e-01
2.282141416794738475e+00
5.936253081773759988e+00
1.350747424601098201e+00
7.537789180845144710e-01
4.699928659537281339e-01
2.448905637202946739e+00
3.646816771944594748e+00
2.497141026767528249e+00
2.041873431925569804e+00
8.470850908126402734e-01
3.278605754561366936e+00
8.835299216434437941e-01
8.355328641868681183e-01
3.517844800495328883e-01
1.468794536045404664e+00
3.063738326603362871e+00
3.339019015445274352e+00
6.565018695286438444e+00
3.009661203951678576e+00
7.638443164627629622e-01
3.365660056151456025e-01
1.277393154061751357e+00
9.062743481185913108e-01
7.361158856486346158e-01
7.761633536086511853e-01
2.072173242857474396e+00
5.777555668399102506e-01
5.889174111029401582e-01
8.986514561763144782e-01
2.325179281274148302e+00
1.438880482190338705e+00
4.284053198667232554e-01
3.681580604015566305e-01
3.616868038549003295e+00
5.352401676869331659e+00
3.048386681077129623e+00
5.985996392455505966e-01
4.292489424812669929e-01
1.793619655725849471e+00
3.490765972875374157e+00
4.813288261056721806e-01
3.962070683257967185e-01
1.023884711491498400e+00
3.961044838149013203e-01
3.233048496813028194e+00
7.295159574731572283e-01
6.144931923017572517e-01
1.499205183206992364e+00
6.922637236109774328e-01
1.737109680015130886e+00
8.457116405665037195e-01
1.661008452602468877e+00
1.155129199916893779e+00
9.012065866114377100e-01
1.393937510621461762e+00
1.009925917075995772e+00
7.759511982799318197e+00
6.329279669314225920e+00
8.872644570540338949e-01
2.209017452590013253e+00
3.617904165472016764e-01
5.824894130299923312e+00
3.409590080566996306e+00
1.468713218560789846e+00
3.947363747720804117e+00
2.918559681940994022e+00
5.426429000087280574e-01
9.680836172186253474e-01
4.677246349065030451e+00
8.790708531534322745e+00
4.184927555179072667e-01
7.507150350090178392e+00
6.699328664741768247e-01
8.609301071356244561e-01
1.661532976984000376e+00
1.034350363276897555e+00
3.038533337688474223e+00
3.218413411523053935e-01
4.903301451750839979e-01
3.361144582368815303e+00
8.183845175445321196e-01
9.718268353157943906e-01
3.422699508630373089e+00
8.696384540733134827e+00
3.839189601254405781e-01
2.428868037444827266e+00
4.353652274254042331e-01
3.218413411523053935e-01
1.894108408087965101e+00
5.057502982766836075e-01
1.816330797645363537e+00
8.394082593653294566e+00
4.866732798562626527e+00
9.720686546260661753e-01
3.534010233264591960e+00
5.027986672219465270e+00
1.185187042041567329e+00
6.971090383170204241e-01
5.440266949548321129e+00
1.083027859178515406e+00
7.673009359214209013e-01
3.611998615729627993e+00
1.192021547040325702e+00
1.691959522236789581e+00
1.003801719614825005e+00
6.849281819817015560e+00
3.602898914156617227e+00
5.653903579008331404e-01
2.627334669562731317e+00
1.161154855933230534e+00
1.643987827170225291e+00
3.582350526595671769e-01
6.678727354039578623e-01
7.139953277930293218e-01
7.475107423766401915e+00
7.429566435986536543e-01
3.955931491706897174e-01
1.231189548657087185e+00
4.129349826902255494e-01
3.417526674019569555e+00
5.715091742861108770e+00
3.748923411358425106e+00
7.311123884869803469e+00
4.674285722452347080e+00
1.540916892381829051e+00
4.197289934153290991e-01
9.511945913837425159e-01
3.606424506851623746e-01
3.902272241406969489e+00
4.205493184549439212e-01
1.453715648931618087e+00
7.788236697263333230e-01
5.860818621796455297e-01
2.762451325709643690e+00
1.112444375009056463e+00
7.021278623994515744e-01
7.200556435250085041e-01
4.958676905849904726e-01
3.041278489500383930e+00
5.136682790875808369e-01
3.303497056101157292e-01
9.060090488553275145e-01
8.568102455919081040e-01
1.140683824509403532e+00
6.594005054643666597e+00
2.280423695396903483e+00
4.286970208385560976e-01
3.863778325394467750e+00
1.516910673477494864e+00
5.215347094383412374e-01
2.379213524852250572e+00
3.463871295601690825e+00
1.129830648433690632e+00
4.562716902571946065e-01
1.359172637893444779e+00
3.311627363689765291e-01
1.218524822994883516e+00
1.671975238931539431e+00
4.219440409456114982e-01
5.321173681404551825e-01
3.935967433096540624e+00
3.218413411523053935e-01
3.736488259188864181e+00
6.417474722897160255e+00
3.064358087507005557e+00
1.971160877716353621e+00
4.919933112667932984e-01
1.207470777565566866e+00
2.096794764384481979e+00
4.122078999548973721e-01
1.956419938802382630e+00
3.672524889194202391e+00
4.367253343463025850e+00
9.212555768568540415e+00
2.311119019421078224e+00
4.288159887462709818e+00
9.839555672932729369e-01
8.599941079501224328e-01
2.307110554590786400e+00
3.826025264383007829e-01
9.407982300600649106e-01
9.820936316622361772e-01
1.436311034754715443e+00
3.082696102419000717e+00
1.252939287187463613e+00
1.828055692481551420e+00
4.806995290442758195e-01
2.137978438261760594e+00
6.833747312818618802e-01
1.509471816627230067e+00
7.720341398298425695e+00
5.381336460382850628e-01
1.430511548052318727e+00
1.049419622108828332e+00
8.053107973816052700e-01
3.287309101652175158e+00
1.799573443343692958e+00
2.053314728813822487e+00
8.687905869507273948e+00
7.921637546494415538e-01
5.654573335570705517e+00
2.037046992554769620e+00
5.256811056137093985e-01
7.349591252454653612e-01
4.680097710164179969e-01
3.706392574321294209e+00
4.417471044103553068e-01
1.899432047156192960e+00
6.105609477656004369e-01
2.626392536741972261e+00
9.045165341372960466e-01
1.937319121767655306e+00
1.552618084916487229e+00
1.038415764175605105e+00
3.862424921935190825e-01
5.868620393574585092e-01
4.561823816237811080e+00
3.177877718646907823e+00
3.791710640506041341e-01
5.709359367474424740e-01
1.446119972947162990e+00
1.974459852658471570e+00
3.126370469692861143e+00
7.797080152546709275e-01
3.516405815813893110e+00
2.584595587446668841e+00
1.565318621426972090e+00
1.495731930658789510e+00
1.684826952238800413e+00
8.985411923295697489e-01
5.580516167428774210e+00
5.130513681672337345e-01
2.519323362907522679e+00
2.839791518469839904e+00
4.434595176289594654e-01
1.242461958799626620e+00
3.013857004495816394e+00
3.999632840350945129e-01
1.068998246958377196e+00
4.410766507216264953e-01
4.344484679208053812e+00
4.534279743564996745e-01
4.146254326884360464e-01
1.572903243935739770e+00
6.472274645504590973e-01
5.818849412948842170e-01
6.121565345669958136e-01
2.584782411562786208e+00
4.897651662067108447e+00
5.253555828656182314e-01
6.955955903268996821e+00
3.623923781695034041e+00
9.439317114439735867e-01
6.155771824105435996e-01
6.277359842313906535e-01
7.092344680115705291e-01
5.842463008796191515e-01
5.309398470312247653e-01
1.624530797620177935e+00
5.755839920394009823e+00
3.498015128950861641e+00
3.775454946837813353e+00
1.702302146842755048e+00
3.760263408601123292e+00
2.274738553356252080e+00
5.783760985948587230e-01
7.876230323672608336e+00
5.196003205729975427e-01
1.115589706324770614e+00
1.389509963261647885e+00
3.596191506291118167e-01
7.177635842286111956e-01
2.238416427488956195e+00
7.128845873183093929e-01
5.801876551996896225e-01
8.001251868318387528e-01
1.932173421145179537e+00
9.426136784711326433e-01
1.800544915082102460e+00
3.756879679662620819e-01
1.518598659306070742e+00
4.162739529456341292e-01
1.274768044577799575e+00
5.347046672361842390e+00
1.039268286562742061e+00
2.215946034003709819e+00
1.290182107180295912e+00
1.853658215625831440e+00
5.300753357206775540e-01
7.688928811771460481e-01
3.422801808084863229e+00
1.598501931470860615e+00
6.712000419440742327e+00
4.728927886481449683e+00
2.084629440076745777e+00
1.564256732069753131e+00
6.262363667835545433e-01
1.431388207037429083e+00
1.575008174008481587e+00
2.058441941387072482e+00
8.681321165731551437e-01
1.998967493222845393e+00
8.616355933625621244e-01
6.347470852336795089e-01
8.346305674067360236e-01
1.238136027698055530e+00
8.145437341910669593e-01
1.225705607389042884e+00
9.151985132433395620e-01
8.500954654496488683e-01
2.178525056885195710e+00
1.111012350629306811e+00
1.257253331029941412e+00
9.763702533172285314e+00
1.220360131691186734e+00
1.540777702208433686e+00
2.089598185993785329e+00
8.009874102692885467e-01
2.238846822695672145e+00
6.048650291436212800e-01
3.190275768454025496e+00
5.849032714313515235e+00
3.301286207928355143e+00
3.417906984655740388e+00
1.869335288785215043e+00
5.410431506054032003e-01
4.513803672212598705e+00
1.571823730569605226e+00
1.973689289144928027e+00
5.022900496167672646e-01
4.242258659795170028e-01
3.218413411523053935e-01
1.162385214099416864e+00
7.559921654345507225e-01
1.861779689039689378e+00
3.218413411523053935e-01
5.362331456500436522e-01
2.744962012750303160e+00
5.346121277206808964e-01
4.014476683930189083e+00
3.475876742057483759e-01
2.081428899738559934e+00
7.474045148408098305e-01
1.006488964644929540e+00
6.496926172934794907e-01
5.838589098814133127e-01
8.517673224319737280e-01
9.081150852796576745e-01
4.970588545331763308e-01
7.048889153337264402e-01
6.578661773428771120e-01
4.198136299144648476e+00
1.999507052572848886e+00
3.667054312927455317e+00
2.862484301648549945e+00
1.319119937474802384e+00
7.086892114992958680e-01
1.074540781915187981e+00
6.251194625326151888e-01
1.806907470888552414e+00
7.144937878800413422e+00
5.491066985554404312e+00
1.022835888931088677e+00
4.144368751913718452e-01
9.052777572330060751e-01
7.764324882424987750e-01
4.651827464326769301e-01
2.151930703013683832e+00
2.240987336242316275e+00
3.518294939924416775e-01
1.083596359975730339e+00
1.130334309835366202e+00
1.270493091709629985e+00
9.190741227340646358e-01
8.226752181304625156e-01
1.045466974427604834e+00
2.107798141262561487e+00
7.278578134065354810e+00
4.276766163222158745e+00
6.047333228563711138e+00
3.763114579055093056e+00
3.299585525862291036e+00
3.270136486450865299e-01
9.058515871722354618e+00
6.066235115409327472e-01
3.248841957182597717e-01
4.029725529819472851e-01
3.218413411523053935e-01
8.538246169047869927e+00
2.028354332630900370e+00
3.218413411523053935e-01
1.501875601195181709e+00
1.077353823507649411e+00
6.965922049251696002e+00
7.855487331490465408e+00
2.102193138010982842e+00
7.519362103608672188e-01
2.449915328954587412e+00
9.314418176738469057e+00
2.861138497261870306e+00
7.549020575293865498e-01
1.654471072712107027e+00
1.289935171634317257e+00
1.860073448737482149e+00
1.461912379227224612e+00
3.827854814523313220e-01
9.404088966174805053e-01
1.201462707434044486e+00
1.019597279264623291e+00
9.518627623679507543e-01
4.480681503474366778e+00
9.301187469519266449e-01
5.746131484297224423e-01
3.617851591374172671e-01
4.561038551392919693e+00
6.386927626638322364e-01
4.528193703068084663e-01
1.264946993321137025e+00
4.785371569914059764e-01
5.747323584555767084e+00
5.985927608874348493e-01
3.555137335640310425e+00
7.307786763366854732e-01
2.920064213399224951e+00
4.376453659275451047e-01
1.214518596595124178e+00
4.527160573101072782e-01
3.854524576431486160e-01
7.296080423632630207e+00
3.043111851048948768e+00
5.005878671280137304e-01
3.374748292422520834e-01
9.668260757068267708e+00
4.249619490745665806e-01
8.011472782608964893e-01
4.454661677006424014e-01
7.767649889794988383e+00
5.723302413709880909e+00
6.065789371485439396e-01
2.275361121048669499e+00
6.853086047819769711e-01
9.209284873895209333e-01
5.200753812998132330e-01
8.347708848162920248e-01
1.831655045006628901e+00
5.150281357687002348e+00
2.840342589358610947e+00
3.218413411523053935e-01
4.038649257252861169e+00
6.159550648217057001e-01
1.487017802115230269e+00
4.197543154508885932e-01
5.327396106684664234e-01
1.662753307013484116e+00
2.399226628951017126e+00
1.200122583503518081e+00
3.280340827020711281e-01
2.090921385154302925e+00
1.015096584410933422e+00
3.929788971749455850e+00
4.938839149644456139e-01
1.526123407245143504e+00
2.813505416214387544e+00
2.241190903292535452e+00
3.898434663973419645e-01
4.105953493280110056e-01
3.464583062766763089e+00
3.773435118293073209e+00
5.361221987171971293e+00
5.404853587738693843e-01
3.184855608528597060e+00
6.685769241639851757e-01
1.247459508254543437e+00
3.274344685275258904e-01
2.100486017749878975e+00
1.287095432408043028e+00
1.910065841170133005e+00
4.984172653505297701e-01
3.952506882459398407e-01
3.614225203587062563e-01
4.552008502790457101e+00
3.059942313850661399e+00
3.052942894969357113e+00
3.675238151667662212e+00
3.331635277083130120e+00
6.223977857751391340e+00
4.085239524614093787e-01
1.316116634518140094e+00
3.729392637836507762e-01
3.202563376120878047e+00
8.509943427357574697e-01
3.996304313905592598e-01
4.308825545147476066e-01
2.179817247119807622e+00
2.423755334647191617e+00
4.561863850124157072e-01
2.633296526343788191e+00
8.117613570630333175e-01
4.903536526381608307e-01
5.104853819588897057e-01
1.798352438864057268e+00
7.997496141742563402e+00
1.007896680965670200e+00
4.232224584750128860e-01
8.852634054313360812e-01
3.990734146801221405e-01
9.307829795750311996e-01
3.218413411523053935e-01
4.124843236404935332e-01
1.787752933655525789e+00
6.992445451978120952e-01
1.198946139440532743e+00
3.537528941264043159e-01
1.362809576483747342e+00
1.600990811105809986e+00
4.172758794297506402e-01
1.112802957968858308e+00
3.856976261850898480e-01
3.628709420986744316e-01
8.000790063059535218e-01
1.012422036393028080e+00
6.544220769576385877e+00
1.291294940940973079e+00
3.880860216176734157e-01
2.805106365104123700e+00
3.176196001024361060e+00
6.675899978928401257e-01
1.036433464433559104e+00
6.323942434244727018e-01
6.696043012509305115e-01
2.863326439593278039e+00
5.211794932963254023e-01
9.588033632452981792e+00
3.767441050702851069e-01
1.056686792833557487e+00
2.172678512849684829e+00
3.969937896917633546e-01
7.816198584948630401e-01
9.166369653676129658e-01
4.693420897233608891e+00
5.165779609110229265e-01
2.816421382366829373e+00
5.078156686988729573e-01
1.065513755114253280e+00
7.999098260584562858e-01
6.975467346117290024e-01
4.728960967619581512e-01
4.212542803298494398e+00
3.346947613731485305e+00
2.985135138995442805e+00
3.636884052417553637e+00
6.255561561633283141e+00
2.395326505900496894e+00
8.661162513205580282e+00
7.054362184125612112e-01
5.081495567744758191e-01
2.917552532344143579e+00
3.479685111506502615e+00
1.751978689858694205e+00
8.988578798352460097e-01
4.866936295829990544e-01
4.447308144047656397e-01
9.471586304487267238e-01
8.899362600794068490e-01
7.188467647384285009e+00
3.261056500342284004e+00
8.996140466300069916e-01
8.248978499390529961e+00
5.517084073039183467e-01
3.703666808632427032e-01
1.756329381264030154e+00
9.813049341301125494e-01
7.500595209670753993e-01
3.498455753446039762e-01
2.991590368721531501e+00
1.839892465122095810e+00
5.129664790272384423e+00
1.255081312426781226e+00
2.672721346866336667e+00
6.082657608906453239e-01
4.368676040753147194e-01
5.012717940333438982e+00
2.499365826893362730e+00
3.218413411523053935e-01
8.246625253128156974e-01
4.987708816689924718e-01
4.158234012180973549e-01
8.895267494781965434e-01
1.423798868486476410e+00
1.435682205398024047e+00
5.369244675293180613e+00
3.283062736363483669e+00
5.074289592236725710e+00
2.373240939840130626e+00
8.382578781392379108e-01
9.729265776572240121e-01
6.823695492419328268e+00
3.311205131108644895e-01
7.950462160814826262e-01
8.895887596177604051e-01
2.406761463978735360e+00
6.052335921879945957e+00
8.931802661057355763e+00
3.486311077758209365e+00
2.034230958248239851e+00
4.033092761405159266e+00
3.680697706893689136e-01
5.318182414337654373e-01
1.500649791133785271e+00
3.407469804977983907e-01
5.579748306768868016e-01
5.232989584580953757e-01
2.106741989115129776e+00
3.630182222083641053e-01
3.218413411523053935e-01
4.198107949566982633e-01
6.138693586141165781e+00
2.383722907935822644e+00
2.181633611950595686e+00
9.193765770765168766e-01
7.665768032030562118e-01
5.052784977009409095e-01
8.981967537852696415e-01
2.186145366871285134e+00
6.827385562987764445e-01
1.016390879687916859e+00
3.376700987402781795e+00
6.983846554624701941e-01
7.534624060408517954e-01
1.704582164940541045e+00
9.354619936795527391e-01
1.628800364178380589e+00
1.534912990140249844e+00
4.161975532277952361e+00
2.900428849891728333e+00
8.342582850444514975e+00
4.992008145716966272e-01
9.515066216346705907e-01
2.259308910586092622e+00
1.505888336433309549e+00
1.283043636370309049e+00
9.044650081961606025e-01
7.736267378907974113e+00
9.058874944019310593e-01
1.339281488619525673e+00
1.599529737327981094e+00
7.436483417324016187e+00
2.361774502713941182e+00
5.718158486018878328e-01
5.567173073278516071e+00
4.993036105419247361e-01
6.343452205313934833e+00
7.656348536091170942e-01
2.244494563136981036e+00
3.080038538865260023e+00
8.828635899016271660e-01
4.101048942117029306e-01
7.713470293365694452e+00
3.964509506170985631e+00
7.567027039075515660e-01
2.916411571455891583e+00
6.560783231201905430e-01
1.712887810009666723e+00
6.354475453150266517e+00
1.189989340794751271e+00
3.331400341969291135e-01
5.105802878514013043e-01
1.930376055345342179e+00
4.378637762546599976e-01
1.438244303939334001e+00
1.272264343502004680e+00
2.952834358347017574e+00
2.456740927266181540e+00
4.207412360166300491e-01
8.149986286942844771e+00
3.553232011570182647e-01
7.893013114120815965e-01
3.740713848249348938e+00
5.856369634809118097e+00
6.696610562747078443e-01
5.586644501197699508e-01
3.380594983141538279e+00
4.242779933722677921e-01
4.862174889936240474e-01
1.530853288785198441e+00
3.433187717911623693e+00
4.778225301832480731e+00
4.124978496515360860e+00
5.326867660211173083e-01
1.077067875419696730e+00
3.525393294075437112e+00
8.581470969156299589e+00
2.391909820385090146e+00
3.699079622105798659e-01
8.269731684662952054e-01
3.467678297942319521e+00
3.225262305272116325e+00
4.489264174006739605e-01
6.045280424226217031e-01
2.520329885115781376e+00
1.552383564965105434e+00
4.370322794583107573e+00
2.234586596726849006e+00
6.972305339411891900e+00
3.817687927433274009e+00
2.206043618295046915e+00
7.328873381057644520e-01
4.175987299719423618e-01
1.403348789503733318e+00
1.206686389911369117e+00
6.040569411593955662e-01
7.583248932908419615e-01
3.243714783380383104e-01
1.401479696997693702e+00
3.794587833628241924e+00
1.465215600924275385e+00
3.447249159236195348e-01
4.658017078958722301e+00
6.056848123603552070e-01
7.494062621698015514e-01
2.655914591922467594e+00
2.175737280195402690e+00
4.714995642167911782e+00
1.366706367732076988e+00
2.031197690178354609e+00
5.518242906160348404e+00
5.286984475487468416e-01
4.046554982219051078e-01
3.892206770553629180e+00
7.544157143294697443e-01
8.580561170752760702e-01
5.934304051020658832e+00
4.393425789917979607e+00
5.565249179672941970e-01
3.229257192990414360e+00
3.333519398981755755e-01
5.832044247399927883e-01
5.987304674974813778e+00
5.478489580108528934e+00
7.057044060951966902e-01
3.552895157830248785e+00
8.467572819133362128e-01
9.430038371262782215e-01
1.161420161803513151e+00
8.695369320533492541e+00
6.629138059822519136e-01
3.634794887941084518e+00
3.532412761239646759e+00
9.667313335387653916e-01
6.433257757286834355e+00
9.955665434864261476e-01
2.171017296768859239e+00
4.694165446384040763e+00
4.929383467507249428e+00
2.073939497400562715e+00
2.993551257248278752e+00
1.567355769488057327e+00
8.284190346066773181e-01
3.481192487721839757e-01
3.852374514603477129e-01
4.554435340743992811e+00
2.788287254431391471e+00
1.058242747350019997e+00
3.790737608630794231e-01
9.259124450061138045e-01
6.447861010083020261e+00
7.507435335137023102e+00
2.488776636416254018e+00
6.132172376381952006e+00
3.158329678500769067e+00
6.006302169635683086e+00
8.887923803081846374e-01
2.760519951262947469e+00
8.980000338234697121e-01
1.042036550912432746e+00
5.816371544033897001e-01
5.372928273291367463e-01
3.800142005757969343e-01
5.005602250567562361e-01
6.065906953909075972e-01
5.049739657811230797e-01
3.917685915462623125e+00
2.199370083713052981e+00
9.444066748118340460e-01
6.372143760431950854e-01
3.218413411523053935e-01
1.306659750280631416e+00
3.907565899626465722e+00
3.195906417612783379e+00
1.554581126132831281e+00
2.610980733478251548e+00
4.345151995320922111e+00
4.701158875587513886e-01
1.387114379785441054e+00
9.444781675924690534e-01
5.266400364135699341e+00
3.591600066902342014e+00
2.242065530754979719e+00
4.089889069447584236e-01
9.030401626681102911e+00
1.872024451562426695e+00
1.533019632792220532e+00
7.013844782332305794e-01
7.868637053240302492e+00
5.249955162282190280e+00
1.986692378995506436e+00
8.117040406162713495e+00
1.258082365281222526e+00
2.036134194803167041e+00
6.675442457884569469e-01
5.268648428687830787e+00
1.181572990000490764e+00
1.400624171400492557e+00
6.791520542831347429e-01
1.560261832242256341e+00
2.881580044501014903e+00
4.710363579151380931e-01
1.033106575558514040e+00
9.099632275941200277e+00
4.060577630121705583e-01
3.792704356465974591e-01
1.135321692630108847e+00
3.711239229894206515e-01
4.194402380394969931e+00
1.029645909615536592e+00
4.812316119816580362e-01
6.375151024763905383e-01
9.762729075830793857e-01
1.104254706296834199e+00
5.761734986378602708e-01
1.120354872280791669e+00
1.241544537829607275e+00
8.723041768795628315e+00
2.806143813520396435e+00
3.218413411523053935e-01
3.285356213204299269e+00
6.440172874439440420e+00
9.737848492842474668e-01
1.693766007659052830e+00
5.648846680698682565e-01
7.169760738076761397e-01
3.143370479253037697e+00
7.738862880106800457e-01
9.460186068119353919e-01
7.948791601004123741e-01
1.673487015385421106e+00
3.299149322729723721e+00
1.330387344310335562e+00
1.098392271730380454e+00
1.110062869423772192e+00
1.372492818517256019e+00
3.586153138913873439e-01
1.256225648815855411e+00
6.332008745950714612e-01
3.739709579275507512e+00
8.976970478292091160e-01
1.500098480849544558e+00
3.218413411523053935e-01
6.386597205548303791e+00
8.896218787987313803e+00
5.509488270146992051e+00
1.546713297240108531e+00
2.169468359524513001e+00
2.123073192463399650e+00
4.273449042712537782e+00
1.013169702154914198e+00
3.529437212583625971e+00
8.488982397829345494e-01
5.253415028481065452e-01
3.170377411636785325e+00
8.811972544973049049e-01
1.508793000214232682e+00
2.208526420406245361e+00
1.021887250576964723e+00
8.026074624283041636e-01
1.168100308534700593e+00
9.063006043518890831e-01
1.821844048252583947e+00
1.241745526080000106e+00
3.119980115916864083e+00
5.369078253385105803e+00
8.508867541273354984e-01
3.624962145979111483e-01
5.233614524085728803e+00
7.874568473184957451e-01
2.054684558630931246e+00
2.870550854507369909e+00
8.503255571347853037e-01
4.519178635675845657e-01
1.001107137565171001e+00
9.355294822513704478e-01
6.026156604953634144e-01
4.450030895287045429e-01
5.409520099979202357e+00
2.976167492085092903e+00
2.051830744371085924e+00
6.354437751339298002e-01
2.091327328936318786e+00
1.086798587563256868e+00
3.272206055967020744e-01
2.259018228801283446e+00
2.052766455919617261e+00
3.243940368959483678e-01
6.109933695367607553e-01
5.107585703142064837e+00
3.336551842615468999e+00
5.066685979094999182e-01
1.970868164726608196e+00
5.891873425567536460e-01
2.952072014174397463e+00
1.245260320577153745e+00
3.219832095431685581e-01
5.674683385527721224e-01
4.148835857155542262e-01
5.647056040309400338e+00
1.089199064346588974e+00
6.757573374456351534e-01
1.409387084539553969e+00
2.911391791147411201e+00
2.996445926679714766e+00
1.020225436435555855e+00
3.218413411523053935e-01
5.780841033336421297e+00
9.239272946900239925e-01
8.431698320588943973e-01
1.757920615517286844e+00
3.677660785166386948e+00
2.648334930756446770e+00
1.186253957511725687e+00
1.365186932473088088e+00
1.651706005931097287e+00
7.013986425330517527e+00
5.485292543540480903e-01
5.611388787247533205e-01
6.402650000010191578e-01
4.165061929027477072e-01
3.405740551772638458e+00
3.260257884193676348e-01
1.377207607018277491e+00
7.372806960051597747e-01
5.126893253151950880e+00
6.333941995146586956e-01
9.569966922227605366e+00
1.534825360704513475e+00
1.198486301094982220e+00
5.155025774164465613e-01
5.419783002879571265e-01
8.199729532380904962e-01
1.437923260426496652e+00
4.032293022258090498e-01
3.858358336192602711e-01
6.679802756451442391e+00
1.485326715470240311e+00
9.038059640948787887e-01
1.052573062207736498e+00
4.999082646452817635e-01
3.854340685056250049e-01
1.828283136447777402e+00
2.125600223105766240e+00
4.177741126167640928e+00
3.050450566698193811e+00
1.257173898423198377e+00
7.136847436316084092e+00
3.496227292924614538e+00
5.753952754687425397e+00
5.489822904993236996e+00
4.566074581017027234e-01
5.055116379841440022e+00
1.227749639171954454e+00
1.381657619813098758e+00
6.062369443733560681e-01
1.093443662066358124e+00
2.420073250978171053e+00
1.140666482232833623e+00
4.098546583639502972e-01
1.892509144192513704e+00
3.418176750360445215e+00
4.210068138133372107e-01
7.909952851016892605e-01
3.331288861028915527e+00
8.401105804625091933e-01
4.046967115795048642e+00
8.538802306743842330e-01
7.356990257483292384e-01
2.541107602285070932e+00
4.674371178695753692e-01
1.874622711492002880e+00
5.502546928450763986e+00
3.676840268370942244e+00
2.537399607538355362e+00
3.218413411523053935e-01
5.032454172876280607e-01
5.675996685192971070e-01
4.636011210771355806e+00
7.893795495424841269e-01
1.271712150644648931e+00
8.347652250363174486e-01
8.913735812692630267e-01
1.245808317447400171e+00
1.392973706868058326e+00
1.273530881723875297e+00
5.441892573072652617e+00
7.992571771754131582e+00
1.591438572811070706e+00
2.052479068754038849e+00
3.331847532561767466e-01
1.353730250765847742e+00
3.588003962784444556e-01
7.514088479816239952e-01
8.027331622466626904e-01
4.921000899110778093e+00
9.825086618434399455e+00
2.456618161207666073e+00
8.395452000717664731e-01
4.429333980957089523e+00
5.567156296254147652e-01
1.458034252786892138e+00
1.505903600712522605e+00
9.042666357300261026e+00
5.006335107624587444e+00
6.879799656143879893e+00
3.477584833498459371e-01
3.897302264919610959e-01
6.498307516452317412e-01
8.322803180095661446e+00
2.746624497068952842e+00
8.951614658894751386e+00
3.639940676698194100e+00
5.506222540900699292e-01
4.338947177820778656e+00
5.491736658357816436e-01
6.597324128377371366e+00
7.512788695514212023e-01
8.272128218529345434e-01
2.729624124739443047e+00
1.083676404725337106e+00
7.460452186636755689e-01
6.034864363788934316e-01
4.269605276577112529e-01
1.163370295929893938e+00
5.735556664938031846e-01
4.454620070583361624e+00
4.343784455922198862e-01
6.200674851437651958e-01
2.861810046543397323e+00
4.665187711265938453e-01
4.075083320334708326e+00
2.899738646554982591e+00
5.604556230312214282e-01
5.629720543921629350e+00
9.373276652770852202e-01
3.342365855869851021e+00
4.032038179335055261e+00
6.578877120767442355e-01
8.656049831316539045e-01
1.768454246826797860e+00
5.594177173881695886e-01
2.427394415834558394e+00
2.777248347962813391e+00
3.740364171978494134e-01
8.138166102672725888e-01
2.445293918320056381e+00
7.397167024188484596e-01
7.055362765734443098e-01
1.695848223706385660e+00
1.477329380390652425e+00
5.429205288691666409e-01
2.480298492375435870e+00
6.673735628404143583e+00
4.860347094853043060e-01
5.104036483805242108e-01
5.952447977117115707e-01
6.049161017000611373e+00
2.399518587616875642e+00
1.063715545661837014e+00
7.539840043965102545e-01
5.456495946824215793e-01
2.610785410433316578e+00
3.731815283144168216e+00
2.193270442407516896e+00
4.924491358158196719e-01
4.369730641546166972e+00
1.378313651042526455e+00
3.219024974453607246e+00
3.269265377631760394e-01
5.717627103106758257e-01
7.201205433940767620e+00
2.375326720319016260e+00
5.859813620851316296e-01
2.364199755944289105e+00
1.013084926037586042e+00
5.966708000229638209e+00
1.956052698060642303e+00
3.493869053585662243e+00
7.378119275704673186e-01
9.533409268808374915e-01
3.238047060865613336e+00
7.880269456686598062e+00
6.541898084358211962e-01
1.654420001381431415e+00
4.251706511467671312e+00
4.599125401098400623e-01
2.364791221529647380e+00
5.453176182742048850e-01
1.336305190501279494e+00
4.576037221469012040e-01
4.250562353156014161e+00
1.179229853116271487e+00
4.828111696475153591e-01
2.206460498927174996e+00
8.065771131748832090e+00
4.799734384746564553e-01
7.194433435600158244e-01
9.097646575727441842e+00
7.467575595581393832e-01
1.057994628478374777e+00
1.225960759404306488e+00
5.563885113737794263e+00
5.766996390461339717e-01
8.466508471417451887e+00
7.248799812132333820e-01
1.621730901610263897e+00
3.206139418269670749e+00
7.573717114819947804e-01
2.413301961360223569e+00
6.610705172316924116e-01
3.130588323134710471e+00
2.007012636818842566e+00
8.698574232988947941e+00
1.934145314971082108e+00
2.555045659877687836e+00
4.935868106654358378e+00
2.216514280086081534e+00
5.603451259949649987e+00
3.270528759235975524e+00
4.129221233119678702e-01
1.370270387117949351e+00
1.929627018869070953e+00
2.783797067383764645e+00
5.927292603959506856e+00
7.089633821826627491e-01
5.476468671366261809e+00
2.811635478921016063e+00
1.249135939329366618e+00
6.643615113004439632e-01
5.843346201133274853e-01
7.003288920957367658e+00
4.316278640131432809e+00
2.580211918700253459e+00
3.319698587995924655e+00
4.650468460510274404e+00
1.715017424513780142e+00
9.581063739360665688e-01
4.500569156318465214e-01
1.770938046334558758e+00
4.172050320189551798e+00
3.218413411523053935e-01
3.914395483777612927e+00
5.135338036597765221e-01
3.396542928213167389e+00
1.284789912008809099e+00
9.211203870066153598e-01
3.924997161656023970e+00
7.559841461512138983e-01
2.003255340239589621e+00
8.975316061532961909e-01
1.804140925970383336e+00
5.096046687553777987e-01
2.740531502956316867e+00
2.926045544658403497e+00
2.320720146191223243e+00
4.108695368145978133e-01
4.554390363767823580e+00
9.019719135882509065e-01
3.088511616483696987e+00
3.333440360368092881e-01
6.405784253396217265e-01
3.381590216736213961e+00
7.616743163268823835e+00
7.943545998602226987e+00
1.323497575637045509e+00
5.007666030105123456e-01
1.455818081020802568e+00
1.256217690949582577e+00
3.287201009186084821e-01
5.742352044762311536e+00
4.830144146189087051e-01
9.730508845800220907e-01
3.774552813880744928e-01
1.854587716404878739e+00
1.760335865172086844e+00
5.095286389589478437e-01
6.118600716547317298e+00
5.796629505894548284e-01
7.762432084910587449e+00
9.099781700450262356e-01
5.072220127822787639e+00
5.773727679346197794e-01
8.777662021852112417e+00
4.981799349044409020e-01
1.913440775826401818e+00
2.513819623052893526e+00
3.521984125058760240e-01
7.468284352246440383e-01
7.112506243475275047e-01
4.131027758994645915e-01
1.165785243432223339e+00
6.281212216467833898e+00
2.724297415299783864e+00
3.800913215283192037e-01
9.299740114210038655e+00
1.082023638892391615e+00
6.708031215622691779e-01
3.590901998289910968e-01
9.678228497747050074e-01
1.543605572547954496e+00
3.994033508932790966e+00
3.172527518855474238e+00
4.982646131901738995e-01
4.957860371308820957e-01
2.442101105654704174e+00
3.286325956530170567e-01
4.895230367324452381e-01
5.104788950664410629e-01
6.812178564293972505e-01
1.339389155771468332e+00
3.093722060945525154e+00
3.410542281071745063e-01
5.452419933492135273e-01
4.164348192005923321e-01
2.384239209755735889e+00
3.086369261296721067e+00
5.190870449521098884e-01
1.009633269458501292e+00
5.284918905746802675e-01
5.207039615845522995e+00
3.218413411523053935e-01
8.619688506405369210e+00
4.122011426234535314e-01
6.115573429864985755e+00
1.128193792472319323e+00
9.140747411411146439e-01
1.030789484357547137e+00
3.401744808656134378e+00
8.402470153547712428e+00
1.265694351318504385e+00
1.255915748682654653e+00
3.426343365798176777e+00
6.455862279595545594e+00
3.924983298167201706e-01
7.471621073677900959e-01
2.718653923870329780e+00
8.885938345863136689e+00
9.812904742023966786e-01
2.223023101678229807e+00
6.718270410657801728e-01
3.976402727229171763e+00
3.385461705448164493e-01
3.851350458087920980e+00
1.693971735455518157e+00
7.307459612690122563e-01
7.220123798782154267e-01
6.051756135857073282e+00
6.695718288401408813e-01
5.136700442501251906e-01
5.288259185101038540e-01
1.147079421991104020e+00
7.804002433848392650e-01
3.941160259948079947e-01
2.371358944222564880e+00
1.233442601069760558e+00
5.011289450320116634e-01
4.539988733070480786e-01
5.813495877318604066e-01
6.332115108391783487e+00
1.556009863197246768e+00
7.542457701821284388e+00
1.420184920195155298e+00
5.357936556879610013e-01
4.696128182081616309e+00
9.621311482583349006e-01
9.489934596068998474e+00
8.271653404969672163e-01
4.794962366965647149e+00
1.684043761819303375e+00
2.627405695286370246e+00
1.975149629271841345e+00
4.742410364544968893e+00
3.331520671708608106e+00
3.000071062715485848e+00
5.028982355154798078e+00
5.750611407319894397e-01
5.287183605873140291e-01
2.207351242957335646e+00
2.587488026445904588e+00
1.786390702097961247e+00
2.003860300592621435e+00
9.175586721780299992e-01
1.391348213378227561e+00
1.151746250486689771e+00
3.336687362945847113e-01
3.057542572300776751e+00
7.162849148465742388e+00
3.218413411523053935e-01
9.569387962165074590e-01
3.218413411523053935e-01
7.271932832715888750e+00
1.353675951154078794e+00
3.908613108012113369e-01
1.846655684527341634e+00
1.044348900922134726e+00
9.802703499499161310e-01
8.896495676909562889e+00
1.126839566485795086e+00
4.592958414085391849e-01
9.158462247700374093e+00
2.121651957487600715e+00
8.168601091193643526e-01
3.676979179362253269e+00
3.331024147728462559e+00
6.104549945682393730e-01
2.801411159034878917e+00
4.248592704103016371e-01
4.869020431582606001e+00
3.356627707997626775e+00
9.143515034613154402e-01
3.701285893373906788e-01
9.263803296775012797e+00
5.991164320517963215e-01
4.033241930963848976e-01
3.635021595952760975e-01
1.782238677181515962e+00
3.180799483912529979e+00
5.666989651784209769e+00
1.357624491947857726e+00
7.611021894249204722e-01
3.830417286916687480e-01
2.623816218959190927e+00
3.506663626421839375e+00
3.460192995251372139e-01
1.295383038277300169e+00
1.169374497276161939e+00
3.049947531257545030e+00
1.859405976792033899e+00
7.365445040449657421e-01
1.717216097471836678e+00
1.230151886854637278e+00
8.891279865893995549e+00
8.854663359069526507e+00
8.696904977729429387e-01
5.365795735635209285e-01
3.490433030513487300e-01
5.943272767914318244e-01
1.046958847989986952e+00
3.800095366893863513e+00
5.266705691751736307e-01
4.930048943273117601e+00
2.758532814720519255e+00
8.555430252201224883e-01
4.314267858549671875e-01
5.995874323256710214e-01
3.940773538329288561e-01
2.239992586975273703e+00
6.274652384840059272e-01
7.574289803541941479e-01
1.065316889701013459e+00
4.644394575689430593e-01
4.224636992321151308e-01
7.051568639867414889e-01
2.516445217593467287e+00
2.129748729608478719e+00
3.016265936944718895e+00
1.630142243966419269e+00
5.116757648283399851e-01
7.955365633508348910e-01
1.170572195867161103e+00
9.149174672491906524e-01
6.167487229445584029e-01
5.291533816743825724e+00
7.630674012398516837e+00
6.886495373003009846e-01
3.863689804295492358e+00
5.871673483068399202e-01
1.395814909236509971e+00
1.315135385551372993e+00
4.261592360154007331e+00
4.383497035784527540e+00
6.134678439908896053e-01
9.517971445130027908e-01
1.714241975737871293e+00
2.115018759343282095e+00
1.088762679997310467e+00
1.170979162151662090e+00
3.422378973453376050e-01
6.544232462912961124e-01
7.020457275259572860e+00
5.211812452716340083e-01
3.430822159446750508e+00
4.221174438107391236e-01
1.029956065343070382e+00
9.744016272168833925e-01
9.245478243848384015e-01
8.398522250149015322e-01
6.038600918967084175e-01
9.307178020945567898e-01
3.823801807786945117e-01
7.880915505786088016e-01
6.170799938105189231e-01
3.232906039817273758e-01
5.102255661872482584e+00
1.034620783450278747e+00
6.114859878357651324e-01
4.530131130195570455e-01
3.504130537316749283e+00
2.285338895297110540e+00
1.153470597843332612e+00
7.658732523600578768e-01
2.895527968366550020e+00
5.317563060708971889e+00
9.951152147087262145e-01
8.291524084967830666e-01
4.665914765682533383e-01
1.116876829356899137e+00
1.106299193042725726e+00
2.473873709262501386e+00
4.825203906949196431e-01
3.233608838696321541e+00
3.774202190657892864e+00
5.934874349722291109e-01
8.589561457387775434e-01
1.744532377195467943e+00
4.717498970891266907e+00
5.357506152701664526e+00
1.694656539461049549e+00
4.709698494025768012e-01
6.489422459918504638e-01
4.333529766732265309e-01
1.520018748156308996e+00
8.752981210729370298e-01
1.026385787752873702e+00
2.508855961810070312e+00
2.036886922477942452e+00
1.353299402611243263e+00
4.313273004977355995e+00
3.827962500996750173e+00
1.280220491853813591e+00
5.139762681092387986e-01
3.436075376449572172e+00
1.125388171027678741e+00
7.377441972808662651e-01
1.304522435626218613e+00
6.362997932101804865e-01
3.011246413897506358e+00
1.200054749812180521e+00
6.439773627670561940e-01
5.681747029180936437e+00
2.829272500453249073e+00
9.423293559441896505e-01
3.777313442415838329e-01
5.413857398696603873e+00
1.485078399855148890e+00
3.548253922215049094e+00
1.287394738282570783e+00
4.132398671125537826e-01
8.817162065437534224e+00
3.982501441581546286e-01
5.267725085998085532e+00
1.394268175088353212e+00
5.616850358062069892e-01
1.069640475684237035e+00
2.140411230483003635e+00
4.770081404769389022e-01
5.413950695086494846e+00
1.458065562178041175e+00
4.455207213230730767e-01
4.446712963245371686e-01
3.276027124883295283e+00
1.994810011221516799e+00
4.294511716805994972e+00
3.029119952776390789e+00
2.380052606361820366e+00
8.648203931533129385e-01
9.359919258483104798e-01
4.171723856629935057e+00
2.192147549165093245e+00
5.720323969490971328e-01
4.162266897560590095e+00
8.557225063290703204e+00
4.551654485977611464e-01
1.084714067602629228e+00
7.308779060472453404e-01
2.445950450414763555e+00
3.280769222148860020e+00
4.742800086959532146e-01
8.829116810372987345e+00
7.647721536465081904e-01
2.062349985610582692e+00
4.283629834264717218e-01
3.399491987982060870e+00
1.061970854473428760e+00
1.137121043627014494e+00
2.585152138227559071e+00
1.257200748639795806e+00
6.544130091856985576e-01
6.779718891866837183e-01
1.985389756729533994e+00
7.495358438171716209e+00
8.783137187228884812e+00
5.282981194479139386e-01
1.452337400322365024e+00
4.557662608658997749e-01
3.439215206186044260e-01
1.588595147130834606e+00
5.962986473328033554e-01
4.015201628863837024e-01
6.461871327321311309e-01
1.821313022881526633e+00
6.461682546643596758e-01
1.146965361157380681e+00
5.803503396212981169e-01
7.585608012733951355e+00
8.971518901687699499e-01
5.773450875170844654e+00
2.253210203386343036e+00
7.747961036504352750e-01
3.585556979748067086e+00
4.892596382429332813e-01
1.649378142622837551e+00
4.874575179859356178e-01
3.563908649354626257e-01
3.940306439329524402e+00
9.330681476340471070e-01
2.867815001469968816e+00
3.481856678990696286e-01
3.933207343039781256e-01
4.335092746078854087e-01
3.301306539697517195e-01
2.849299221159158790e+00
3.192650799700549769e+00
1.320503167867171035e+00
8.594699173853804774e-01
3.149592084026175076e+00
6.123239465610391008e+00
3.850215208123987765e+00
3.258807904366092245e+00
7.475465039026939484e-01
2.557227913832123001e+00
5.098799699876679359e-01
5.981626978195491162e+00
1.737479368485026932e+00
3.105935584222076606e+00
3.711562706562777425e+00
3.444928147359369142e+00
1.642053470885121325e+00
8.292288147877433957e+00
1.525415560955170058e+00
3.261182943849265659e-01
1.073931523063921478e+00
1.152184850011739536e+00
2.973847443089677078e+00
9.213971696564785541e-01
6.339312445512489402e-01
1.585053267318015768e+00
2.089017762192328931e+00
8.942215574379714482e+00
4.857994944515813263e-01
5.028016635144938462e-01
6.625653377952789747e+00
1.339018019399780268e+00
1.399702454731936552e+00
3.141433472413078132e+00
7.138331037113041511e+00
1.049406854682932710e+00
1.959638530146205815e+00
5.809088575232780327e-01
4.846431687639588537e-01
5.181789015445906754e-01
1.257981022768817514e+00
4.383462293464670090e+00
1.534255383216368118e+00
1.014483031349595166e+00
3.223655412320221014e-01
1.641186538657121829e+00
9.250927283672678580e-01
7.171951439847839005e-01
1.066707728212867634e+00
2.372701149482767224e+00
1.002962782780430384e+00
4.545835056129460261e-01
6.058226956583901979e-01
6.573568668406154503e-01
6.348320733775466573e-01
9.486126178939259246e-01
5.405569122410014415e+00
5.957055559501283071e-01
2.709403573861834946e+00
2.262515782310165591e+00
2.048572870913973887e+00
1.890165740194302391e+00
2.085851679055047647e+00
4.685870345429722916e-01
2.191564687619453888e+00
8.504642422412815872e-01
5.614042855237617591e-01
7.413122282898108040e-01
4.765638565411473571e-01
4.699997089374421400e-01
4.652390290500452608e+00
4.024458374495603064e-01
4.830011728859405551e+00
6.639084948904631078e-01
3.218413411523053935e-01
5.574129113278153191e+00
1.090963031454498244e+00
6.014818675575934748e-01
3.623200969406247252e-01
1.356102124554702248e+00
1.530766349189266018e+00
7.375288459828079901e-01
2.106294483641879989e+00
2.478349721906482284e+00
1.265354623634870057e+00
4.909731687782112330e-01
9.290143828094629797e+00
1.805672530575665791e+00
4.474921936351749174e+00
4.206731556511184578e-01
4.578068806266379909e-01
6.431899709902174633e-01
1.240779440286976953e+00
8.919785537483451154e-01
2.133327048421801209e+00
8.023778857926942010e-01
2.119888382316943432e+00
5.216682249553622475e-01
7.727668016957726094e-01
3.944506953515420911e-01
1.514437369278354595e+00
1.015567453498845252e+00
6.005029072296765857e-01
7.168600666270688038e+00
6.732872946976025119e+00
5.117354270874439059e-01
4.788799405829639255e+00
7.327868389392543591e+00
2.724452037701660778e+00
7.593770607757649449e-01
5.771087085004951156e+00
1.209189406792303467e+00
4.360301973032635892e-01
3.886295391923429987e-01
1.604435048459194491e+00
9.686688488873119951e+00
3.494943114479574842e+00
1.122179022637727730e+00
3.093155118744009169e+00
7.970088698064407007e-01
1.946389581654368595e+00
7.628494442811152298e-01
3.894511504436129479e-01
4.731913449717118247e+00
1.456386865275601794e+00
6.785963182265162708e+00
1.046701342486495268e+00
5.135018302908906929e-01
1.344455534770585547e+00
2.246294285026064319e+00
5.549556719174187691e+00
9.083626616281473831e-01
3.960305540018184134e-01
3.300895748443750222e+00
3.709678324152165252e-01
3.678196774428486027e-01
2.038185582970182264e+00
3.880205007106778958e-01
6.853599692805618204e+00
2.360709450848656576e+00
4.811493008835638463e+00
2.589812170575960693e+00
3.800807635096609682e-01
8.436956120064932563e+00
2.332156581276382035e+00
3.386045248103146665e-01
3.300690477800870326e+00
5.113058201870043229e-01
6.211302345780902456e+00
4.291558968998614443e-01
2.415188698741442153e+00
1.796479512402595624e+00
5.870752449791587502e-01
1.589878669067249284e+00
1.066231030010375891e+00
9.868373182943925848e-01
2.529041874231864107e+00
1.848267810047623971e+00
8.641310466470175644e-01
3.365070979095217130e+00
7.665673311530163403e+00
1.274162533672142050e+00
1.321498480176907409e+00
3.181957909248447347e+00
1.357519500375824473e+00
4.993738360627871242e-01
8.818275732756695184e-01
5.298156851942700252e-01
7.335366163228356218e-01
4.821213987426357761e+00
5.083789849578549402e-01
4.620079740926321676e-01
3.615529279599595802e-01
4.479761824095064293e-01
4.174390352121092107e+00
7.401383066254442866e+00
3.406956393330342059e-01
4.035959769168133704e+00
1.622808656910802894e+00
3.770669862403845940e+00
3.412634194702454105e-01
3.206727475537044736e+00
3.930630029346974252e-01
2.866150261374565744e+00
7.555299958890516754e-01
4.468610941730328356e+00
3.418706166630733012e+00
3.701010274908493880e-01
1.038206794109258091e+00
1.508833246055976574e+00
1.016621957895694539e+00
1.415028773942444529e+00
1.406519690889990182e+00
3.186873309977165114e+00
4.809705768278425886e+00
3.233522171841421322e+00
6.008059269909575839e-01
5.490435483414960460e-01
3.920083756440007061e-01
1.550188520932481495e+00
2.502084183064560374e+00
1.227219057055467744e+00
3.721403545660811885e-01
1.074703243265598962e+00
1.550604624043396162e+00
3.045833749560155290e+00
1.152351160855047629e+00
3.051757073750293259e+00
1.190289089662197819e+00
3.014077081310824635e+00
7.349460853467357779e-01
3.041402848667128733e+00
3.431352640989862590e-01
1.629532316162232153e+00
1.074125273317046769e+00
2.789055778394208485e+00
4.421742652452615996e-01
3.207491633474033765e+00
2.018177381565694262e+00
9.169741560938587943e-01
2.166787524986609093e+00
3.882049838068260539e-01
1.401353388722783366e+00
4.189410858005366278e-01
5.841937069505585001e-01
6.809889235542050390e-01
6.998244176456963395e+00
6.096906722768217435e+00
2.074669485136501290e+00
5.696446189874370125e-01
2.346572767114852187e+00
3.610829019674187457e+00
2.852156989482491856e+00
9.229070413178502852e-01
4.940290071318520049e+00
4.146497949052480037e-01
1.192177441270616312e+00
2.347507619921130662e+00
1.107874327797836012e+00
9.989941010760671203e-01
1.613248692734843726e+00
4.191011382740362778e-01
4.131992924282116952e+00
4.006363237242925868e-01
1.091038734980361857e+00
5.555049110397668244e+00
9.223414036949147965e-01
5.276129324871387638e+00
3.218413411523053935e-01
7.653627484155502536e+00
1.022174255833047329e+00
1.239925379959682994e+00
1.916350263714575508e+00
2.981653541199587032e+00
1.298912618228578175e+00
2.285976656557372699e+00
6.050635008331740616e-01
3.119191708994862644e+00
5.935490299341816822e-01
1.057374712992121157e+00
1.340919900836996748e+00
6.474624687947085455e+00
1.006319891237136499e+00
5.698073707223511697e+00
2.206995753642774005e+00
4.808458797813421448e+00
3.111130601666780127e+00
4.715980815498883039e-01
5.860090587514446447e+00
9.605464064326925122e-01
7.724049590343811111e+00
1.086613599866661284e+00
3.248544692144073598e-01
1.739788569600163814e+00
8.151013747350621674e-01
4.324152904720542367e-01
3.170152544497230718e+00
3.460895542719567786e+00
6.592444919940144699e-01
1.526947538854965591e+00
9.493453835526212137e-01
1.078847296072602546e+00
3.919205790509836529e-01
1.924096885366034071e+00
2.102698117085936236e+00
1.299225401972408100e+00
6.067699739072852649e-01
3.777048808493892462e-01
2.038074592474555136e+00
1.941279511724371742e+00
7.482831599006565249e+00
5.979326554867430144e-01
4.135815530166793708e-01
3.950672701359350114e+00
2.775447668388175249e+00
5.271983136005011783e-01
2.495129775172097553e+00
1.037999009912963899e+00
7.585179121816434389e-01
5.035344492706684827e-01
6.776499564828190048e-01
1.355937175820594032e+00
6.507120774418899689e-01
3.748110161712458477e-01
9.071270001642947278e+00
2.223838709624330612e+00
5.318634865745694995e+00
3.452233026484046730e-01
2.718130633152080033e+00
1.788041346696069400e+00
1.312698093478650074e+00
2.088413564309872683e+00
9.621538956469919412e+00
2.594278404858964659e+00
7.835424268750037502e-01
7.276326988377392890e-01
1.205629047247576802e+00
7.608206268629175817e+00
5.235317733282661701e-01
5.727621369625964798e-01
7.945286859808207147e+00
3.249455088163580307e-01
4.875662159689982289e+00
5.178074654176969549e-01
3.928986215020430772e-01
4.977599819405049697e-01
7.748214432366681281e-01
8.832597140128812807e-01
8.167582944370792575e-01
6.887545695446609662e-01
3.801187632539531069e-01
9.217945298473033233e+00
2.180398673074829929e+00
9.308141997683415880e+00
8.904538584325845108e-01
1.144181070002107781e+00
4.038919777669210398e-01
1.165087108927159276e+00
7.308393054597083216e-01
3.752934926648078817e-01
1.124958247904900954e+00
1.363031202012570109e+00
1.189886347193865435e+00
1.220249130187703646e+00
4.496488626023859680e+00
3.661979333695083216e+00
9.094137362867668051e-01
2.809430474883710449e+00
1.107304232575062608e+00
3.501383861236289974e+00
4.268704222188440589e+00
6.224689727945807327e+00
1.158186043318134795e+00
1.940239461778461738e+00
2.201984316987827039e+00
1.242609673067391229e+00
8.122715299308735926e-01
7.607165738432249746e+00
6.083755029607502696e-01
6.601183597072259879e+00
6.540635579169310487e-01
3.509593578076291576e-01
2.560059413143926488e+00
3.659737289578843367e+00
5.996414240364808634e+00
3.402245454754651455e+00
7.361971699336642416e-01
1.131790858973049207e+00
8.393428852540919749e+00
1.845311099922311016e+00
1.302964965611628889e+00
6.037189964661258124e-01
3.513736326015883260e-01
8.452730150992920910e-01
7.492462680051792390e-01
9.146369899457177377e-01
1.836821046895658283e+00
6.066308326190058553e-01
1.573791216439544005e+00
4.603993065434771048e-01
2.964045769564656485e+00
7.242329138645366982e-01
2.452006484856344315e+00
2.974024371953076784e+00
9.758119484063030313e+00
7.412229731465449500e-01
5.833197525903421887e-01
1.713724549960661259e+00
1.621727999413845822e+00
5.440390947397739652e-01
1.061716102842396259e+00
3.293194122185950423e+00
7.096282262522096040e+00
7.975401097749397206e-01
5.911653114226510519e-01
3.330023619361316412e-01
1.107355266185922282e+00
2.547008928613537559e+00
6.082189422332181516e-01
1.184664419011581149e+00
6.165025235976397955e-01
5.638430232395987840e-01
9.453237994983511028e-01
1.600897788510554420e+00
3.087602871263035453e+00
9.618830509448592636e-01
5.631790359309621685e+00
6.112736954959492319e-01
9.586052347831843790e-01
2.591514496353679142e+00
3.870190895198855507e+00
1.852567962317733796e+00
5.462421611345461336e+00
2.076003996863459822e+00
1.847148825133403616e+00
9.713024179413686232e-01
9.572499236592076244e+00
2.321014626636913825e+00
7.890475734703392696e+00
1.904547830512522300e+00
6.042128878097888789e-01
2.294022217886310333e+00
4.083118614738502350e-01
6.162706203699084284e+00
8.611194902597086864e-01
8.230078639481731573e-01
2.676404942742256043e+00
1.447304827323691478e+00
1.448893592943622632e+00
8.900894016165133982e-01
2.999449038695123804e+00
9.484798125259954471e-01
1.721715640255541135e+00
7.860192576695776978e+00
1.676881914358861803e+00
1.020941359696264206e+00
3.629420922492545998e+00
7.962864729860706925e-01
3.218413411523053935e-01
5.876433995327566606e+00
4.471423538520760133e-01
7.906747501691483215e+00
1.674656316907313869e+00
9.213387261955904295e-01
7.660289422795572012e-01
6.397071498215459728e-01
2.324843897975969131e+00
1.215433951897208598e+00
7.391236062690926811e-01
6.798711498665298558e-01
1.585361002890037785e+00
9.110562833906223901e-01
3.517845225005505672e+00
5.537473694948324088e+00
5.364299569539375589e+00
8.395254620416900959e-01
7.625272906505156101e+00
4.797032671392210679e-01
2.377118780998337400e+00
4.606846922179431147e-01
8.908183709605239642e-01
5.448978601227710605e+00
1.106860893605349450e+00
1.751915887331164434e+00
3.473345914901898035e-01
3.218413411523053935e-01
3.765772983114420436e-01
5.587694920444413738e-01
2.222983258011649976e+00
6.422672011473662401e+00
1.007865224120785275e+00
4.706071082508985759e-01
7.986424911741917265e-01
1.022273418922628130e+00
6.600924481979671965e-01
8.920827757493557941e-01
9.287442907752295751e-01
1.119456429094526140e+00
7.207080493041686964e+00
7.968783290625446325e-01
3.599778893652897938e-01
4.385748819417753519e-01
6.114553142790929430e-01
7.338143687650704905e+00
2.113727362853405456e+00
8.804381205295129798e-01
1.444782964892100896e+00
8.574283799754659485e-01
2.669244330135478904e+00
5.454298648072384736e+00
1.319721387211420627e+00
4.208814883060068901e+00
1.013367112142516069e+00
1.065563805879411907e+00
2.085384665942414451e+00
2.169916852328586110e+00
2.384281281775691763e+00
2.360663430965320053e+00
1.053320248186603081e+00
1.098095729829493328e+00
3.865741085303912028e-01
9.691448218890852395e-01
1.915426277926168819e+00
3.937608298823626063e-01
1.863307281233626878e+00
5.165580222860971515e-01
7.563117007898977562e+00
1.162485751645377041e+00
1.113191015512562609e+00
6.895730844621644984e+00
6.359150858902801184e-01
5.273581762818402296e-01
4.362424514437752143e-01
1.356491269269821665e+00
6.890508193656510461e-01
3.747294489898185699e+00
1.062780053560742788e+00
3.218413411523053935e-01
5.013181917687347777e+00
4.382606695311701550e-01
1.296639101731668964e+00
1.603019350144603283e+00
8.459627859599848421e+00
4.081470762702090305e+00
4.723534268611878084e-01
1.035862242265247035e+00
7.399826799460580418e-01
6.555954243752684540e+00
8.613268536439522283e-01
5.783431250766742915e-01
7.857870513748074215e-01
5.902175964786766649e-01
1.048716231416802591e+00
5.674406399226766817e-01
7.922331673766329629e-01
5.273942015930380700e-01
3.646100749202066282e+00
1.593755001189139930e+00
2.682988777742584041e+00
2.106874142137228123e+00
1.760408737098874132e+00
1.515237525535316321e+00
4.090541125417151314e+00
7.886078728080905265e-01
3.561831774543341989e-01
1.515862007935809608e+00
7.472600024268298391e+00
8.314100683339388231e-01
9.745817566631580497e-01
2.813179854338417218e+00
3.539887678736081789e+00
6.340116958196111430e-01
8.119624439509315339e-01
2.334071516021840154e+00
5.198537688716559302e+00
2.724572039391484513e+00
7.421042032114550047e+00
1.214949277049278464e+00
6.071985204646095369e-01
4.718587350564222405e+00
3.415218229192377164e-01
1.054503576358486461e+00
1.147966721579244398e+00
1.213021777256164890e+00
2.253918821416885709e+00
1.451416853581276367e+00
5.421566406845260699e-01
2.149352876721461580e+00
8.945611624201761369e-01
1.072866998392816074e+00
6.015579745358821118e-01
5.367257900760037392e-01
1.606001559002469881e+00
1.029281771609365848e+00
5.059793731224603297e-01
5.004089703730723038e-01
3.490871366537033893e-01
1.644769185483088370e+00
1.853889502799035416e+00
3.771068581336672665e+00
6.426776188074442286e-01
5.996341239202057638e-01
1.105126887948036707e+00
4.804493792163254007e+00
2.443755078211533149e+00
6.200605350664977200e-01
6.932969397596424610e-01
6.570192590559821300e-01
8.907098532422276227e-01
7.595991799981532289e+00
1.052795150388852852e+00
1.588560000824260854e+00
2.865785384548897863e+00
3.253675270014257936e-01
5.393331708036038563e+00
1.952906986865099892e+00
3.694288475360020807e-01
5.197843502030911056e-01
2.028887640117568392e+00
5.530286357872875591e-01
1.205808663829132321e+00
4.524674977721803715e-01
1.044117888794455995e+00
8.174484333179817597e+00
8.697732588617416383e+00
1.903091392382503688e+00
3.841455150153086917e-01
3.762828711958318695e-01
2.158888264055059292e+00
7.158040904367675150e-01
7.933964547419797286e-01
1.042329247746308196e+00
4.170770202141707017e-01
6.647412825425885963e+00
1.859230014285561117e+00
5.809286619507819660e-01
4.926748694632524517e-01
1.572302480936029534e+00
7.439702995098387284e+00
2.264185400811731252e+00
1.326075916813597155e+00
1.433898834436687197e+00
2.418906358635731113e+00
1.146161925691260519e+00
2.803487885429197135e+00
1.718033291978398935e+00
7.237093764752811076e-01
4.851613854856303698e-01
5.948651464481026885e+00
6.660741930651452591e+00
1.982108408175982994e+00
5.139239811493872878e+00
6.884772264075533776e-01
1.026306950362737336e+00
7.396881666276908796e-01
4.366417293349122986e+00
8.409828912690755498e-01
1.165528551427793991e+00
4.406497598312669517e+00
3.800389573692211975e+00
2.593282839909813120e+00
7.259116023491963832e-01
3.708606696525964530e+00
1.424451097034487690e+00
1.856423939948117940e+00
8.462664282505432123e-01
3.667875480451497694e+00
7.327482577899210980e+00
1.755302536275169523e+00
1.051049890220702832e+00
6.946636996268807929e-01
2.275119556175836610e+00
5.375538278150643556e+00
3.906193135590322107e+00
2.207636945265217143e+00
8.599787678306740624e-01
3.881707834406655344e+00
3.307313331950358926e+00
3.935274059845618178e-01
4.977138392391505795e-01
3.801511578549050530e-01
4.990698369765097508e-01
2.199023631711547466e+00
3.796547129456073755e-01
2.098702030598250445e+00
2.600611043100215625e+00
6.102223883195546650e-01
8.842417758812187722e-01
8.897836115154115211e-01
5.970809136738816747e+00
5.305586415391337241e+00
1.227839187887191041e+00
8.763825661715634041e+00
4.078040978084023216e+00
5.447070981028765413e-01
4.224637586022486069e-01
7.831748357213681011e+00
8.209886732492837069e-01
2.102952915486782537e+00
4.850819830062878424e+00
1.801473768122604513e+00
5.128084313715003617e+00
1.377353178974519032e+00
3.676167769344127478e+00
7.834623795630719645e-01
3.978686584242286384e-01
1.685864373777099301e+00
5.968651594985581177e-01
2.545019320840886223e+00
1.237052409346072190e+00
3.371790307843056667e+00
3.371435844553844485e-01
6.245477672866750929e+00
1.661130664965614345e+00
3.648857226994025815e+00
1.090288160311091437e+00
3.218413411523053935e-01
3.754236435206233402e+00
8.536311209075144735e-01
5.225259632335184090e-01
7.501964111758855580e+00
4.639350876087094400e-01
7.598307241714956639e-01
8.048911163230811905e-01
2.060495734504429688e+00
2.480975986099037023e+00
4.650619153523896099e-01
3.782700635473384310e+00
1.172905187815712624e+00
3.459624261876818041e-01
9.976942918750635325e-01
1.186750272444586418e+00
9.908445316219057775e-01
6.721149108396605953e+00
5.392983142528451346e-01
4.186021663275267812e+00
6.559104725530456870e-01
7.197163885766937774e+00
1.058493091233651429e+00
7.425081902291022828e+00
4.421390495552922850e+00
2.674174179354324110e+00
7.173623621050468913e+00
2.896910450436611217e+00
8.149310602285423366e-01
3.566968567171916460e-01
7.440061872381066310e-01
2.792114739508170462e+00
7.361114947117664009e-01
9.495651153213714446e-01
2.211009601700216098e+00
2.790548669357152178e+00
1.108328545718741953e+00
2.345517390958754333e+00
4.003214697976584802e-01
6.419439586580570900e-01
1.014950255498075604e+00
7.056929418317482439e-01
7.102929103498877295e-01
7.528664054993328136e+00
2.011997898288064857e+00
5.996983492533393134e-01
4.171402246145981541e-01
7.669527650327744306e-01
9.388362262759997634e+00
6.306032514702113012e+00
7.375900793604790451e+00
3.218413411523053935e-01
4.715032439024773758e+00
1.775263736767239697e+00
3.459516818979914810e+00
6.041629741656317165e+00
7.624293934214552593e+00
1.314768069779298720e+00
1.447464635070834893e+00
4.808713082403763828e-01
5.974348665835959693e+00
4.735902327066991435e-01
2.604602686920250321e+00
5.551877243074005985e-01
1.999224233618837054e+00
8.724741581731695339e-01
9.375330353459290222e+00
1.069249481051081974e+00
8.780396004483257411e-01
8.793390869398243215e-01
8.067098933913783299e-01
3.218413411523053935e-01
8.116530390004628170e-01
8.862917104636116594e-01
4.217575880250089781e+00
5.466654748184810231e+00
3.095139896911037525e+00
3.045192056147412174e+00
5.541206039251500570e-01
3.752325210186687521e+00
3.132355817927026109e+00
8.683090114152157923e+00
5.074738767187753075e-01
3.710317192643476925e-01
7.787234817321003755e-01
1.109853179390543287e+00
1.399962967487541565e+00
3.991771066267729151e-01
1.012129710293595775e+00
2.809488651388682978e+00
5.005578146350647906e+00
1.631064017478709438e+00
6.873094241696982465e+00
3.296665902502491807e+00
3.822290824050464386e-01
4.766347283747484731e+00
6.990136877260455517e-01
7.654203742791575449e-01
6.631386894147671685e-01
4.725222982594269538e+00
1.185887401083707937e+00
4.034282266846881959e-01
7.476796260529956495e-01
4.044719058571187298e-01
7.121280167347360468e+00
6.457545153449016917e-01
6.667259357793795971e+00
7.167662858548989879e-01
9.413733051674895158e-01
2.918515358808604354e+00
4.326086458012738389e-01
7.597981540418116131e-01
8.396974488988723229e-01
5.498531294457570162e+00
4.525108825313373662e-01
4.353396331882064096e+00
6.532452092798283205e-01
1.301966957854480800e+00
1.015609216506284218e+00
5.467566663682492667e+00
3.622762454704014701e+00
2.631996186138306548e+00
8.150295672836033845e+00
1.403402923166721994e+00
7.286562198334887164e-01
1.377211662587383145e+00
9.992926213937677327e-01
6.610524638049309232e+00
1.895486897681176952e+00
5.753432715030131206e-01
7.344963378271605059e-01
3.270266738187215250e+00
7.612550829703427224e-01
3.525927739245522829e+00
3.388248854909108321e+00
6.010603314182259016e-01
7.270436515949366907e+00
8.390293211658601535e-01
4.851009648850578837e-01
2.614033922370047947e+00
3.450811851625402049e+00
1.447206648183600564e+00
4.205506884039048598e-01
1.916479146196530259e+00
8.332783144528118413e+00
2.105754599516692416e+00
1.436924641934300695e+00
8.951958077300174565e+00
1.543559076399731111e+00
2.918700413075258293e+00
2.980060600645276558e+00
1.249948431543248750e+00
6.203626874822498749e-01
3.674557565369646617e-01
3.218413411523053935e-01
1.571336052090461566e+00
2.256730290558732754e+00
3.118217316217425150e+00
3.179864423470236456e+00
6.031632886375414282e-01
8.412178553181084428e-01
6.643467951585452225e-01
2.060972276433893580e+00
1.808011012303470721e+00
1.067766579280791772e+00
4.578527529222937154e-01
8.385043842661678015e-01
6.509165796640583590e-01
1.589677501688178562e+00
3.218413411523053935e-01
1.562225165054328180e+00
2.257878121292946627e+00
3.218413411523053935e-01
5.254282140891815001e-01
6.378269612270882627e-01
2.592099174427413999e+00
3.233232681556024612e+00
3.820265740637077689e-01
2.830038299560321047e+00
7.970650556667177034e-01
3.621921138536537965e-01
3.948093987060644072e-01
3.728865839542628180e+00
8.933162990710028950e+00
4.456325951113556116e-01
4.285362453683335127e-01
1.484405233938691060e+00
3.551772076553852964e-01
3.218413411523053935e-01
9.347024370966158235e-01
8.857642734573010213e-01
4.116474723795359836e+00
1.400478220387647577e+00
6.475639761819438789e+00
9.469514466865522895e-01
6.925662459244272817e-01
8.652285761383472495e-01
1.064874811078998729e+00
3.239505562213131351e-01
5.780826390723647901e-01
2.755257963480358896e+00
1.457004239871861895e+00
4.636803487064100060e-01
1.110168047812248648e+00
1.485119217980454875e+00
7.321308308484260063e-01
8.510387838566721985e-01
1.380076245968275828e+00
5.121088094299993676e-01
6.746503596702997374e-01
3.366284107843029005e+00
5.159923932530222856e+00
4.468158754397652532e-01
1.302642976287692766e+00
7.530644106337360810e-01
4.052027942384507142e+00
8.270528499476152984e-01
3.809136582686797112e+00
8.032790296034822974e-01
8.090364264819532858e-01
1.945845048191406468e+00
1.484747955608339165e+00
1.693274585034278301e+00
3.723037125146982929e-01
1.018938353674895048e+00
6.875959779623270762e+00
2.190685298621151578e+00
3.105724919283353369e+00
8.218219100314597014e+00
1.009311687458666507e+00
3.118397563350640667e+00
1.081845060622329546e+00
1.597340594757487464e+00
2.843389895462460792e+00
3.955139766346112418e-01
5.964133195625359818e+00
2.797316897999713614e+00
1.918198225394874834e+00
1.038501445200187501e+00
7.354450577360450714e-01
2.330476471750710488e+00
1.212747202565996663e+00
7.183405190741073421e-01
2.184970550045239435e+00
1.099735796501149387e+00
2.421264110379532042e+00
8.823681603781810878e+00
8.525114718105970546e-01
2.170029980354240440e+00
1.619757439049336112e+00
7.947677592517786493e+00
1.040052640603100098e+00
1.209670111050390462e+00
7.686250882989776878e-01
2.694589880749128419e+00
5.093217144866707402e-01
1.310335242180797222e+00
5.120572062628437893e-01
6.364520870126712637e+00
8.270849349938168560e-01
5.072624659565652117e+00
7.796507236441420297e+00
4.804448890222044466e-01
1.703581998701730438e+00
1.607596382212134412e+00
1.516927152279393676e+00
3.060615578981109142e+00
4.578777655925551637e-01
3.419515298380825907e+00
8.847259649495957667e-01
3.208177534522591134e+00
1.195973180334163999e+00
2.424549691732447165e+00
3.255477151711231865e-01
2.380368895961382236e+00
8.220830078474793412e-01
6.100624902010082229e-01
5.291804266166492354e+00
7.141906536800132210e-01
3.702994295130819680e+00
2.047240827177752909e+00
3.838688788307033084e-01
1.137660851526147487e+00
1.155827681782386929e+00
4.126114182799591190e-01
1.122564325331242507e+00
7.657181293317457005e+00
1.414994616791301452e+00
8.965254710551434636e-01
3.381997877702810129e+00
2.235778405303514127e+00
4.721715218779689138e+00
1.029355433958816901e+00
3.839403900412399651e+00
4.313092036009004815e+00
4.903995200354501205e-01
4.848256261781399346e+00
4.670273470035062324e-01
7.470430955210898283e-01
1.613386033539334630e+00
1.573936084378417588e+00
6.453929724163751658e-01
5.686748286929480534e-01
3.254721822155969280e-01
5.432534951694777625e+00
6.895029929708617056e-01
1.026328849848330727e+00
4.006038317409982952e+00
1.048918762726771758e+00
6.323485563713012736e-01
1.169727845182863213e+00
3.210589760952036187e+00
2.621567195996094668e+00
8.478853318029244690e-01
8.144512148814048169e-01
3.589330171307490991e-01
3.218413411523053935e-01
9.099707650981628815e-01
7.817597093943208897e+00
3.672766868652074801e-01
1.678846145046085425e+00
2.041584506971426016e+00
9.545379551516717243e-01
6.009682493200823039e-01
8.735500485529558157e-01
7.701212997054650566e-01
4.238779592582169187e-01
1.598633999838731556e+00
1.026597815982180695e+00
5.176413380493960492e-01
4.434189505532629028e+00
4.923083888742447733e-01
5.062675412069322922e-01
3.414166668336678923e-01
7.020406048717722225e-01
2.025120258309875076e+00
6.030608752423370911e-01
8.434577548583140905e-01
4.602262541316763378e-01
1.557209851609158147e+00
2.625827327017509649e+00
3.517017527316385617e-01
9.350152448752952594e+00
1.030339324177790505e+00
5.292009285168610688e-01
8.298304943041513226e+00
3.732535966809999994e+00
8.956922438083327886e-01
1.275429658932043075e+00
8.398437144396089238e+00
9.878486864579827387e-01
5.779834057818024062e-01
7.772551382145261867e-01
4.002936749873214906e-01
1.561037780810899500e+00
8.492553203184014521e-01
1.884337055975459085e+00
9.508743850260588104e-01
7.921419324282128471e-01
5.923955988620817070e-01
2.791602921671896720e+00
1.188758234643829459e+00
6.542056253950915279e-01
8.689614787883998659e+00
4.526989673698203487e-01
1.547712588065347727e+00
1.601301185281397865e+00
2.304778228439904986e+00
7.509716471710908836e-01
6.997266273690582183e-01
8.913684426933132787e-01
7.625871568265250033e+00
7.497797789625709752e-01
3.928697117752137924e-01
3.618083230279870999e-01
7.546113486753839084e+00
2.019707101229556212e+00
7.165648357823520831e-01
7.092840599296434956e-01
4.823635088816873862e-01
1.297884417421770076e+00
1.425222139068358818e+00
3.331665989657858762e-01
3.004732585082825480e+00
3.374460300936549473e+00
2.133572753590957216e+00
1.171072842002978787e+00
4.103004938764331921e-01
7.050465212602802012e+00
5.058223462676624260e-01
1.398089004412564229e+00
1.885486090020230598e+00
4.465348867493259544e-01
3.832030087218296188e+00
6.647286111507089146e-01
6.612982127922925057e-01
7.223412821810772932e+00
3.471374704363730856e+00
9.791082383644905685e-01
2.421889136058912761e+00
3.184378657195205964e+00
6.500382114578295401e+00
3.458701139344400044e+00
1.950466891391332114e+00
4.121733174937481259e+00
1.079418864261835198e+00
7.813111943387317515e-01
3.716437333321443992e-01
4.603046887004272336e-01
1.523362360950716310e+00
7.444391823473242020e+00
1.309941020084516738e+00
6.227518900858761697e+00
3.130167956002433360e+00
3.986782315728694681e-01
1.374868873436841721e+00
4.211070622443588984e-01
5.477973387672893102e-01
4.967811901528371710e-01
1.046058179569068436e+00
2.061986120402791389e+00
1.309783360053034862e+00
6.588944712170703433e-01
2.099766612799384813e+00
2.948919350852499566e+00
6.302619610830383579e+00
5.230359850646219222e+00
8.920688272944780062e-01
1.559274228656070127e+00
4.195650984540480466e-01
6.599609418702950592e+00
2.069274973001767215e+00
4.295901869725445188e+00
5.654096417641383709e+00
2.185690484720626880e+00
3.393224746657725444e+00
8.358730566358797631e+00
3.712578611903653014e-01
3.697390737903918367e-01
2.103312468739571006e+00
1.374245311582826368e+00
6.867487711908815129e+00
2.781824655111731381e+00
1.325368925620969085e+00
1.441461700949435709e+00
1.576250934273915494e+00
8.323229559344818895e+00
3.996341073650876208e+00
3.218413411523053935e-01
3.804214908496864056e-01
3.885971217093465713e-01
4.162731071401807093e+00
4.147911226075058799e+00
1.575498084010276578e+00
1.082006166381138668e+00
3.393575336350715510e+00
5.643628424107434149e-01
5.490843403867108341e-01
8.689588559205901674e+00
4.829582898874947183e+00
2.763855863793697853e+00
5.064647744889243519e-01
7.505860817765547033e+00
1.110017767887194973e+00
1.163972993997183680e+00
4.959381865101927467e+00
3.218413411523053935e-01
3.553167673984558128e+00
4.612475237526302285e-01
1.370364539278079441e+00
1.078945519103579942e+00
1.860844358529694764e+00
9.309028703761066392e-01
3.638928871784152808e+00
6.660528537351724232e-01
6.154635503666757712e-01
5.678572726091672962e+00
7.640895256441075922e-01
1.264168545619353878e+00
6.216567065735594255e-01
7.342342824891939124e+00
4.148797449424437289e-01
1.804695909325054082e+00
5.510334189312922071e-01
6.008581548565282482e+00
1.021384997747527557e+00
2.679653135799144437e+00
2.803492187127451629e+00
3.027728761380788391e+00
4.167267987285670494e-01
7.899591920949763368e-01
4.643310202894400662e-01
1.073790473580275906e+00
1.151324460779536318e+00
7.254558449697825484e-01
1.395962246531495587e+00
6.618297847059039896e+00
5.473432215294492309e+00
4.836652406161429774e+00
9.656106683635572452e+00
1.667878409014991181e+00
5.399604350988942869e+00
1.246853099234131346e+00
1.876690532684645696e+00
1.717525910990812532e+00
1.346690867599457331e+00
5.729212968646343107e+00
4.194745983123703503e+00
3.601320556525536842e-01
7.081192500029349635e-01
1.005728072937516648e+00
1.432330985504559839e+00
1.515873355013734880e+00
4.758093578049962802e-01
2.716223928879030414e+00
5.927664815424496858e+00
2.553772534220389634e+00
1.283753607542162944e+00
9.421309859116463459e-01
5.143302119684360907e-01
7.599847318341219626e+00
6.785385238889624082e-01
4.990263434136517628e-01
1.866282305499791461e+00
8.886335343599974124e+00
2.285965949049700630e+00
1.203035830933389949e+00
5.385432191572633309e-01
2.414823795717911725e+00
6.172844247561414255e-01
2.382404735994837708e+00
1.553688290710350639e+00
7.134072509331498280e-01
4.562109904722859710e-01
8.002231812259069654e-01
1.553433964278727153e+00
5.826296434038722438e+00
2.428637718113738408e+00
1.699849128250530361e+00
3.134059586975189937e+00
6.220270537841502190e+00
3.218413411523053935e-01
4.007678020301302380e-01
1.139464356531198819e+00
7.011176394733007466e-01
4.696879285213022004e-01
6.286799337178768932e-01
9.600092788052049242e-01
5.835055367054072795e-01
2.276509912861514273e+00
8.225764017829426678e-01
9.087432471140073353e-01
4.371347676372493996e-01
9.745813571309768220e-01
6.709259858887131056e-01
6.648748810377686169e+00
1.640657690109887490e+00
1.697663002638763574e+00
3.262345093134477181e-01
1.091606932975871525e+00
3.218413411523053935e-01
7.181738900011945148e+00
3.776833696077070979e+00
7.586970167779161223e-01
5.341772093516388153e-01
3.654105370364557626e+00
2.443337582514918616e+00
5.646409616094323347e+00
1.764383771662668687e+00
4.047740060287186026e+00
4.802581353358981175e+00
9.019531713378033944e-01
3.136695524293882542e+00
1.437546504178952134e+00
3.571292569334795775e-01
4.438241396577743636e+00
4.005810136367742302e-01
7.951703727522623222e-01
1.063629539879381802e+00
6.631398215035821053e+00
1.494053157057837700e+00
3.218413411523053935e-01
3.534006166277533278e+00
3.440032381125109340e-01
2.740236391482430811e+00
7.662991884505786500e-01
9.968939397082143827e-01
8.552249519390313637e-01
9.025411148022128849e-01
1.580329370604009354e+00
4.151290265965436710e+00
5.454007365242306005e-01
5.934601818318134825e-01
5.148642759951992387e-01
2.123253576098839357e+00
1.363771225458892289e+00
6.524836410596971170e+00
5.099358526406089220e-01
3.343018646697393237e-01
8.992295579649285386e+00
1.172025882483315407e+00
3.218413411523053935e-01
2.070633506557493231e+00
2.413247807916248266e+00
6.790163563744020969e+00
6.279787349533249241e+00
4.858825639247373651e+00
8.366550413232032302e-01
3.334768844387056674e+00
3.374798549668060588e+00
8.449803489476843676e-01
2.837241500539388284e+00
4.087104240862725613e-01
4.124005710884455778e-01
5.276535416206896700e-01
3.565916861435353691e-01
2.272551578853934551e+00
2.139719241026769136e+00
6.347635134026472503e-01
1.662893946979923543e+00
8.767508875448013939e+00
5.698281436791087229e-01
1.755925137223718790e+00
3.850025106688108045e-01
4.038499495815979223e+00
1.485137949887124220e+00
5.734401133471592082e+00
1.964522368913938610e+00
2.071886140172819690e+00
3.835064337366175802e-01
8.814823416638095654e-01
4.755969118315729105e+00
5.972503392368077035e-01
1.220658967127553396e+00
6.561333659576733535e-01
1.331246580819355874e+00
1.859461114754506372e+00
1.550240312574702628e+00
2.690988946208553667e+00
6.874574011317812205e-01
9.064203323742971108e+00
6.155845819758710924e+00
2.803480829063641266e+00
7.479684161116714192e-01
1.490584877361518679e+00
5.115811287548776676e+00
6.234701252672349980e-01
1.288508451614511996e+00
3.218413411523053935e-01
4.727998600758537839e-01
9.074021312626009417e-01
4.882666432692896463e-01
4.822493438428925749e+00
1.245886355626460107e+00
4.594348241534574329e-01
7.562568657809075612e-01
4.510759310455686455e-01
3.269866558542433577e-01
5.054445108188505564e-01
8.775702768937342357e-01
4.083011123773466089e+00
3.866142887522640570e-01
1.602559403629832513e+00
2.180376498431849885e+00
9.660389709976897610e-01
5.404998201384577428e+00
1.359613460399279994e+00
2.828964129763325897e+00
7.937986590629462214e-01
1.117901920350347300e+00
2.554525476607181655e+00
2.345821037062438830e+00
4.372893425966655201e+00
4.508644579059267521e+00
5.775597802100795874e-01
5.003083667527726597e+00
4.144469841991281100e+00
2.354502222978584580e+00
8.656322140994047176e-01
3.117218862920371425e+00
5.869031427942268397e-01
1.815105742886025775e+00
7.429761014497188176e-01
1.703389484786654640e+00
2.132326715212494062e+00
3.218413411523053935e-01
7.917438693084301038e-01
4.941609522414855959e-01
3.461240009621436298e-01
1.318016943355036386e+00
3.142560500668379664e+00
4.733046205130767015e-01
6.927930294892705732e+00
4.575372362372935320e-01
1.407297833240060969e+00
5.271641472732324196e+00
1.050241831596495645e+00
6.337108417556805762e+00
5.627627332069670141e-01
3.893081693075255423e-01
7.832686575999178169e-01
6.439894369807941388e-01
1.704352382853775216e+00
6.133736817411462594e-01
1.576735042430293499e+00
6.170569995754326964e-01
8.482776036317774881e+00
1.729865467534103862e+00
6.364893802531944589e-01
1.044734571997057770e+00
4.197255266385775396e-01
4.174854983301223399e+00
1.042761527500709606e+00
5.830126010448546392e-01
1.456502429772012830e+00
3.304202684050386640e+00
1.857475317851283059e+00
1.690012223162641103e+00
4.978457768790144899e-01
9.508781133899550930e-01
1.242137301694707485e+00
5.884706688570882083e-01
5.947900382116969586e-01
1.240504653257997969e+00
1.752690351899861110e+00
5.438820523893095338e-01
1.179239903670419976e+00
3.601016592276172767e-01
4.435551057793531426e-01
1.473660072679135569e+00
5.937171021349535671e+00
1.086320016406681521e+00
5.329450519681334653e-01
4.735278787582294924e-01
8.614779953757778497e-01
1.300138134583188609e+00
6.818640602584567389e+00
3.218413411523053935e-01
3.411632628268498557e+00
7.571006509896819336e-01
1.920310513749189596e+00
2.412253534913473274e+00
1.156025673388333619e+00
6.747977878337934055e-01
2.609850148591827956e+00
1.403954192870648265e+00
6.893873830573309380e-01
6.984731575204782272e-01
5.329293201098678212e-01
2.796815899271191341e+00
1.506063028483848321e+00
4.561439041904554181e-01
1.176887652535138162e+00
5.782028500383988856e-01
3.378162383780889955e-01
8.518241273350188436e+00
1.041964488397444155e+00
3.865449641411234927e-01
9.866215914055288527e-01
2.733461336173055756e+00
4.952481713390293194e+00
7.499631833104646317e-01
5.671678228236618491e-01
1.481662400003563418e+00
2.480678036918891216e+00
2.788309592516714730e+00
4.205856757270552748e+00
1.057118800473179077e+00
5.719022475345876266e+00
3.396717188336059401e+00
4.838157626800508315e-01
7.064891878330293196e+00
5.272820061072591713e-01
1.323099934216382279e+00
5.772784945308271354e-01
3.965651911693099385e-01
7.828451647489059084e+00
8.435167323317458443e-01
4.918649615325071167e+00
7.300029116144015617e-01
4.299904859208222518e+00
5.708222936303055661e+00
8.212454207751385127e-01
2.605418607372659956e+00
7.397230461742196006e+00
8.962128248253198315e-01
1.154504302375619407e+00
5.142492169501496235e+00
5.286419433130634671e-01
5.697021306268591490e-01
1.279761631287684498e+00
1.592031515914641204e+00
1.796328813353507137e+00
1.240134218640973396e+00
2.374121079296040993e+00
1.058244018082444615e+00
8.136691773359732149e-01
7.303500849583159926e+00
7.018400082034506049e-01
1.123365520703493603e+00
3.740074204848669037e+00
7.026458789883840428e-01
7.048992731069353646e+00
8.543370612946873166e+00
3.435244448156896668e-01
8.367645678211593108e+00
4.549044598905985559e+00
1.937376200162391759e+00
7.296079097784982537e+00
1.760885052549765684e+00
6.674157692573786882e+00
4.553574483044353194e+00
6.421741890122240060e-01
2.798319122044692353e+00
4.760111842843540164e-01
7.294068637132253841e-01
3.944492628381544019e+00
3.140795947050587067e+00
8.027057429717915582e+00
2.186183218449130550e+00
1.309211948111810520e+00
3.749246139119601362e-01
7.355660668710706229e-01
4.192551609869611617e+00
3.524465752781864025e-01
5.511001344827369808e-01
6.576198118626782829e+00
7.538686602634492750e+00
3.910187726872205172e-01
3.293288672092172131e+00
4.730226683455744485e+00
6.873975792349862335e-01
6.149076045942385438e-01
1.971754115342210456e+00
4.345674937061415610e-01
8.411992076163895549e-01
5.465411703033545843e-01
1.678281509061755994e+00
6.406257702354491990e-01
5.368081171395110651e+00
6.017418191217362988e-01
7.432581333559414860e-01
2.418062846874400762e+00
1.261162256428298267e+00
8.363799324834486626e+00
8.201187276168602214e-01
1.086593575954853952e+00
1.228771871860674603e+00
1.092282561112754458e+00
3.885913275443486636e+00
9.887662884668705354e-01
3.838269321063517148e-01
3.296594227726207804e-01
5.303264110811930498e-01
4.205236427882113048e+00
9.710887159128140933e-01
3.838534379930752749e+00
2.534775080831344951e+00
3.577080911398796137e-01
5.421491228521431172e-01
1.513848386381176914e+00
5.334490682145179186e+00
6.701739282164080880e-01
4.894337490632035603e+00
4.724524967554830646e+00
8.728531878171407188e-01
6.239486696308323310e+00
5.216282544593140447e-01
1.578039429205035038e+00
3.962640646287646784e-01
4.182033117527870214e-01
4.287592449583324528e-01
3.845237673044816784e+00
1.112563605241105646e+00
5.819596065440831856e-01
8.727534352571317822e-01
1.767242257305597253e+00
6.783390412569175076e+00
8.757124089177366955e+00
6.852407699735445501e-01
5.292517745783782424e+00
3.897400304337266252e-01
1.366568026782504885e+00
1.677950765775685138e+00
3.339427209075978897e+00
5.974333247770765576e-01
6.119400241197662238e-01
6.561732739927259583e-01
9.850521657746634796e-01
8.939006397109029223e+00
2.635154054233133092e+00
1.292269703255305657e+00
1.358459106685204532e+00
9.807298632552763351e-01
6.708785148649571983e-01
1.709465135297902005e+00
3.768445979506799937e+00
1.390936920294451484e+00
1.100408553234421438e+00
1.030093451417827266e+00
7.016029229760381902e+00
1.539668055083458942e+00
1.801821321099712936e+00
3.882558537558715162e-01
4.570702152471789681e+00
2.944430373441877968e+00
6.423680938972818888e-01
7.265599833299655863e+00
1.188553517041025742e+00
5.022871435276980989e-01
5.667410798566907548e-01
1.124780173276513473e+00
6.971397827388901014e+00
5.026329143891355988e-01
1.546877927735969882e+00
8.228636971359508667e-01
3.284049171579060733e+00
1.650281049710563330e+00
5.834138696627934051e-01
7.590920529409773687e-01
3.359681590003393281e-01
2.712939519989955084e+00
6.146774021591082660e-01
2.921287545037282829e+00
3.999102873162859728e-01
2.021509529000221850e+00
6.203820540891240576e-01
9.890697976889282206e-01
1.186541486515988675e+00
3.312247391138862240e-01
5.775997371372446620e-01
7.145209913270978319e+00
3.463186742501005444e+00
3.252815658640322849e-01
1.625936507326871450e+00
1.915600520384819427e+00
8.760745340162342520e-01
7.720388205681786298e-01
3.521214314731320627e+00
2.414491753596017976e+00
3.914907486530128988e+00
6.914266902032359496e+00
3.095428969713661438e+00
4.310254844583772282e+00
1.350522480425358607e+00
3.736469505467244101e+00
7.024476113650664821e+00
5.400763553753814561e-01
4.567662158830577468e+00
1.300574890590231458e+00
8.322709662996082614e+00
2.132257207627720863e+00
5.365169182092246469e-01
8.746296393635521582e+00
1.067990741511199326e+00
1.207165127174142594e+00
7.232901853402465164e+00
4.814328162500721042e+00
3.828040791405553644e-01
9.056859617634662740e-01
9.081168215933960397e+00
6.713560127334326388e+00
6.014212031311377826e-01
9.180185723172795687e-01
1.416427547513811280e+00
5.827764403185952125e-01
4.427085555303675313e-01
1.030042162571195519e+00
7.291619118796909271e-01
2.203691281327023521e+00
6.059231471940225155e-01
7.635345766881495022e-01
5.766471026392400168e-01
1.313040445647988497e+00
4.803954624738346890e-01
6.270296441679956700e-01
6.395061722335492860e+00
2.050516882557599008e+00
1.625041606892014379e+00
4.872726945378056396e-01
8.463250480795112551e-01
1.128601069391223843e+00
1.577129125813728328e+00
6.465535743858083606e+00
1.912907180178752942e+00
2.728264882123462076e+00
7.227913280175024546e-01
9.711423919191842780e-01
3.080989648214941035e+00
8.066844715661340981e-01
7.892097033352524216e-01
5.114596772031001493e+00
6.646672296670685931e-01
5.549806907971196246e+00
2.249140896445369631e+00
3.218413411523053935e-01
3.451430509517575018e+00
1.737677731575177020e+00
4.446326030114084560e+00
5.299292095869165831e-01
1.891355926909732865e+00
2.236078034051642849e+00
3.469708667621708820e+00
2.284123720188634632e+00
2.062456414497518598e+00
5.157573460189502912e-01
1.311136373101940755e+00
9.537262716542623808e-01
9.094692225145355469e-01
5.416771156629446304e-01
1.368479522712968688e+00
4.674003809846115076e-01
9.973029045871374398e-01
1.026664443027334395e+00
2.777861111753235246e+00
3.912585107158833564e-01
1.186179016885520410e+00
4.950545903651047408e-01
4.127917774529595296e-01
2.631275586147994616e+00
5.967760818130909417e-01
3.167259624730574874e+00
5.545901145828956436e-01
8.585637776792345299e-01
3.029205709865077090e+00
3.864928058648733789e+00
6.282768117908540395e-01
1.039824268285000519e+00
9.728531903926106450e-01
5.087585400725750384e-01
2.083716395493235396e+00
1.319168155070233661e+00
1.079200363186278988e+00
5.216440533466029095e-01
4.175480985900109632e-01
9.158052408197102645e-01
7.448881322775068314e-01
4.128000005461866628e+00
3.947402152891917315e-01
3.194378545252222423e+00
5.151950731276407680e+00
7.054540292241284760e-01
1.105066540015583021e+00
5.620618460033970365e+00
3.422141724871201607e-01
8.625182309943758563e-01
3.378412811093918777e-01
8.190151627752568775e-01
1.195244615566377178e+00
3.588633141493899337e-01
1.435573507495901513e+00
3.169560889033507856e+00
5.327710770537164020e-01
6.842072344008788276e-01
9.705344725960483032e-01
1.125973425558996821e+00
2.016133145589741993e+00
5.000231966105574521e+00
7.736240151805519050e-01
3.218413411523053935e-01
3.544803280026105785e+00
1.270168303069531657e+00
3.244798243262428272e+00
4.544451161014594343e-01
1.120578242355784848e+00
1.080778687122075699e+00
3.018495392359996199e+00
3.818968380826118558e+00
3.214439389151573678e+00
9.399423981950185691e-01
2.064039345073175546e+00
1.867800054273195842e+00
5.976396423764195331e-01
5.849321522621245606e+00
8.974393157250975861e+00
7.505623213606386068e-01
1.547765477594723382e+00
6.245998127510676845e-01
3.615306341911083687e-01
3.298995165118713824e-01
9.365829111013516117e-01
2.218929149938175360e+00
2.788595290987424313e+00
5.325343698433675499e-01
1.130255571920253832e+00
6.183918622806041654e-01
1.971341017276808882e+00
1.371931167891141223e+00
9.426457769095109018e-01
3.734113588837508324e+00
5.095807911089674791e-01
2.617175955152288847e+00
1.355733585544322883e+00
9.769637066181057206e-01
1.138028809669041852e+00
2.834253374624029931e+00
7.079790490811390669e-01
6.431956226575962221e-01
3.762734634495490393e+00
1.696923186719024645e+00
4.660509315431229371e-01
1.699222460159572901e+00
2.259459563411433169e+00
3.218413411523053935e-01
8.876720726489190083e-01
2.131786104584712405e+00
4.784367439413519385e+00
9.497822696283232391e-01
2.600323707455663769e+00
2.406709625773836514e+00
2.513662017849519259e+00
7.153781766456452917e-01
3.786184005797889052e-01
4.035961445712317186e+00
2.372471253877585617e+00
8.471617942353124597e-01
3.014510136183834454e+00
3.390278775989568616e-01
8.732329452477303189e-01
1.228029053562810446e+00
3.702501156394463422e+00
4.007461100677081611e-01
2.060307321902674182e+00
5.623358861742716597e-01
1.137221955304126730e+00
5.636341249861370750e-01
1.401704282865025686e+00
4.699772771280552597e+00
5.010764937133257435e-01
4.224508859616740719e-01
9.971220582666158183e-01
4.574713193919134113e+00
4.627698673307946708e-01
4.769194126236779852e-01
1.674862280155966276e+00
9.137982699064547631e+00
2.713469294988759994e+00
9.697880695461016387e-01
2.594765880327679852e+00
1.096648304168693189e+00
7.814933247906412639e-01
2.433249029696542554e+00
4.839323379165648698e-01
3.472397240671501351e+00
9.919437944950389996e-01
1.666463464938763295e+00
6.052878230875111676e-01
2.234590992560265832e+00
3.290948596926737579e+00
1.083868052417399364e+00
3.549608084136730124e+00
5.468962429297856698e-01
1.568929747622834325e+00
3.745138127661501226e+00
9.956171398806079598e-01
1.011786719984547611e+00
3.813946575205764411e+00
8.693428177295192683e+00
2.537206880122376162e+00
3.963142466144088161e+00
4.314372950325533473e+00
4.077638164136004661e+00
7.320004079000620445e-01
1.502813401528484194e+00
1.317354900721540378e+00
3.004419879621006206e+00
8.195411351458086191e-01
4.585476644504216104e-01
1.158307099778920657e+00
1.515276448196815284e+00
4.606728572925199439e-01
5.787373378323867890e-01
7.296766697377680133e-01
3.806268202444825777e-01
4.392120052840621236e-01
5.096875913741937270e-01
3.218413411523053935e-01
3.625227247726077628e+00
1.642340844874787154e+00
5.161346870867492553e-01
2.364381208863171935e+00
3.891930784206967253e-01
5.079771996395614053e+00
1.539531334504876225e+00
6.746723203413561798e+00
1.907617529298254677e+00
2.888430781096829936e+00
1.245536452624166346e+00
3.930655123710926624e-01
3.218413411523053935e-01
4.247541991546302520e-01
1.773659189659199331e+00
5.957001723252037806e-01
4.947492674248179512e-01
1.684177251896596283e+00
5.388894337043792504e+00
2.882445550741150608e+00
5.223363363787835167e-01
1.430407011406418905e+00
1.450003592665302099e+00
8.463293781980393504e+00
4.434822453407882281e-01
2.461184268581349421e+00
9.696511616459717597e-01
3.127841854689594747e+00
3.750766916388361127e-01
5.094529888437678844e-01
9.899600936725106992e-01
5.222957440037174770e-01
8.258782730316264198e-01
1.574737861308039388e+00
2.307215383293987010e+00
6.717843665087285254e-01
2.665928723104380005e+00
1.501799660827611183e+00
9.164491902997664141e+00
1.112048080210290779e+00
6.207178449898231865e-01
2.664057189881522625e+00
5.403949876662865748e-01
1.439408721025559723e+00
7.076396243326339430e+00
7.289251110219484575e-01
2.166120322260913333e+00
5.170625885913026076e-01
4.624459548660247776e+00
5.088595118475521817e-01
2.906276216435634385e+00
2.031337103960293433e+00
4.282597180157011074e+00
4.213429287020955982e+00
2.864019347476880029e+00
5.523733714128246097e-01
3.311914850052933290e-01
6.883142413951127025e+00
5.116274859174664291e-01
4.001694688688520074e+00
4.780625086131666812e+00
2.759436936008071939e+00
5.398106789195001864e-01
3.799655266330406733e-01
2.127655451799522091e+00
5.897233641023811312e-01
3.360159660111042612e+00
5.280830600728120272e-01
6.052315844871935191e+00
3.256794765336351594e-01
1.543488380531836901e+00
1.487900109913860014e+00
5.635027304683739580e-01
8.429384179108831532e+00
7.108522494729445640e+00
2.567143060399794230e+00
1.081536602083159382e+00
5.594145263783403266e-01
4.921823918503824835e-01
1.142598804124401513e+00
2.741348577859342051e+00
9.161883359784576797e+00
1.680837076151405762e+00
6.585689208421253937e+00
1.157665103298239462e+00
1.071140905540611143e+00
2.538209133778925874e+00
1.572632341414367696e+00
3.428553943491251310e+00
4.724035548852179578e-01
6.120580172558680587e+00
6.691680734982969891e-01
4.021642878578513880e+00
3.218413411523053935e-01
6.672114588910943445e-01
1.171030982668071374e+00
4.668295656964663309e-01
3.111575887108315008e+00
3.456260186360093023e+00
5.213806687506120641e-01
3.218413411523053935e-01
6.025910996512646722e-01
1.032563857097895665e+00
2.468798626234987914e+00
2.041766155286703466e+00
4.072585112557778331e-01
8.083038563379494335e-01
8.615493579472219832e-01
1.565283883067799531e+00
1.871393781893558872e+00
3.985255137985115326e-01
7.277112159885695819e-01
3.761289523071646101e+00
7.932109575397003898e-01
2.705074549293458919e+00
7.088741245529316393e-01
2.492464639258303638e+00
4.935642115225148396e-01
1.190951787826059816e+00
4.417091520254149195e+00
3.601564816489792875e-01
3.045779336764978140e+00
5.200617820321119744e+00
2.443626348510856694e+00
1.123390428860592705e+00
2.690972222956852011e+00
7.178129264272430810e+00
2.502769679490235877e+00
1.436334172688403577e+00
7.323275694060324970e-01
4.736875663425227367e-01
1.184047215257843622e+00
3.419470026106963267e-01
6.639732715018077158e+00
2.010349025932898215e+00
3.856090760120182703e-01
3.407164259565444442e-01
1.439744168806344815e+00
9.700485684384844376e+00
1.238720293631882630e+00
1.065549632408494096e+00
6.914385961020131921e-01
1.871502659758208287e+00
9.633723744309854453e-01
1.792360163201787149e+00
1.600108935866184856e+00
4.675964661085229568e-01
7.659274703867653411e-01
6.878564260430104493e-01
5.871052987720926097e-01
8.779130118772389135e-01
1.047333154464824334e+00
1.038822721336360111e+00
3.220830520794059626e-01
4.635927969905420554e+00
3.756191095020532944e-01
2.006896642571016187e+00
3.577213626820547332e-01
3.495999429548444226e-01
4.015586151537033910e-01
4.608251656250306638e+00
1.962411430611870955e+00
6.122642187222615107e+00
1.649057577405270703e+00
7.741404691705878749e-01
1.383270109968566697e+00
6.207345279466013332e-01
3.254101171814035798e+00
1.162217852287984021e+00
1.590655736139293230e+00
3.900118672936262243e+00
5.502119476234516249e+00
1.417807605085859235e+00
2.148735396619287918e+00
6.426839191408093122e+00
1.573429592588556858e+00
3.388467700115793679e-01
4.170603036880371484e+00
3.282005621131092732e-01
7.485417102425110158e+00
7.062181389879840232e-01
6.541429852221224195e+00
1.298025269083149524e+00
4.782292395577710131e+00
1.176882057976911922e+00
5.491007131966909594e-01
4.330146643502674308e+00
8.200323799437502226e-01
3.658048236411072462e+00
2.124207282454312562e+00
2.817220401225136062e+00
2.720311869541049088e+00
8.681719438158292945e+00
4.950444223075883832e-01
6.185769426768669144e-01
6.196262212934809277e+00
3.218413411523053935e-01
3.825867164869022341e-01
3.929732910550816527e+00
6.432147765973375009e-01
4.715014666414156785e+00
7.129378920403491859e-01
1.098346060924592305e+00
4.003966838194275013e-01
3.446642720950369831e+00
8.923486405010083722e-01
9.409146431865199611e-01
8.011208573778328956e-01
1.576762506117554308e+00
1.037527175434584503e+00
5.123707202366134972e+00
7.875299790693001789e+00
7.863382853211828838e-01
5.616274027021767035e-01
1.823663912741006365e+00
1.577400296465199192e+00
7.770132789934462103e+00
1.002351141014250491e+00
3.982502338690552701e+00
1.921383244999995688e+00
7.577182023514803078e+00
5.369507637678777590e-01
2.047898821129797042e+00
7.769915871186391376e-01
2.941354273359227722e+00
2.524884033372005288e+00
3.533259038375629491e+00
5.885587516023297328e-01
2.328528879634474524e+00
8.010128766610106865e+00
3.778096395480454728e-01
1.534933945337054295e+00
3.502308792294208661e+00
1.278750421508991542e+00
3.979605602320108182e-01
5.722270838546196225e-01
1.315286309402724285e+00
4.836737966220903129e-01
5.409372784988926597e+00
2.705409133984597148e+00
5.898505380676638543e-01
3.554449667390325640e+00
1.037321057346447528e+00
5.463438226521113439e-01
6.422214718457248672e-01
7.509451782955472332e+00
5.593816489931698221e+00
1.661874708453772831e+00
3.218413411523053935e-01
1.063913244934458158e+00
2.543168390399826784e+00
9.105666001440222423e-01
4.697431778846883788e+00
4.386874662260155655e-01
1.244600227390018077e+00
2.560407828084585891e+00
4.052782278203932442e-01
2.682526958423527397e+00
9.579512712880881020e-01
6.594149474639269259e-01
1.415661133600105925e+00
2.522306166946231443e+00
2.599472628415643083e+00
4.729931743563078328e-01
3.463081384342958091e-01
2.475072469931890673e+00
5.000058623782732248e+00
6.087696521537796501e-01
4.713713325578527957e+00
4.725167974093710255e-01
1.802229935570433206e+00
2.854918202559600715e+00
5.724728124065587842e-01
3.703676051369930722e-01
1.858646139633645777e+00
2.070142039720667793e+00
1.994822426469995857e+00
9.028170076804233890e-01
4.176543838450403001e+00
7.076028451956819509e-01
2.748635128374034231e+00
4.848827163271198337e+00
3.888567112781167734e-01
5.212295164088676103e+00
3.325452823885751474e+00
1.113291664921867374e+00
6.202343138379566856e-01
3.484033797192353177e+00
1.945801459311427228e+00
3.963689290179551183e-01
3.755398773268295631e+00
1.642011375609837120e+00
1.067846520701053681e+00
1.862595111748992505e+00
2.591450090632433145e+00
9.035324521420731170e-01
9.174154583911027672e+00
9.496972039509145036e-01
7.020235180231617633e+00
1.556188909469101045e+00
1.118377193474417997e+00
5.313967783323392258e-01
9.208628331551944601e-01
1.526758835329743214e+00
8.473898904283799771e-01
3.656285108095703063e+00
3.949092239101793744e+00
2.900735766783375524e+00
3.269631205305160826e+00
1.021084062813554905e+00
4.105671763154076004e+00
5.134074437208770991e-01
7.770464003199509584e+00
7.701715592777346187e-01
2.945455921016959522e+00
3.571723793334504737e-01
3.018639896018580959e+00
1.173886430289301286e+00
5.957129977038712054e-01
5.606657527982758182e+00
4.403481584056490483e+00
3.845518422341109854e-01
5.949728643326427369e-01
3.376744238478035953e+00
2.609768520230667299e+00
8.514161138863163281e-01
5.137209248910579173e-01
3.789467997205438810e+00
4.241613488466249304e-01
4.610727992925444774e+00
5.852361280852087511e-01
3.218413411523053935e-01
3.582565618818173814e+00
9.420653273467215483e-01
1.323022403705996330e+00
3.218413411523053935e-01
6.983859168000922102e-01
5.397327268414243484e+00
1.626350278391970994e+00
4.869210961981604413e+00
1.105656279409409581e+00
1.145537909526429088e+00
4.321824298415028132e+00
3.930804695069545773e-01
1.449561459584312040e+00
9.386066137409829757e-01
3.218413411523053935e-01
4.496041587728192290e-01
1.510060179857817486e+00
5.030348664179693507e+00
7.259321076954308172e-01
1.257633575191551056e+00
1.396091441269138755e+00
3.218413411523053935e-01
6.273886621581216794e+00
5.689481067739757814e-01
1.535112674175919123e+00
3.880632860950092300e-01
1.002828235804899659e+00
1.664029591436046784e+00
7.101023653695021309e+00
1.254336993727725780e+00
9.363013677275723312e-01
2.056048224920034251e+00
6.426745666456386008e-01
5.005906248540586967e-01
3.969152256327733719e-01
1.614206088617347490e+00
3.366338591326250018e+00
4.943783744935353219e+00
2.314054430023710918e+00
1.405191215195849885e+00
8.939486339659669101e-01
9.189051048914371744e-01
5.098717385900273236e-01
7.871360251426166021e-01
3.218413411523053935e-01
4.608138201317861782e-01
4.868891132652742870e-01
3.397321577354173727e-01
7.310903048860231124e-01
3.088432473568111014e+00
5.221337809243799200e+00
2.893817174852434615e+00
2.628402458651682316e+00
9.054376439362864515e-01
9.027954601277972113e-01
1.342156690701356458e+00
1.019089434058125576e+00
6.934313026084521603e+00
7.235182308681795682e-01
1.475694588152309583e+00
5.838690496371919281e+00
2.755467487686980910e+00
9.426341039679121403e-01
2.370405173637546437e+00
4.308103692745746116e+00
3.729351454784671782e-01
4.954739041524457432e-01
2.967407288878006977e+00
4.097184259187682809e-01
7.669888749844608888e-01
5.101245694109711737e-01
2.198700414482695820e+00
5.647356241375509622e-01
9.822170794832901564e+00
6.923458266958505192e+00
1.538635487500765286e+00
6.845976702110889711e-01
3.311290019436014531e-01
3.546082112809322284e-01
7.814388002051887439e-01
3.573697890361565488e+00
4.838831008460081073e-01
1.357895735274919469e+00
4.679741327472122236e+00
6.713148419330572381e-01
4.416460207935093862e+00
8.644624430002753046e-01
3.024198497488030046e+00
3.053631257413970346e+00
1.266170075074398937e+00
4.248038567923541065e-01
3.802151712220697699e-01
2.581091866085905462e+00
2.904248859865810051e+00
9.337115092696678387e-01
4.813287530753136978e-01
5.707034654787531025e+00
5.099137499320720579e+00
8.226838021814760760e-01
2.304853330727215432e+00
2.559785927998960542e+00
5.797331484455363615e-01
8.765054931004623295e-01
9.251960123610130093e-01
6.445164438030408505e-01
1.494111105225064406e+00
9.411293229776530822e+00
3.131270495385279240e+00
1.252393625689663503e+00
6.087954257616714493e-01
1.271735092139195444e+00
3.799664783175391580e+00
8.397415722400822791e-01
1.024281224657374922e+00
1.595219291603256595e+00
5.246395403226506104e+00
2.566368164463979085e+00
9.619236557993993131e-01
6.112702856054760048e+00
1.292506754329484586e+00
7.871897405517658264e-01
3.520814685744328987e+00
5.378345176313596987e+00
3.309994612937873448e+00
1.464888882999479947e+00
7.310810780335595949e-01
2.208927816787019882e+00
3.265619798834366594e-01
1.267078915076083723e+00
1.766418638570587785e+00
1.123362406314664996e+00
3.146415770303705450e+00
1.775014824456018880e+00
1.603891850645381423e+00
1.909347962201551008e+00
1.144247221558555516e+00
1.507728033241667820e+00
4.192400078349859394e-01
4.197102218734410251e+00
7.221571641195853042e-01
1.571949699241408371e+00
7.019103621042001029e-01
7.161068437950782517e+00
2.273625881317725472e+00
9.676003812570104223e-01
2.462417060750154096e+00
8.051027666411455508e-01
1.644453872231788516e+00
6.368329313085839827e-01
4.947195193534142943e-01
7.368159005444018916e+00
5.911619616573681180e-01
3.488786233238894141e+00
4.792785160228607566e-01
5.221454466931392702e+00
2.104070273100042243e+00
5.803880019049736383e-01
8.750905531397007664e+00
2.721850113024807616e+00
4.752186639610463947e-01
4.115457806663684881e-01
1.375806725211499382e+00
1.002253122573725674e+00
1.744513447233984049e+00
7.317981465971804544e-01
3.727123308039639316e+00
1.372382144340330568e+00
1.636254332222856878e+00
2.105038929166268336e+00
3.218413411523053935e-01
2.019987277265165915e+00
9.037420459337114353e-01
3.639356481525574338e+00
6.325020969833254902e-01
1.543202794565406544e+00
3.069658506885335481e+00
7.050318131796721177e-01
3.491540530793273978e-01
4.939847976601334345e+00
5.506316609478242086e+00
9.459475858145307114e+00
5.260565078418035778e-01
5.115759087191165122e+00
2.348325216613085242e+00
3.848728485138458999e-01
8.001249055720347503e-01
1.022394620207457416e+00
5.467024024881396826e+00
6.217350691148865849e+00
6.272083557099689122e-01
4.550123156500546773e-01
6.077780757719418503e+00
2.843369587360311534e+00
4.248404185304552327e-01
7.862602399857300917e+00
9.683247432769952923e+00
1.256514980264361370e+00
5.234718792815126198e-01
4.165165485987890825e+00
2.514272095111116823e+00
2.179556446958516247e+00
1.591517799476667161e+00
2.866685566275716024e+00
4.492782819496898283e-01
1.067943863091488588e+00
8.588927432439044551e+00
2.604197182382170794e+00
3.563173744693566292e+00
5.464867883822283057e-01
7.881155580039501451e+00
4.644775318820554832e-01
2.548778640872640278e+00
2.323184278698306571e+00
1.229032521638614650e+00
1.033233786511431607e+00
1.407881811020394114e+00
1.328289328893960786e+00
8.848731854882597725e-01
5.905435486260622868e-01
2.763470812772602425e+00
3.564604314418743591e+00
3.409666233001871660e+00
2.198546041062395151e+00
2.689358495624283307e+00
3.821127820138816134e+00
2.936311545033349013e+00
5.649575087933702555e+00
7.730881211929729879e+00
3.467762749275850709e+00
2.856222320034565332e+00
8.849576012158121285e-01
9.113508323012413648e-01
1.207562670285737383e+00
9.071623992366145695e-01
1.019082495804319421e+00
1.699153017836047663e+00
5.873026484676540093e-01
3.744925926774049785e-01
3.357035398864828268e-01
2.074903570474496917e+00
2.402554969426871967e+00
3.694522677953922529e-01
1.037831387215727430e+00
3.314474003428694804e+00
4.699688983549880072e-01
3.218413411523053935e-01
4.697883310771887366e+00
2.742132510281456437e+00
4.138511894226065913e+00
1.483227778118642037e+00
3.296093851687998399e-01
4.116449598889638573e+00
5.228423722482016700e+00
3.397915244774334376e-01
6.006723891507362856e-01
3.617785039998790975e+00
4.643755640501225912e+00
2.717311613415708038e+00
1.676038419741980201e+00
6.371822396502504482e-01
1.779084978027127839e+00
3.029036967199834507e+00
5.258523360757568765e-01
1.153682298270137130e+00
2.060070089083137379e+00
1.584820564676139520e+00
5.000650701245660246e-01
7.618018639542838422e+00
1.349873885052943256e+00
3.291416743497234787e+00
3.971690736383844955e-01
4.418874775414395883e-01
4.538145367977416633e+00
5.126148776670797602e+00
6.908269137355618206e+00
2.799261720411840848e+00
6.727523099186728750e+00
8.992746302508454193e+00
3.211688891347129093e+00
2.222672191806045028e+00
9.210208992213944068e-01
4.119253533630119257e+00
1.573209889705570630e+00
3.218809883526284388e+00
5.788022700164876522e-01
1.163031854404395382e+00
6.255620648603016365e-01
1.657433169044006505e+00
7.754940067956029859e-01
4.474517511880040654e-01
1.288038816677846032e+00
1.680529698490069501e+00
1.056136392520178546e+00
1.257262978501415995e+00
4.420570551559324657e-01
6.213874044584414946e+00
1.340859057799135723e+00
5.358107974545258667e-01
2.071594413223360576e+00
5.025471792186727349e+00
5.846365950464308625e+00
5.364938370283292013e-01
2.889159606753060494e+00
1.722613347489971192e+00
6.438784537013593656e+00
9.133985692307544646e-01
2.212279871327468950e+00
1.155535792279207108e+00
3.577114976053859419e+00
2.842030692017451177e+00
3.026006308962029934e+00
7.043744542822646615e+00
9.448200874849697062e-01
1.850272789114264516e+00
5.824451022109924381e+00
9.448931020903521549e-01
1.157635336947818727e+00
1.660223525506076436e+00
5.420122705586555290e-01
6.425711858336414117e+00
1.513965111809549624e+00
4.225505603053710812e-01
7.336092625611880802e-01
1.191368266266046749e+00
1.579369758453156303e+00
3.628741392969843993e+00
5.646129445909686684e-01
2.104361271446653081e+00
5.953935280128186402e-01
4.364085687855481788e-01
4.320919848054121104e-01
6.226756179197296959e+00
7.493490662274667757e-01
8.977449418877365694e-01
5.768087347298554990e-01
1.921705024741305001e+00
9.737078545536412832e-01
2.076699030524799205e+00
3.613628852043629380e-01
6.960782522424522334e+00
5.438364091399021660e-01
2.939121069245267392e+00
3.381402275497454646e+00
2.955381208830687445e+00
5.975067738944427331e-01
7.262522355416264341e-01
3.028144151344773771e+00
1.060208440791834184e+00
5.551245363109584829e-01
6.977908817300496835e+00
7.204712233129661136e+00
5.048050208207928158e-01
4.818931307238731310e-01
2.218970021152735672e+00
1.148936147152987752e+00
3.218413411523053935e-01
1.866142106350415997e+00
2.155213896004446461e+00
4.426721397433512339e-01
5.811071244754660192e+00
4.657708243110650237e+00
3.796846897526640618e-01
7.669716297120009463e-01
3.585840467604722193e+00
7.288865550559636697e-01
3.218413411523053935e-01
1.508301283956177352e+00
4.299245355291719806e-01
6.981822709639914359e-01
2.752412568548624261e+00
7.987280682982422775e-01
1.281454811949672923e+00
5.135674704502919408e-01
9.089285409213672118e-01
2.786542595706362757e+00
9.224925153259961874e-01
6.379118132655993811e+00
5.563310685115212983e+00
2.374399439903783104e+00
4.031198087879557690e+00
1.036980919479653096e+00
3.696573241790600539e-01
4.542905559078103672e-01
8.651162640243811319e-01
3.633881187987429984e-01
1.050290418855748698e+00
4.799059616600312994e-01
5.360225159934856043e-01
2.922719542559291561e+00
9.091862249260906914e-01
1.887015184756585251e+00
7.214351517531844005e-01
2.371374041629242146e+00
1.929048185875982035e+00
1.266796299899646039e+00
4.109203863971049309e-01
8.064461895027127403e-01
1.157011184070491083e+00
2.116330266876369048e+00
7.510575278037417979e-01
1.310760219902521007e+00
6.431067513857992024e-01
6.489039352127241145e+00
1.868987838885652009e+00
3.838701223018216035e-01
5.913731724480428831e-01
2.712777289488974120e+00
2.318288184685408204e+00
3.218413411523053935e-01
3.544353073117433861e-01
6.037713727962968902e-01
8.094841830648580316e-01
6.844582720681275934e-01
3.438936421809906552e+00
5.835188249004778172e+00
1.600280790130734987e+00
8.888293983880477533e-01
2.206569568385050584e+00
1.169747130769970278e+00
9.479982175664343202e-01
7.375112864414907765e-01
4.441035630546396717e+00
5.827532976127796083e-01
3.778800969279913602e+00
4.189151573797939010e-01
5.839279606881544460e-01
7.538400343281896898e-01
6.850288567622055957e-01
8.684566342521923277e-01
1.066180368517937183e+00
5.697416209047820868e-01
5.363498551422829941e+00
6.096060794052300391e-01
4.377598248270454739e+00
3.235404093305376261e+00
5.139529610679772764e-01
6.767401736684935942e-01
3.120621148367161091e+00
2.380918704173059286e+00
2.029145640136941431e+00
2.931986268231455917e+00
5.068439583873783683e+00
3.683600053640812000e+00
5.185675977723200880e-01
3.567696188240327970e-01
1.053425658882517713e+00
1.658213962620545656e+00
5.775450352268231002e-01
4.499833519447424379e+00
3.010666660406587258e+00
2.050993414847248619e+00
9.722285955047752504e-01
1.219256943538304494e+00
2.150258590982434992e+00
9.393127303397449168e+00
7.811767754940270869e+00
4.403543448542455607e+00
6.765661521698977054e+00
5.596549261619196969e+00
1.095128833197065887e+00
3.648217461205129464e+00
9.113560128984309117e+00
6.439273677239609306e+00
7.516431793476006096e-01
5.458241329326779523e-01
4.251315463858503785e-01
1.153013271643180904e+00
1.798858421742000280e+00
5.212853053447741303e-01
2.507614087268981162e+00
6.186602866407546752e-01
3.500856033142007440e-01
7.949995753510188390e-01
3.763628436366601271e+00
3.141366815256567246e+00
8.171518600394640508e-01
1.011945274136700990e+00
5.360157097571303098e+00
1.164932340168267633e+00
4.088483874849188626e-01
5.602619232130262361e+00
3.964934014963956144e-01
6.056260369936197208e+00
7.684228458166946218e-01
3.584197576853132561e-01
8.122519457796558706e-01
5.539636684920975718e+00
6.329348868505081382e-01
4.491050919333030578e+00
1.352217614445371696e+00
1.591820331224607754e+00
3.392328312107785737e-01
7.273929316520071353e+00
3.332848946174725158e-01
4.120743155833213045e+00
2.448263518876949263e+00
1.159664417864950892e+00
3.434868250572979065e+00
3.209592861984610579e+00
2.263651003831522068e+00
5.749638312873432078e+00
5.399034408196359713e+00
1.256776254241007473e+00
1.235315119499238445e+00
3.186550991026624757e+00
5.452416076151602731e-01
6.337764809089612150e-01
2.085490565218894421e+00
7.453758400891644653e-01
1.368552232949571401e+00
7.865299192142033213e+00
7.876198989647373416e+00
3.862246411994155082e+00
7.507553904270978240e-01
2.524177522551870556e+00
7.966271844717152106e+00
3.428428631942280536e+00
1.196574107240685025e+00
1.109086030486595709e+00
4.879542885181331613e+00
6.373343229532102416e-01
7.066547454150300389e+00
3.130660168265340104e+00
1.487084932608813137e+00
6.348130842162547083e-01
7.955022147447402547e-01
2.864391393058582480e+00
1.169898016524751450e+00
5.097166570478078862e-01
1.174244162507887879e+00
5.812979924453468783e+00
3.651447645519090290e+00
4.462037834552776694e-01
3.921708702916525957e-01
7.960107768398149153e-01
1.301376765677509706e+00
4.206909669240836536e+00
3.864849564140224736e-01
2.777548947038699367e+00
2.491456835717690055e+00
2.086843457007403924e+00
5.388079682522818326e-01
4.768556630276695074e+00
3.632798971697614121e+00
5.180288214271338010e-01
3.708140558519016916e-01
4.176551997868075405e-01
1.286223363054972424e+00
3.266965735101047263e-01
1.023917326760683588e+00
8.251149370756208912e-01
2.010275867701798003e+00
7.739370905323635919e-01
3.620129412228771937e-01
5.082024673696013961e-01
6.305340485097690184e-01
1.870529837263162243e+00
2.792891435569117675e+00
4.508858604218290544e+00
6.980741147632416599e+00
9.907873314956158195e-01
5.422729551811804605e-01
5.269701425132608641e+00
1.159840010040881442e+00
8.212949731207608295e-01
1.375447429990709791e+00
7.423543017124008436e+00
1.402079067697853176e+00
4.837925539358234772e+00
3.265075467698877354e+00
6.244411397942866593e+00
8.890099164953898736e+00
1.866242160323013266e+00
7.076925384072297653e+00
1.647862109479184545e+00
2.200335713670553250e+00
2.466700522818516372e+00
3.666945868484789428e-01
3.554844548728132825e+00
2.656881501651382926e+00
1.730970888556163434e+00
5.024225381672634549e-01
1.472729748755350565e+00
2.348335514699562587e+00
3.652144553290641027e-01
6.093675026650294813e-01
1.621210361739656491e+00
1.760330305854419075e+00
6.782860730562384477e-01
6.020391065446184520e-01
3.038896669628525782e+00
9.166440618197241319e-01
3.858800051107724172e-01
5.215613507332509613e+00
1.337447628338074068e+00
2.616548792995187167e+00
9.520887473030136272e-01
4.562240144789337926e-01
5.286805979395751143e-01
6.019946804626491454e-01
4.692762793658488696e-01
5.884321208738425568e-01
4.735870968446527662e+00
3.913179757518556734e-01
1.540326349688288632e+00
1.706567789433021787e+00
4.450950444027584885e-01
9.420005497150445439e-01
5.283866151343394435e+00
2.567792756783556563e+00
7.500296357094160538e-01
1.590075157164695163e+00
1.789710168899538267e+00
8.356295650118058305e+00
2.921013976530013601e+00
1.237925005067566531e+00
3.704773984525288721e+00
4.451268351361006737e+00
1.681198424180015749e+00
2.157022897216879898e+00
2.326255742523134273e+00
4.176336161816445181e-01
5.842588738695337902e-01
5.642799826946634845e+00
3.513746903539649136e+00
3.325012460758776101e+00
1.045558802802391440e+00
3.952282647076120758e-01
8.601057999135724996e-01
5.422441342060415614e+00
3.218413411523053935e-01
6.463778017321790692e-01
1.389351349779656131e+00
6.334431973118050951e-01
2.955268330459157600e+00
3.717529227118467894e-01
1.036238040609607669e+00
4.230500586742967917e-01
3.779923235090241751e-01
2.151105898661299420e+00
1.487095952070896621e+00
9.525502250656437964e-01
1.550387027954307717e+00
8.289811598782064195e-01
1.947049358157270538e+00
3.723254138711973305e-01
1.381599984080161159e+00
2.356185742983150089e+00
1.309402706155252227e+00
4.469757978644923746e-01
4.061303838093329177e-01
3.177102692083594526e+00
5.045510443425720304e-01
6.434962573107373407e-01
4.139543154688111848e+00
6.901441954070135942e+00
1.724865178382911424e+00
1.206109828989314847e+00
3.272491088604830289e-01
6.527032075652734022e+00
5.250066585610443370e-01
3.218413411523053935e-01
1.388031484600839693e+00
2.601455127509461729e+00
1.322667201807415926e+00
6.690595165449829018e+00
4.641218313156678099e-01
4.248480892930976416e-01
6.763321611837329606e+00
4.243005296470335197e-01
6.648043442947089154e-01
3.179655139400143327e+00
1.105026705961187794e+00
3.202953788929631784e+00
8.235912855525322485e-01
3.798560514170022939e-01
3.802053400775693981e-01
4.579045379430814577e+00
3.218413411523053935e-01
1.139118343976973424e+00
4.346256359647176493e-01
9.787322971268279659e-01
5.367779170037020542e+00
3.180055316018133293e+00
7.927501578187730047e-01
7.841106744541980866e+00
6.600424923994292481e-01
6.677458699354439364e-01
1.197068291775057691e+00
7.701604869832087141e-01
3.404748693826289863e+00
3.692493084210685672e-01
5.095160746019592457e-01
3.912200890206173121e+00
1.225892682468638695e+00
8.757250574108099705e-01
2.241638108284992992e+00
3.929637206332807220e-01
7.321542619607247282e+00
4.550727909609244004e-01
7.618052918507476790e+00
5.975286038053192472e-01
1.054993343339903467e+00
1.671720200378131516e+00
7.760323962310706758e-01
6.371874601415261630e+00
8.167834484448580623e-01
1.206410773208884457e+00
1.318896116842438015e+00
4.868862943644240437e-01
5.440116932812942840e-01
5.755810685209401534e+00
5.176024400971387385e-01
6.259112163629940717e-01
2.977283724274933263e+00
4.797451102561609559e-01
9.052830725751377372e-01
1.329778446910329759e+00
1.852824072876143813e+00
4.259233057605260164e+00
1.856237717760732542e+00
7.292450306973536911e+00
6.740872500086021901e+00
4.999712775049696134e+00
9.690318016753379782e-01
3.715711881343323753e-01
1.533819246017641191e+00
3.218413411523053935e-01
7.632292432210172173e+00
1.015271598569714717e+00
1.314903535341795937e+00
4.412258333114711939e-01
1.360322400613703353e+00
3.657137201354158096e-01
8.438504965533946134e+00
8.081669947737688986e+00
8.322291587451224881e-01
4.947707100862052676e-01
1.588793810525593875e+00
1.961588857785682150e+00
2.890748019876185460e+00
2.708044082977002720e+00
9.053468852987966997e-01
6.039554002634059948e-01
1.220529933848491178e+00
3.460300823495230826e+00
2.279289612857311464e+00
1.310406459676595192e+00
8.338520518679708449e-01
1.348615959669193343e+00
3.267823721754998800e-01
2.503713628559772530e+00
1.293969588297976037e+00
3.922283330841336291e-01
3.864231756312978550e-01
7.128582721768554897e-01
3.947708410403273915e-01
1.599854733212598523e+00
3.428038665497148862e+00
2.688645724016601068e+00
1.738765002177649066e+00
8.798218258015165771e-01
5.686465156262712206e+00
7.816238257049116234e-01
3.736044433760853933e-01
2.834326575874764220e+00
8.672625948810012142e-01
2.255880126179767409e+00
8.808400086507329974e+00
5.744986929263896869e+00
3.730239383870161962e-01
9.357529127460351148e-01
2.626816912513556534e+00
4.885327037980597531e+00
2.172979499634227540e+00
9.254220720808694622e-01
6.159568446037281264e-01
1.522531046629455265e+00
2.724448708713434364e+00
3.785780096460059085e-01
1.950467456897957419e+00
1.929079806468871672e+00
5.601942228310535787e-01
3.305676518037306000e+00
4.982529678228883041e-01
1.044705494433648463e+00
2.649662005332747761e+00
3.286433904265023020e+00
5.514760273946471836e-01
4.886335253617867247e-01
2.759100795709961584e+00
9.015112145892644202e-01
2.452679618166715869e+00
2.108670660381510853e+00
7.427346628352284874e+00
7.963337259390913303e+00
3.086327968537490030e+00
6.986789564724508184e-01
4.298145886931830084e+00
4.790061026570145986e-01
4.726285811305819817e-01
3.371386057389150093e+00
5.977227740085542251e-01
5.110580600186322542e+00
1.354548386839062202e+00
1.206487927461629139e+00
3.847468281090011377e+00
1.127707517169553642e+00
5.746103276573883534e+00
6.920414217517505406e-01
2.395379239971657803e+00
1.622423430403699518e+00
2.130806772874207500e+00
2.368996638371043684e+00
7.189132578579220390e-01
7.122827239091659157e-01
2.253154332739257359e+00
8.780400673525700084e-01
2.070639120570119118e+00
4.342239380630379397e-01
4.006869764519293553e-01
5.451640503888912637e-01
4.729478298772301081e-01
1.423382644230783978e+00
7.501497268563637189e-01
7.429590065442775781e+00
2.587381972495539362e+00
9.200191849559955504e-01
6.418642924608634059e-01
3.650089481902318300e-01
2.713428512282519023e+00
7.888366759311813858e+00
4.762454738989678305e+00
2.692093911087494185e+00
1.851773593632061177e+00
5.422925776349342142e-01
4.804640972562111978e-01
6.205928401076784562e-01
1.630623732006133864e+00
6.782295982277303237e-01
2.020052963355938758e+00
1.339497394266389918e+00
4.339936110994875307e+00
9.060507118089141665e-01
3.476986117323065950e-01
1.117142564183162046e+00
3.435985468130358100e+00
5.591253011229309067e+00
3.780304278297252352e-01
8.639514295521040221e-01
1.748962993226316431e+00
1.869914571960680894e+00
5.150019405304393505e-01
1.129739786716954297e+00
8.595823854359798233e+00
1.940518359814910720e+00
9.272640498457367375e-01
6.895040844124304957e-01
5.107711440969611161e+00
1.615435214411268250e+00
2.001138968802541385e+00
5.072370836822738260e-01
2.528896676375558261e+00
5.504956455019566208e-01
4.498628019290080715e+00
5.417755125964536234e-01
3.362002121432516866e-01
3.760183116006773907e-01
6.661558507609867119e-01
4.045125617276381647e+00
4.070181561081194666e+00
6.480134896992475468e-01
4.042393144081180001e-01
2.055153001540523050e+00
8.448934976626795157e-01
4.128239600959340283e-01
2.292726676003637998e+00
9.053959422825457182e-01
1.205426369347168958e+00
4.110034510232418170e-01
1.525613664956799953e+00
6.223062169047796077e-01
2.098998813364579163e+00
8.444786443748243387e-01
3.086544864930495624e+00
1.852634316926010438e+00
4.970172866102910980e-01
4.261308433019098674e-01
2.591785227380052792e+00
2.104201625907599293e+00
7.933927955107772156e+00
7.801907501885840812e-01
2.405797335078903476e+00
9.597112783650282308e-01
3.887203799190898090e-01
5.861334602143782879e-01
1.405634330345863381e+00
1.061428647512393963e+00
3.111827158179661712e+00
4.825205103835778608e+00
5.059156542086815200e+00
2.184554587335217679e+00
6.366557376032363713e+00
5.901528657536040390e-01
3.023342321554913337e+00
1.252024285335270326e+00
4.071742134284191406e-01
7.164814121518342516e-01
2.145975653837975727e+00
1.010086591150624935e+00
5.799682555584141364e-01
1.908895473695986666e+00
1.096020113226465753e+00
3.203987042581923905e+00
1.384389235945675090e+00
1.036376999592104831e+00
5.367831957588109049e+00
1.852145907607308573e+00
1.225972382701755237e+00
4.385014391772958930e-01
5.955725790126664698e-01
4.059749582747693708e+00
4.538973655153261677e-01
4.501123903451386354e+00
4.637126102843842079e-01
3.854357332127198998e-01
1.007560390181389653e+00
2.217447607156479705e+00
2.792786937576912543e+00
1.733572337298450616e+00
9.285274933550630161e-01
1.951615423891919665e+00
6.101889284727517460e-01
3.625417447696182016e-01
3.955132376511951264e+00
4.027677067558400048e-01
3.616293250679745164e-01
7.753683161111973865e-01
3.553076071798829449e+00
6.239002815592986195e+00
1.865339581840823380e+00
2.391877518339635245e+00
2.397082081853083579e+00
1.769148695056359299e+00
5.045949366627577870e-01
6.732444236317181918e+00
6.762761466363915730e-01
3.894077418789755107e+00
7.136643152214442232e+00
3.636712946102848676e+00
1.128979013433577538e+00
3.280504827051598404e+00
3.700104808663311484e-01
9.799998630603468097e-01
4.055182954881024204e-01
5.737911417622902910e-01
8.220345490322514825e-01
1.965034320428696635e+00
6.811296526928594108e-01
7.517697382796326711e-01
1.030681219986625763e+00
5.769946762781961169e+00
5.022518251709458426e+00
2.583708394463517966e+00
6.717595680863281959e-01
2.407894276158903057e+00
3.819951243094318105e+00
2.591680753622024991e+00
4.724844130093866501e-01
8.775747499840969024e-01
6.735221452205130133e-01
3.848156730146352178e+00
5.700565117470721255e+00
4.629104586087251505e-01
7.137798899126803764e-01
3.757066768058778816e+00
9.763286466708757105e-01
3.970064471847329024e+00
4.596429749648450191e-01
7.249196826559543005e-01
2.412161954929981533e+00
6.561473434279777583e-01
1.797163619594527528e+00
4.810093012254094136e-01
1.719296034894532754e+00
1.199252714649746698e+00
6.159479826647213940e+00
5.194125735759144158e-01
1.311378968948434309e+00
1.555418782293020774e+00
6.271729047461179762e-01
1.066284937695717083e+00
5.868654508268535075e+00
6.525078343006884829e-01
1.707879454536709529e+00
2.953381592123364818e+00
8.979309310188092752e+00
9.025133004356978850e-01
1.995849270669006081e+00
6.299449653447955377e+00
3.464026946883141722e+00
5.366338423952870862e+00
1.452262378698624623e+00
2.167385053985694032e+00
1.411818868684501904e+00
8.086442929227644072e+00
6.098111289379024580e-01
3.483296067102419902e-01
6.144970018273628876e-01
1.959420908687492080e+00
9.572743465081102743e-01
5.303752696711333536e-01
9.137789642869716955e-01
3.409909455479523954e-01
2.853609774976000324e+00
9.537890893351850252e+00
1.533712207986632770e+00
6.149607723657229963e-01
1.147791010408212076e+00
7.390936780609361767e-01
3.833817870126006166e-01
1.798538021885748073e+00
7.750361186485179132e+00
2.835052012952636424e+00
4.977606921218530878e-01
8.924908424077924174e-01
4.477314651659554556e+00
4.011772570326973542e-01
1.342786695483019210e+00
6.940007647943684521e-01
5.155929908956273788e-01
3.945394783750136858e-01
1.895326238909334604e+00
5.094944338323441624e-01
5.770860579210969732e+00
8.544154257370756289e-01
5.014059539591049663e+00
1.528728345172476466e+00
1.035139954181704347e+00
7.869240336327426810e+00
1.772923694135031258e+00
1.538389929206753992e+00
5.725135813109314409e-01
1.145073822997225932e+00
4.429060539387582596e-01
2.334251476152610305e+00
5.122158534149665599e-01
8.275681969927803916e-01
4.537972912809212778e-01
5.039079350438048444e+00
3.047190369146997480e+00
5.572891804466223453e-01
1.630603639348776612e+00
9.882261264763786413e-01
7.088767186587796587e-01
6.014634650925105852e-01
7.207809207520189387e-01
1.919608783156858900e+00
5.342507378486892611e-01
8.184127904759140870e-01
5.587483993897276457e-01
2.918975549597179864e+00
2.274200047023218207e+00
7.586191919408993289e-01
1.699027246638344035e+00
5.564265897868424515e-01
2.728598128108620458e+00
8.947503428511500712e-01
3.192954389350844302e+00
5.870147723130111350e-01
3.970092721955720827e-01
3.231110436200560487e-01
3.429400465167722789e+00
6.270801844000466474e-01
6.265329360142574133e-01
3.647371921477915890e+00
7.047665863804383202e-01
4.216825727598316198e-01
3.894576520716401813e+00
4.008625328385475584e+00
6.055017854651680853e-01
8.549588864451116432e-01
6.169687840780395671e-01
3.978047480579268047e+00
5.477620849556514848e+00
4.397208358005958218e+00
4.343506959682863489e+00
4.471342289002239734e-01
5.793898157415019456e-01
1.575394444306283059e+00
2.829553169774630561e+00
3.619098492015250246e-01
8.584125839978012928e-01
9.610816816740500590e-01
3.655474513089461142e-01
5.777907979402764349e-01
9.039428271734556430e-01
4.339052343747933915e-01
1.414484298173608545e+00
1.374510778961850033e+00
4.736397243710094074e+00
9.554377432287409988e+00
5.994300269084273936e-01
1.321575443472877698e+00
2.239262470251857984e+00
5.099671851687641588e-01
1.011650078919905660e+00
1.760175728298816411e+00
8.105906632809749546e-01
4.458999368444583333e-01
4.640781683406778879e-01
3.721259213419009448e+00
7.346254489980865721e+00
2.044781938180117997e+00
9.160293923528338711e-01
9.250940005230378071e-01
1.318141622701240356e+00
7.196369854419097045e+00
1.957770024615123727e+00
1.955125553969736529e+00
3.913328817434962859e-01
2.602761195936237559e+00
4.099513601567897680e+00
1.150466027049664497e+00
4.754781457640235409e+00
3.828896291500352600e+00
7.938595816675939609e+00
4.270049019997759765e-01
2.462797731247261535e+00
4.029504229912916458e+00
1.989395115004732650e+00
6.355169994314460169e-01
2.256755639432503902e+00
3.868031129668356716e-01
8.049197025346095380e-01
8.988390276734699924e+00
3.935293028824508044e-01
2.034859667360476188e+00
6.997208725633136117e-01
2.102901935680809853e+00
8.033721682007206599e-01
5.243368980040146177e-01
2.065436011854368648e+00
1.648245154749550245e+00
7.603100197451678754e-01
3.218413411523053935e-01
3.481724556776846224e-01
3.720375131908156829e-01
1.847172418081049594e+00
3.390471111117054903e+00
6.068433007435619642e-01
8.912096220645995714e+00
3.356580001015939452e+00
7.070443530323020642e-01
2.986167742320001928e+00
2.246559787919626405e+00
4.371948139730259530e-01
1.845571457910836211e+00
1.258837545343033826e+00
5.054452618035921718e-01
1.246171567878851416e+00
2.640650075335111424e+00
1.778431313001370473e+00
3.126433723814090015e+00
1.148995611312708220e+00
6.304353958513964074e-01
9.773491473646876315e+00
1.429733417681280816e+00
4.293955508058764359e+00
6.879387105887329490e+00
7.183417477158832165e-01
3.366454229831565836e-01
4.368174557907810396e+00
4.817036918487762609e-01
6.855735399813506215e-01
9.000518588206822823e-01
2.918155009909121134e+00
2.350695494796215979e+00
6.197031993077061207e-01
1.711378742839447797e+00
3.572660335935212483e+00
3.218413411523053935e-01
3.649309298355394748e+00
7.845877631149247300e-01
3.762951082693856808e+00
2.739174198375458946e+00
3.972170393552202583e+00
5.299876738312453428e-01
1.212050930446992192e+00
8.067889146382430932e-01
5.180402467686543444e-01
3.289172496014650671e-01
2.125785400990888085e+00
3.370594188677240588e-01
5.674888257220165322e-01
3.425215051888839679e-01
9.135857432656312449e-01
3.218413411523053935e-01
1.128240346472642264e+00
1.932493901694599669e+00
1.177445318126111973e+00
8.241815992145450354e-01
4.223378231952676032e+00
9.883569560719482894e-01
2.743806463755984915e+00
3.218413411523053935e-01
6.951673612307689432e-01
3.013709451726530819e+00
5.505263137947140617e-01
8.476123122170150737e+00
2.289820422153954649e+00
4.177656403227873128e+00
5.385752118877135786e+00
4.509433072793495034e-01
4.643680461752522248e+00
2.591071009961608329e+00
6.026719868847271400e+00
8.047414041293093900e-01
9.373844963046217282e-01
4.985402797069524161e-01
3.218413411523053935e-01
6.586155827949777830e-01
6.781143745008873402e+00
4.924625492728132992e-01
3.748809730025919773e+00
5.219187508384927066e-01
5.649413279061593629e-01
3.587578385801910574e+00
3.175916667942036753e+00
7.581880876422966153e+00
3.577331966141120478e+00
7.666754072989062863e+00
2.408938218876229165e+00
1.410999756532834937e+00
2.357060391918140319e+00
2.611911858262009112e+00
6.770333442242145949e+00
6.507974404143076486e-01
1.338584725365808969e+00
5.068422294024403918e-01
1.046465771819527379e+00
4.404288478394451367e+00
7.565907067331642644e+00
3.186975015298238567e+00
5.429574030381518757e-01
4.687079990025644349e-01
4.568155115471689842e-01
1.551754435756054207e+00
9.873421665416090010e-01
8.911871383096784394e-01
1.401228316485485292e+00
3.227448733574333484e-01
7.628568463285088086e-01
7.608407799826371054e+00
8.974884192696480412e+00
3.551481412388799441e+00
5.947267526433803742e-01
4.475897946565212671e+00
7.583691370933483000e+00
1.415022391887130082e+00
9.049088444548519794e-01
8.038107434046197763e-01
4.994911934041165735e-01
1.638927119178715364e+00
7.569112201213998858e-01
2.745323318185937556e+00
1.475984153655257813e+00
6.163173860823133232e+00
2.731211677952452455e+00
1.080352393685713785e+00
5.274361594022480837e+00
1.377720953478068555e+00
1.555349076408038433e+00
3.420022199899865001e+00
1.026780571410797593e+00
3.783127288361562979e-01
3.554157412465023480e+00
4.656626153393703227e+00
4.863191038666141996e-01
6.522796997317615864e-01
7.497796670901683003e-01
1.344564406077133567e+00
2.060203021420844660e+00
3.218413411523053935e-01
3.732532152366178635e-01
3.242073314442784238e+00
1.220713634419098303e+00
3.716208408749533398e-01
5.813112643355808018e+00
3.278845824206003012e+00
1.115810257117495041e+00
9.181122074638484731e-01
7.634003353721616758e-01
6.402043773395956983e+00
4.224108751881354706e+00
2.190146027771354031e+00
1.955582744036632015e+00
5.354586593554656382e+00
2.526048842978306563e+00
7.536561962171052897e+00
1.015408394636604594e+00
1.542178241951180473e+00
4.282192369126311404e-01
1.491698686507099580e+00
1.001929232334794140e+00
1.031894841849662292e+00
3.454348684419123572e+00
7.875212996251395481e+00
9.722602216817028964e-01
2.653397625675552707e+00
5.411029399548371588e-01
1.585273666709010598e+00
1.582293325946198648e+00
1.423610372918701072e+00
1.772356201248389995e+00
9.470303285891242595e+00
1.633607906834757983e+00
2.728283475340750552e+00
3.737019807967144613e-01
1.529531549989957329e+00
8.655883685783873904e-01
7.192887805406708024e-01
2.648934813568166735e+00
1.061682826476451291e+00
1.153509091039232048e+00
1.573573838577972284e+00
1.719259070479464135e+00
6.324194401263544263e-01
4.643661166042280519e-01
1.128515390599059698e+00
3.230609375364881797e-01
7.017342841324632374e+00
4.432717226505739738e+00
3.380324879034595220e-01
7.526296547256779990e-01
9.854599701997632799e-01
2.912067525863334172e+00
7.633490353610450363e-01
3.909062637576445343e-01
2.172916793245813327e+00
1.554460095517857132e+00
5.868916839034335808e+00
4.362142300649115789e+00
1.198545828229291788e+00
3.457299381620134726e-01
1.103076987371098605e+00
5.198008335597777974e-01
1.852319680174781880e+00
9.070657096364757033e-01
3.218413411523053935e-01
2.560075497081753415e+00
1.386599867559983990e+00
4.588446836023698516e+00
5.179385570871074762e+00
1.665668356892049395e+00
6.638468661484647981e+00
4.906665174701942078e+00
4.213693752219963784e+00
3.058327652640522309e+00
5.980807578948761360e-01
9.589547466927433872e-01
1.227299329537175687e+00
2.799127563767517479e+00
3.288202789073114030e+00
4.349679970111539062e-01
5.980381702744244077e-01
7.186118159124060822e-01
6.568208674018719329e+00
8.557710116304027892e+00
3.448445962422220235e-01
6.752239967778952412e+00
1.000149140537856418e+00
5.140394127039736860e-01
4.607210319384411612e-01
1.240539747982725149e+00
9.529358540635968211e+00
9.360598857114809102e-01
8.348952501507936219e+00
5.053201363736326890e+00
1.592164811701415772e+00
5.409017922052615113e+00
8.438044134409427022e-01
1.878598166068738085e+00
7.977379478708693794e-01
2.560116535786971514e+00
1.338961496951311947e+00
1.896484713337466710e+00
5.528528114903788371e+00
5.919891947385168551e-01
2.142308724974229417e+00
3.699684842482011238e+00
7.993385662601623087e-01
9.520585601904807405e+00
5.217670939573895161e+00
3.690360723624866446e-01
6.119479067644520986e-01
3.828451866286349259e-01
4.725778926649846223e-01
1.622554304555586802e+00
2.457258243518438690e+00
4.545301517761846655e-01
3.880322924742076740e-01
3.333974427069327784e-01
3.638214921951297698e-01
3.763012348485165748e-01
1.553092734513398465e+00
1.801242366440102050e+00
1.968204076835057936e+00
8.931767640005970899e-01
3.524509809907594993e-01
4.492325715125146779e+00
4.798913166668000940e+00
2.851973208119520820e+00
5.767902005566489798e-01
8.394593528754439760e+00
9.007403385859557687e+00
1.463173385642653201e+00
1.885847559010438435e+00
1.548295789572972314e+00
9.763803550623935124e-01
8.058982588106781364e+00
4.450592586434657605e+00
2.290686659009483428e+00
1.914580880535081020e+00
7.910460337805376163e-01
3.744550316758145092e-01
4.048587321606132994e-01
2.547787631756213589e+00
6.813681557669121425e+00
1.411522408397345218e+00
7.374621423757237171e-01
8.880237276248951206e-01
1.239541851729276889e+00
6.782053475552158872e-01
9.396546226426128356e+00
2.940736988139485142e+00
3.526100205799117315e+00
3.264883945108636443e-01
4.813365122556102271e+00
3.491808311983256030e-01
3.484531041972685816e+00
9.097530919819201145e-01
1.578302676905099400e+00
2.762669176405608162e+00
3.835980377247155904e+00
8.406085861822334415e-01
3.830220921001253331e-01
4.207918637359363001e-01
4.558327429343022708e+00
2.118366407769860071e+00
2.960180723896123745e+00
5.629459117785141409e+00
1.163926922864972680e+00
1.283610598933621283e+00
4.092125763372415070e-01
2.904057499483650773e+00
8.432019296135341291e-01
7.011767966528362761e-01
5.449147409980468204e+00
3.374610948605488159e-01
5.490943141198255439e+00
2.336981288260091993e+00
3.847442953253538689e-01
1.174969902657654774e+00
5.156380472532025028e-01
3.542745489661231151e+00
6.020749740305566533e-01
2.678207459095974130e+00
1.124900023158284856e+00
4.745275052683289196e+00
1.501160315562376724e+00
9.362576314161350499e-01
1.342159810606703640e+00
9.425602000298868299e-01
3.702863151802401331e-01
8.300563491117217696e-01
5.712753929613783033e-01
3.898527559477142468e+00
3.467064329658940736e+00
7.369213722852367976e-01
6.512638547112717946e-01
1.392814593398467693e+00
4.551316310297408130e+00
1.979081414272113371e+00
9.236643122787346893e-01
1.642306305454063198e+00
2.191227422243164913e+00
2.909822717208024656e+00
5.066299096072325092e+00
9.806918357094716043e-01
1.208982615199622579e+00
2.820979896689141064e+00
4.477519386304127380e-01
5.472831160198348144e-01
9.999978279043024720e-01
2.339151519992216599e+00
6.809477876332171498e+00
4.716906308802034653e-01
3.174948934928837563e+00
2.585714175879000987e+00
3.416171251855682489e-01
5.246998339730221339e+00
1.858954465086405605e+00
3.889118081739374677e+00
6.309323401412766374e-01
7.183307659916897681e-01
4.095062262252220919e-01
6.019518374506715119e+00
2.483671335904876099e+00
4.479822672971290887e-01
1.367970318652580453e+00
1.866648309614587165e+00
9.378243197896974914e-01
1.019602056554974601e+00
1.554456055719049434e+00
7.358217969114965840e+00
4.298682977726693721e+00
3.946828332056561361e+00
2.399679210912511351e+00
6.895573105296213257e-01
1.739591869558820614e+00
6.556241049757501882e-01
3.178128045974319082e+00
2.064351397768220409e+00
2.537872498028467483e+00
7.161862596756366273e+00
3.218413411523053935e-01
2.745716263182149230e+00
5.951487211221012652e-01
3.643996868038013592e-01
9.672692372326125998e-01
2.850537024922693785e+00
8.151882100854018764e-01
2.804822767732884081e+00
4.242529242108405985e-01
1.705864496063125291e+00
2.150941000629603472e+00
1.933294685987139383e+00
3.352686061982240506e+00
1.847475683279173886e+00
3.832115632552033802e+00
6.324632787524053779e-01
3.218413411523053935e-01
3.263248849467720314e-01
7.444683671562427607e-01
1.505880787639700680e+00
6.050718195760991236e+00
3.680144877742592691e+00
7.807469158918065588e-01
7.651517360297378501e-01
5.465105255950156504e+00
4.646237983834269336e+00
1.029969596043177171e+00
2.893442951785019535e+00
4.619788255546563582e-01
3.718129759993531458e-01
2.155719881948401806e+00
1.399639477367158547e+00
2.425669030730376985e+00
1.572264154406207037e+00
1.658811446291541758e+00
2.105148067081927366e+00
5.003434792942473841e-01
4.060543832909030648e+00
6.279039537724693254e-01
3.500908493869531179e-01
1.740653272224276904e+00
6.743820552840832372e-01
1.170634749392981400e+00
3.764423856991839235e-01
5.401898047309733331e-01
8.174309144284549689e+00
2.023073749896276752e+00
6.006864331252343980e-01
3.253076930071358563e-01
1.213979095640330019e+00
7.417872581291731215e+00
5.186650573010578302e-01
8.668635770977527466e-01
4.936194475063898635e-01
9.649586472389805047e-01
7.743080694408627229e-01
7.805377743512986743e-01
1.379240164874585561e+00
1.203722661531446914e+00
5.971386299479366500e-01
4.491281736353144538e+00
5.138832243216039375e-01
9.301702217129164119e-01
3.231687135045402948e-01
1.844812567684941396e+00
7.156639305061820444e-01
8.426184642691092463e-01
7.356910975837160915e-01
4.658476783415296252e-01
1.300914804971848193e+00
3.517028992015472921e-01
9.632374012991846701e-01
1.021252584082972703e+00
1.171846249827497966e+00
2.686242295136286096e+00
7.641362754617335717e-01
7.042104723865468152e+00
5.679674678149631006e-01
1.244174834501620364e+00
3.796109606804599856e+00
6.776210084719560989e+00
3.894781633612204863e-01
3.369947502787343230e-01
3.270781711821264537e-01
6.465140613825418825e+00
2.849635792001713686e+00
5.528697352247292862e+00
1.836539814759571954e+00
1.695462757316861913e+00
5.286948020436494922e-01
7.045034186933525344e-01
2.819158513569551605e+00
5.944309038626957031e-01
6.004793273102490003e-01
1.659732121158810525e+00
1.239193300124228125e+00
9.751062399694212512e-01
3.228912069476929325e+00
1.042921796208974516e+00
7.219310612954541462e+00
5.912373666017156637e-01
5.805769894311442192e-01
7.253410713294515810e-01
3.824598626305930615e-01
1.576954385029376571e+00
1.249011899664729697e+00
7.572813585583939577e-01
1.827468608285198304e+00
2.767600918260603837e+00
4.470922918615351627e+00
9.958166667090639912e-01
8.335927834137948356e-01
2.836605766326533828e+00
2.528791736767095344e+00
2.102527180497659298e+00
1.494032544361923120e+00
1.040844265982953765e+00
4.940015783217054590e+00
1.336603555394827447e+00
2.717101431535757783e+00
8.497937682891192779e+00
4.419630005085458668e-01
2.428857750487595002e+00
4.784294928197497576e+00
1.938148422181221520e+00
2.243704451874842576e+00
1.623061978416808326e+00
3.020082513168469429e+00
6.444699860151822390e-01
4.293155931119960300e+00
5.316084330214247977e-01
7.009044983874958001e-01
2.393217536458661421e+00
1.957513390201001791e+00
2.774091661152666255e+00
9.823104335623987771e-01
2.357873800538822895e+00
1.069121087791874647e+00
4.536910921626469140e-01
4.075344443768570635e+00
9.432013891135362371e+00
7.473961787246335753e+00
5.437633500728255020e-01
3.995725771849873542e+00
6.109038345633959199e-01
1.248048025760982283e+00
4.464160337653259703e+00
1.614433182085514007e+00
6.226086301447087301e+00
1.690891789009467905e+00
7.466009295785091204e+00
4.477621389758698278e+00
7.708082743134425652e-01
1.958920994369037549e+00
4.359261920346634289e-01
2.593132903591686134e+00
5.973014747952821502e+00
3.684256902372315512e+00
1.203363854769792018e+00
1.270255470122634511e+00
8.794526213192140673e+00
4.030385133403166509e-01
6.926895263248143975e-01
1.014911561308480037e+00
6.220136806125149409e-01
9.331840146627973231e-01
4.766584650756125474e-01
4.549443619188564547e+00
2.949907870157675749e+00
2.558913577023447239e+00
6.686010452337904919e-01
3.903465633452140260e+00
3.498339001374613400e+00
1.127674226930860391e+00
3.502155671761129629e-01
3.753482646968754333e-01
3.742328161283517751e+00
1.182606929799048689e+00
1.251813403888079712e+00
4.443366801261275922e-01
2.655970880666104428e+00
1.870031119219972782e+00
3.603195295998314673e+00
4.306804200401223581e-01
2.084518449636545867e+00
3.947469015413639370e-01
1.755372892957330899e+00
3.644314181740736736e+00
2.392148958558867555e+00
4.385174045763377548e-01
3.130698828317627136e+00
5.239815703083426923e-01
9.071230058071240165e+00
7.930813209713549750e-01
2.428761670565393160e+00
9.533389388591715363e-01
1.267766280123511891e+00
6.181040668040465036e+00
8.733979087575436395e-01
9.285850542119722384e-01
2.176057478540795564e+00
9.762834408338370906e+00
9.690087599435834420e+00
3.351277426414671634e-01
6.955748404401136398e-01
1.614871710873911681e+00
6.974372015994007690e+00
5.797130548792868154e-01
4.640235621486123452e-01
2.436260967267854127e+00
7.622245939990491159e+00
2.595979867025609789e+00
9.995811585622625950e-01
1.253650479786152072e+00
2.671500635416670377e+00
3.691425454122345684e+00
3.665298750977116438e+00
4.225893058813598557e+00
1.063239105528283934e+00
2.094438614453188574e+00
5.649681569307246853e+00
5.791410592681911496e-01
1.013129464910390132e+00
2.709898351056358123e+00
1.497862244081833660e+00
2.357630736920246495e+00
2.211376982122709389e+00
1.301405837014932398e+00
1.072431313710608736e+00
4.185411556677476885e-01
4.442206987828931197e+00
1.173494484008704042e+00
3.609725862720051803e-01
5.652946014002882436e+00
2.022222762061503420e+00
5.475637441338737865e+00
5.655713202322275812e+00
8.849796490713088826e-01
2.244557991844692957e+00
8.542270135918377250e-01
5.393460209714272535e-01
1.245301448248995246e+00
5.685051814233732514e-01
6.739228528938051577e-01
5.112919714348357347e-01
8.911769281506523033e-01
3.852002891327694911e-01
4.664609395857693408e-01
2.422988669448634447e+00
1.173718463636895137e+00
5.146645509764684601e-01
5.577585329274362680e-01
5.744706839547750743e-01
1.384963176586545552e+00
4.725434009658823875e+00
9.733153727764136676e-01
4.369266151261291253e-01
6.716676953531787175e-01
5.157651092902869605e-01
4.359907736976210146e-01
1.125834755219137673e+00
1.543277523439562149e+00
1.067273467091414130e+00
5.311233890978616090e-01
6.807112690825994905e-01
1.176028779926955758e+00
9.450451287102237252e-01
1.251342774353708664e+00
6.950349187420719055e-01
2.075005095283570800e+00
1.773415327077463299e+00
3.712926443823990619e-01
8.248155052457439851e-01
1.344708325546520644e+00
2.815314792442917380e+00
7.398089250161729025e-01
3.760960767371013813e-01
1.075087096181910118e+00
1.573995460556174564e+00
1.654635681344013731e+00
2.086456827363384114e+00
2.015257844085759142e+00
6.001270371261071546e-01
7.562904591344380423e-01
3.308700752801848388e+00
4.372862561611604582e-01
5.170579635119203488e-01
1.902214865563781832e+00
4.323951418747283171e+00
9.129761275834133993e-01
2.728543078021194557e+00
6.188324778943017357e-01
5.083771405408350041e+00
6.129267623932947995e-01
5.708678760108271133e-01
3.886057428436727079e+00
9.344904397953105457e-01
2.767316491443511328e+00
4.363051515196877950e-01
1.659399264987272193e+00
3.615978043699555333e-01
8.162438298149705673e+00
4.038711527020394598e+00
1.634326081893105798e+00
1.946982286598073042e+00
2.047392539735839012e+00
7.621896278082307852e+00
4.394394831855687467e-01
2.700355266443558833e+00
4.188585874802869813e-01
9.812160644472274207e-01
4.931249744022701553e-01
3.119746692974388225e+00
5.128488502718666631e-01
6.484993922121791599e+00
3.147503642499252852e+00
5.344418629733288517e-01
4.508550846685274727e-01
5.201091847706703852e+00
1.231365205713103483e+00
5.430491839146228683e-01
2.875569876203340591e+00
1.054307773505870571e+00
3.519272052979215637e+00
4.171073665015247456e-01
4.819146727776280059e+00
7.408780478748820952e-01
3.877192777485735320e+00
8.168245205638192674e-01
4.965419610345556678e-01
2.570351298212079083e+00
2.222028462786859393e+00
5.407505688185919590e-01
4.768757104687688653e-01
1.547599322011691259e+00
1.973363636396104681e+00
8.988990675228747396e-01
4.660541321217420707e-01
1.759923459306500737e+00
1.256767041308453514e+00
1.003849381358139725e+00
7.953664070690064092e-01
3.807647124931684557e-01
5.439999223770608516e+00
4.696198371834076291e+00
2.319059134511166409e+00
3.610887401757408188e+00
4.099112521411734988e+00
1.526624521986955196e+00
7.187703674793123332e-01
5.413491570728906632e-01
3.594494558275840301e+00
8.995308568139811500e-01
6.375557173631566377e-01
5.225262995368908925e-01
4.810515786415465733e-01
3.434852672016365904e+00
1.463228445886415097e+00
4.790040720719726530e-01
3.866448010480726616e+00
5.822679392454713998e+00
1.014379391947061615e+00
1.832084843048279676e+00
5.143388593445412660e-01
3.552013185420279662e+00
1.049421354589793465e+00
6.245297180065422227e-01
2.367009914056509068e+00
8.660569103571723604e-01
6.160046787920121503e-01
5.868371180793005015e-01
3.689665396140360265e+00
1.462735181351886959e+00
1.137892040048017250e+00
5.189290868139346813e-01
3.920183271551263005e-01
9.631755501099033001e-01
3.573322132351713365e-01
6.927049768385398210e-01
4.972171058020047774e+00
5.135023812362633500e+00
3.655788492685302926e-01
3.218413411523053935e-01
2.419132202531737441e+00
2.078507152935172186e+00
6.614256107945881702e-01
3.705542877066134722e-01
2.456072274101515074e+00
6.998351897973186908e+00
1.105401151027300743e+00
7.197265488740070438e+00
4.716051561395422920e-01
1.260233553074235902e+00
6.584365731815136069e-01
2.276584799533722503e+00
1.207734572139641305e+00
7.696964337178176407e+00
7.392513431563534354e-01
7.485837039058389486e-01
8.633106924191272791e-01
1.045058444184533419e+00
7.199417360225706108e-01
1.692715712287673480e+00
6.993580188931660668e-01
9.136341340167606351e-01
3.218413411523053935e-01
6.528627564650464343e-01
4.441514668396517318e-01
3.942612883247712530e-01
5.721782120620829692e-01
6.881237858992448331e+00
5.120926739549576112e-01
5.306259513560932506e-01
4.913119952935486090e+00
2.107214799344684586e+00
5.735357580080286510e+00
9.413293418732414652e-01
8.073576957750869809e-01
7.354900936938552070e-01
3.213427496642726311e+00
5.968238897279220190e+00
3.969760953449100738e-01
7.687071154479249380e+00
6.698641280480523985e-01
1.976526699206595294e+00
2.669526958187091292e+00
3.365765220706543048e-01
6.498371949062048403e-01
9.067600761165092171e-01
9.680353803460564066e+00
1.436379876473807160e+00
5.241750680453634459e+00
3.127510293138368702e+00
1.698447412408542911e+00
7.415569171895646239e-01
1.153707611745605544e+00
2.871056753850118159e+00
6.219920890322961249e+00
2.595566564742714188e+00
6.148968283055203932e-01
2.656330581233373511e+00
5.795735350998633129e-01
1.853714977849068246e+00
2.877881539038082526e+00
8.933870170923146059e-01
8.318636695903555145e-01
5.928233679004634160e-01
4.272815917648005724e-01
1.018022554657177281e+00
3.457554006645044531e+00
4.140983441560145972e-01
2.911498317860190532e+00
4.080516032807989246e-01
1.211958503907553553e+00
7.967138182342901942e+00
2.994098073402355453e+00
6.172717330571452221e-01
8.195607134615738865e-01
8.982300757332681851e-01
5.980863263398894958e+00
4.022475247508395246e-01
3.629315256587720140e-01
2.439039874331024205e+00
1.065827479441253001e+00
2.238129566705505447e+00
3.778814420982661293e-01
9.104768056498916406e-01
1.051373576713741764e+00
1.709560296233335608e+00
1.870202139090167304e+00
2.196074129754634008e+00
6.059826086146157254e-01
7.680509428512423131e-01
1.989873943506037079e+00
9.585312406907450011e+00
6.437608830125752135e+00
9.036321442310879526e-01
3.334012391965814892e-01
2.931960236966494104e+00
5.747550273909930452e-01
4.955190489027240019e+00
6.743183612223556445e+00
5.427200981256734558e-01
3.700385906625091037e-01
6.333648178965399778e-01
8.739359678680362897e-01
2.110455206598699007e+00
6.975321734956509978e-01
2.744890622798079605e+00
3.291356921390456325e+00
6.295122154805745662e-01
3.483461259794363718e-01
3.483216654951597491e+00
4.479648066368752679e-01
5.120116586611784815e-01
9.268876950412916482e-01
1.320450920164041086e+00
3.776592201153853856e-01
6.567800344659748824e-01
7.412914668814916119e+00
3.830544863536815559e+00
1.009658821440575283e+00
8.697476296210737701e+00
1.724556620543447938e+00
1.458361327586006784e+00
5.190752463572304798e+00
6.800717661858208807e-01
2.133311636945488310e+00
6.661049749510996598e-01
1.999594103270424750e+00
1.278568204633352856e+00
4.166527503575017666e-01
9.201764228917258537e-01
1.127690837854141925e+00
8.958963159044371904e-01
4.166791911467421228e-01
1.628394264331735508e+00
2.137704190218870703e+00
3.265854889484110846e+00
3.814575578758267471e-01
8.332371149221009077e+00
1.160074103472592544e+00
1.119880558552817096e+00
3.218413411523053935e-01
2.300057842886858328e+00
4.277484584931510736e-01
1.726938238494879485e+00
5.421682224725132393e+00
1.434125990109935689e+00
4.125018103107515599e-01
1.601390076912726279e+00
5.731438027682824732e-01
6.848396455775523917e-01
2.988856771863256601e+00
8.806764119869566754e-01
4.851647795997655166e+00
6.364609073163016717e-01
7.778397987284806803e+00
2.894481004438933081e+00
2.978849340646031685e+00
1.841706691497682291e+00
9.117309148497618754e-01
2.221249232218993619e+00
5.587037837235345750e-01
4.411502065292997043e-01
1.457056942665909904e+00
2.523950197072434953e+00
2.378167132902091474e+00
5.342962521875554982e-01
7.728914565227323896e-01
8.743110828410849411e-01
4.617127456569654065e+00
2.400185814202456580e+00
8.907785914900266278e+00
5.586210288988613382e-01
5.819709428726576483e+00
1.359053269896896454e+00
1.085610353250603621e+00
2.884306701420160213e+00
3.012906942231585727e+00
3.429221020572478462e+00
2.668549419742979989e+00
4.962248654166741879e+00
4.616617819882657403e-01
7.529261666535969066e-01
2.927288886212750185e+00
3.922272223571943162e-01
2.894400102380466411e+00
3.750703780950352950e-01
7.790076657147539940e+00
4.731456752282650946e+00
2.926457493747042005e+00
8.073607140323914022e-01
9.499771089402702096e-01
5.708081062434261499e-01
1.247812844245034025e+00
6.729711712789119282e+00
7.023976206478297346e-01
1.770061331175319275e+00
8.866713120265409032e+00
8.020935810812235278e-01
5.271899672334297016e+00
4.248695684364149905e+00
3.204426772911821875e+00
5.083197927120398640e-01
4.135591719153309809e-01
5.517712829257641616e-01
8.175278035239134100e-01
1.136216061544426337e+00
1.354531864465105873e+00
7.637448559307359330e-01
8.541132257521352855e+00
3.948381456345427143e+00
2.465938417415341810e+00
1.459974935767383464e+00
3.023633385450083644e+00
3.218413411523053935e-01
1.290400372103246873e+00
1.019625082506821601e+00
1.320154748325031102e+00
7.875904754289435594e-01
3.860028824064660191e-01
6.820123635110447724e-01
3.931972747937691470e-01
7.984126916391003803e+00
1.685734314974696169e+00
5.703890128720010555e-01
4.703376912960194889e-01
2.054652603012137480e+00
3.801361550491007435e+00
2.763825855398153397e+00
1.007455742828653467e+00
1.881187392369074285e+00
1.259572653769689854e+00
4.174304283283678529e+00
1.305545502461746832e+00
6.457851178474183218e-01
6.608688048688842187e-01
2.663153559091702594e+00
3.702883671476738803e-01
7.824735728405716184e-01
1.722949381850072292e+00
5.947770993635841386e-01
2.912460374355963388e+00
9.029625715674166386e+00
2.536731147826873034e+00
3.031699730142087823e+00
1.910006405521754935e+00
3.188122734318012963e+00
6.437526129240240813e-01
3.510550142396571704e+00
6.448740565883669396e-01
3.401486709561566180e+00
2.339176347566733316e+00
3.566016130269670903e+00
5.123687824498851517e-01
6.525798861788283389e-01
6.603631178787529032e-01
2.224579159542420026e+00
2.732314332610129348e+00
2.301807222543656106e+00
2.187730818595722493e+00
1.052026656100888857e+00
4.460798885651754198e+00
4.321860275009327346e+00
4.325177917877352840e+00
1.551427036210879074e+00
1.326621436954847466e+00
6.284987880728266640e-01
2.086343886378857704e+00
4.518126874134745563e+00
7.663095991520938455e-01
7.770107676627332260e+00
5.593846672819806187e+00
2.147734879900194738e+00
3.218413411523053935e-01
3.668207047104876217e+00
5.782995885789554702e-01
8.911129233684190964e+00
5.794187907403357540e-01
1.286054066149808106e+00
9.929374171268237070e-01
6.451852469255939582e+00
1.850831294491761980e+00
3.573046754844793504e+00
5.059118713729778838e-01
1.411919920679482132e+00
5.117513023746845136e+00
3.564844513999421705e-01
3.154690867019840805e+00
5.320792464916022979e+00
6.707892787326219519e+00
3.258977276674325463e+00
7.346619935819467262e-01
2.160977650329239275e+00
5.673635954009191851e-01
3.939149267098666085e-01
1.035637967282807770e+00
3.218413411523053935e-01
9.274642458985824511e-01
4.491283850902973440e-01
9.664369769318454928e-01
3.425124152526648480e-01
3.813698724336000434e-01
3.759484102987857290e-01
1.300020973128305890e+00
6.408255810670546726e-01
5.479107904905226034e-01
2.616680814780085740e+00
6.736363243275941270e-01
5.641440303886263719e-01
1.062922745715499273e+00
3.328769295293034780e+00
9.398413899840917241e-01
6.662667119173707464e-01
3.518987050194369193e+00
7.200892413201930298e-01
6.320480565945932661e+00
7.390935808334819779e-01
2.836974801071144636e+00
1.212699858986030943e+00
1.025476026560686815e+00
2.363776655834946006e+00
5.101511998094540035e-01
6.480108451536652492e-01
8.009778340159935395e-01
4.937052159044454491e+00
9.393770545233154357e-01
1.045875004972839806e+00
4.295919272799912036e+00
2.836360864570009799e+00
3.763789893094070305e+00
4.591431359805137058e-01
5.387633639073762915e+00
6.276331147069708072e-01
1.703483077308878935e+00
1.997665522193283527e+00
1.274195796853123008e+00
3.574714854094370953e+00
5.016542948970278415e-01
6.159231671003840169e+00
7.646245854477756732e-01
6.055317764820239645e+00
1.112511642408537504e+00
5.443974794616700530e-01
3.446164337749008766e+00
6.496223644562522104e+00
3.586650737695858293e+00
2.442789180258484460e+00
1.448361840554969193e+00
1.121174995055453039e+00
1.588280351481827779e+00
1.509196855052568953e+00
2.899652921250816195e+00
9.527917281944582317e-01
6.481921292708168192e-01
3.218413411523053935e-01
1.608310545931506574e+00
5.443622979784334959e+00
3.308168287566309651e+00
1.853102593579533774e+00
6.042320510267120692e-01
9.529419692956164756e-01
5.879572805006156866e-01
2.651074777380718839e+00
3.631523872015963939e+00
3.705940331826159007e+00
1.919855279571174300e+00
7.841890013609991605e+00
5.216372261358142026e-01
1.383905724762470868e+00
1.291469288329763154e+00
2.227718739703005824e+00
1.530893919566251649e+00
7.818101221144998503e-01
1.029513300233361628e+00
7.411404353075177198e+00
2.165635261147144330e+00
1.568491330662038497e+00
8.719584216341496941e+00
8.552717146368865597e-01
3.580654875864566211e-01
5.233863385908923860e+00
1.718334171413395728e+00
1.298687039271007482e+00
4.586556189066542388e-01
1.030882703793976285e+00
1.500342511764170883e+00
8.798883839142802588e-01
7.414618317068200071e+00
1.670319164633882414e+00
3.218413411523053935e-01
7.017275528825667408e+00
5.210135052066251937e+00
9.653417053064049513e-01
5.268268990411606456e-01
4.955814749605832459e-01
1.450619812699416977e+00
4.007216651805183272e-01
1.195059119263724989e+00
2.361594158803425714e+00
6.918102812813176961e+00
2.037973721909935421e+00
5.556752012145623532e+00
1.544143940144735883e+00
2.270469183936213220e+00
2.928104019426668980e+00
3.218413411523053935e-01
2.331502041529566860e+00
5.843972949502906911e-01
1.269032684303307734e+00
4.441013407251039879e-01
3.218413411523053935e-01
1.353394038108029385e+00
8.175334019947425590e-01
5.667265662002646032e+00
1.131500586564810007e+00
8.394997945321647226e-01
1.973898786362523250e+00
5.400243053724019804e-01
7.864218459738538947e+00
4.438072351370690782e+00
6.239146426557241609e-01
4.398464236401919969e+00
5.892016697722290974e-01
4.783340408548615863e-01
8.428487176981357409e-01
2.068448862053433590e+00
1.100474333393921311e+00
3.640481209977969868e-01
3.933466953437387836e-01
1.927663274003068139e+00
5.144493682455991701e-01
5.623558403079665924e-01
3.218413411523053935e-01
8.218110507376168439e-01
4.145367583695933611e+00
1.911181209737929265e+00
5.188994064818125418e-01
8.289535642648163671e-01
3.317460090674434259e+00
1.494078526262895501e+00
2.001736654126221815e+00
4.746056020141393161e-01
6.399658463905942618e+00
2.221096418275285700e+00
1.489748900217815475e+00
9.094164699408529007e-01
4.783341058511874522e+00
7.630097797384903791e-01
3.049831953430464537e+00
2.290223366642107017e+00
1.581601416342477640e+00
3.501023505879464981e+00
1.100534362128053667e+00
1.254449519838334526e+00
4.133093511780219220e-01
1.054392099247515535e+00
2.029270590789078010e+00
3.169856876372092014e+00
1.049672842135318085e+00
2.200966898369908442e+00
1.584917368523780956e+00
2.837195976553680499e+00
2.947672720871922891e+00
1.661787188010994898e+00
4.085530555810790720e-01
1.012253047090234004e+00
3.735932760292560051e+00
9.434316937127051883e-01
5.164189046042497289e+00
1.405574803978392406e+00
6.790479737354173650e-01
4.871747026567450622e-01
6.596093153009429111e-01
8.036631373844350890e+00
7.560675973208931033e+00
5.220469892251659028e-01
3.539430215601651053e-01
6.223484035678041870e-01
9.811850489747312665e+00
4.030601184573511242e-01
1.227394106033462329e+00
5.120891627963728432e-01
5.584057542571774224e-01
5.183656077247558169e-01
8.993306136841769938e-01
5.999053244798977502e-01
1.007166383643424368e+00
3.816731029871840430e+00
4.001128162731061089e+00
7.298237509173177706e-01
1.325353976357358521e+00
3.515193435687823165e+00
2.140856875078453125e+00
1.131072602075356093e+00
5.091939134735785633e-01
2.558706607690010237e+00
3.932319028868189181e-01
1.106576064777344603e+00
1.678005977870389298e+00
6.335309306364253601e+00
2.658485477462803726e+00
3.766575275224454677e-01
8.287063857564519465e-01
4.446857762174892259e-01
3.609866588255096875e+00
3.859799385990780873e-01
5.128800864123943537e-01
1.030459451169107865e+00
5.298979216392257774e-01
4.469839015234018942e-01
1.839827194174981972e+00
1.088285736087201139e+00
7.253986863571583177e-01
8.860073667690713251e-01
9.984315823685282476e-01
2.849177358347854128e+00
4.588605105879050572e-01
1.544270874657678760e+00
7.016821704149177608e-01
6.267452148130816525e+00
4.052038281589305790e-01
1.811839934036969746e+00
6.289861706085081439e-01
1.789187453797074001e+00
7.536074877287257667e-01
3.404862428193409229e+00
5.475989176868131247e-01
4.812122522222079812e-01
8.119682127203682320e-01
7.197897993160904839e+00
2.427715505075178193e+00
1.003600010226594952e+00
4.255603003216350544e-01
5.813514853178489705e-01
7.272468722336201674e-01
1.466862549186109588e+00
2.898577325585930176e+00
1.685407009423738556e+00
1.397856494500776092e+00
1.507367984730231480e+00
3.341510224598076562e+00
7.133230572938471514e-01
1.063616373333388987e+00
1.011830942786128062e+00
3.861127190036604429e+00
1.385032953498066766e+00
1.259996831670433748e+00
2.999325089027098823e+00
5.264108354028190107e+00
7.969991822751810728e-01
2.869291211337464897e+00
1.069135712740075350e+00
1.455046863845061322e+00
1.006929554648421821e+00
5.262496070855982033e-01
4.384542291596248975e-01
6.937029515972833460e-01
1.574743778951830375e+00
4.240251760782515755e-01
1.367714287001199791e+00
3.994053653782358437e-01
1.221946854606908550e+00
3.606904202732643117e-01
5.231098827008985319e-01
5.877981322251352170e-01
5.898566790160290063e-01
3.063418352873334971e+00
2.997351973197386776e+00
1.337549806399134456e+00
2.608455081182426305e+00
2.266998781989733036e+00
3.521786677873299798e+00
8.068331839302188557e-01
2.366923835254868713e+00
2.393041857047871090e+00
4.962597582452413225e-01
6.196679131259741347e-01
4.004106160508750789e-01
1.214982641739618341e+00
6.619599428320101175e+00
4.125020147511673785e-01
5.063730550632505878e-01
8.048647029593515301e-01
1.803838857137348484e+00
1.969684378052182439e+00
5.493357641281553239e-01
1.042297066424104468e+00
7.163963682863960791e-01
6.100334778855218687e+00
3.288980832330056225e-01
4.850903721273932545e-01
1.450989690029822698e+00
2.380136814060239914e+00
8.329499117774026296e-01
6.923486697335882178e-01
5.162959095086067096e-01
7.169111254790718313e+00
4.447882812529610486e-01
2.652686372767625755e+00
3.587183628989692785e+00
6.663478193834643237e-01
6.603803522033225626e+00
3.118711798923659462e+00
4.523975115887599041e-01
9.787203612365121819e-01
1.917286010828549880e+00
4.862747132411158746e-01
3.723664917937316021e-01
6.536636260496158535e+00
1.251721201590970889e+00
7.988374825676256563e+00
6.451035330249078603e-01
4.074194073685340478e-01
6.551980714185758892e-01
6.953825575009043858e-01
3.788593615839664364e-01
1.061982352366011018e+00
1.240288543487317430e+00
3.788865151494927197e+00
1.359816675465417735e+00
1.014652745439277304e+00
8.109475191617561141e-01
8.242363647886604028e+00
4.938379353868004307e-01
3.729433526750697503e+00
4.451651938208609494e+00
6.947391495137684725e-01
4.571715727283349184e-01
8.669583565034471917e+00
3.295712821730926390e+00
8.003580044394135173e-01
1.745506144455351016e+00
9.831289049191235252e-01
7.896431795384636354e-01
6.966949175131447181e-01
3.218413411523053935e-01
2.809203165992094853e+00
4.819130163124541455e-01
8.135709681166315432e-01
1.972212801385944125e+00
6.855040163285844868e-01
4.491493995151008889e+00
6.477287575214653037e-01
3.218413411523053935e-01
1.168742853411987026e+00
5.793099196434273734e-01
3.016787363132622968e+00
8.793527052885359296e+00
1.551007165719709535e+00
4.324466334893690145e-01
9.012325034882955332e-01
2.382577523660312835e+00
3.312938204310016399e+00
6.394432671408651903e-01
2.057763178159648376e+00
1.050336152184297545e+00
9.589179118662762846e+00
6.690233453221069437e-01
3.366076665401321222e+00
1.575357493376073448e+00
1.987695290815425508e+00
3.232471742408487003e-01
5.052946045407822329e-01
7.731799512663600993e+00
3.476348798209267787e-01
1.965931626425314382e+00
5.308474050462966609e+00
4.984959520929804766e-01
5.893881917140143534e-01
1.381328701964794847e+00
3.106553923010710871e+00
1.607793653553262203e+00
4.230220263207428166e-01
4.338485615732668998e-01
2.999182502015347307e+00
6.967027628378168469e-01
3.999101556761213150e+00
7.128401317094323897e-01
5.178173719850971413e-01
3.218413411523053935e-01
4.471395300688495666e+00
7.718098892580556480e+00
5.085200279969562809e-01
4.517893160832191501e-01
1.133237959605760459e+00
8.385485401344625611e-01
3.571331989560681652e+00
4.366234551697801614e+00
4.823136645172997561e+00
3.778768364470631580e-01
1.155019371016284602e+00
5.368454802639194057e+00
5.602178660806561794e+00
5.866014142273853871e+00
4.134849369784089346e-01
1.629900232441952923e+00
1.123517545214433699e+00
4.870572555186555852e-01
6.999810263718878600e-01
6.423838282124330057e+00
4.619087509805342329e+00
1.877497660760486298e+00
1.572742652696226484e+00
5.379953871125073839e-01
5.056709678492368187e-01
1.353709071203939907e+00
6.088093857481712279e-01
1.278443087646036425e+00
6.025151609989836565e+00
1.320972034193985678e+00
3.298716645443382500e-01
1.700149753867444380e+00
4.471802720817071197e+00
8.072253531617701316e-01
3.966378732784614503e-01
7.290873119804462732e+00
2.657170144881521257e+00
1.308332552588087561e+00
8.417251567980276405e+00
2.870113182099926163e+00
6.915181251875632817e-01
2.834441786311913347e+00
5.804517600412296474e+00
6.449024137142804314e+00
7.367491810470990776e-01
7.192215091465310461e-01
2.068228035682628363e+00
1.472701777807378765e+00
2.996072174972916446e+00
4.110477113632034829e+00
4.362492809008131189e+00
7.541552132152027355e-01
3.779968404029688589e+00
5.954211261585188320e-01
2.397130666950777034e+00
4.845766948585269240e+00
3.440191252195611837e-01
6.543241388563225680e-01
4.720328634439340254e-01
3.187256025669940485e+00
5.532870296432395030e-01
4.440160779549717773e+00
6.645050750753184188e-01
1.033679852433549762e+00
3.525888208177982097e+00
1.248818673769617416e+00
4.364408385991148664e-01
4.930872240194431044e-01
7.076820930928184872e+00
9.094653785961098080e+00
5.625405006220175474e-01
2.775031501589044325e+00
6.017327900077155123e-01
2.291791249948949005e+00
7.176135120787134447e+00
1.094078899594767895e+00
8.460091123313935313e-01
5.692073878923205044e-01
5.217104290992216953e+00
3.627803588586804850e-01
1.402769641866798311e+00
5.185953199771937250e+00
1.757453119257809782e+00
1.647964434268551548e+00
7.596658563738675207e-01
2.821280391630219597e+00
3.719312196086344557e-01
4.403873451153573093e+00
6.444147052247299001e+00
1.924377552548422798e+00
2.419262611080735592e+00
1.702755503636547152e+00
3.258560218658483332e-01
3.521532181435558240e+00
2.438316931582035885e+00
1.131308967248345176e+00
1.813324665130538360e+00
2.813397709016228987e+00
5.686054498517846945e+00
2.498649792488258914e+00
2.800834401248273764e+00
5.177381155377344113e-01
2.220825249835597148e+00
2.004443951964781423e+00
1.921776508524128069e+00
1.082255796573475815e+00
2.903099027674424182e+00
9.263528758437972188e-01
3.652007716293591000e-01
4.302875527500153452e-01
1.574705729044454827e+00
8.380904413779100004e-01
2.360307283957235214e+00
1.311585806004823773e+00
2.918780335377576751e+00
6.945777381307977061e-01
2.140413623070839488e+00
8.451694966384629693e-01
8.549577155249117322e-01
1.331770890528739537e+00
4.794934312909392982e-01
2.418183620570752534e+00
1.577291199489555762e+00
1.021510378438046818e+00
2.068040701657247737e+00
7.800947574882447499e-01
3.842693917637887591e+00
6.863061794034265084e+00
5.099472777332968443e-01
8.371464082394616257e-01
4.723964175778818664e+00
7.830992890356959224e-01
1.464009756367508963e+00
1.938456748778774941e+00
3.814254051400230772e+00
1.099260154231173070e+00
3.449041498871497247e+00
2.781486634362556387e+00
7.458346886419566779e-01
1.088391664237197354e+00
3.403273706461551917e+00
1.786403206783847564e+00
9.965624764323200990e-01
1.158613521070579910e+00
4.284325880907457473e-01
3.829866915710863129e+00
6.514874668336677610e-01
4.147543762926976241e-01
2.295181455180619334e+00
4.583899636435468938e-01
5.276650821206523290e+00
3.599729290909510770e-01
2.455146903586097107e+00
3.621536019031774245e+00
1.132384453220588449e+00
3.956734956974780060e-01
1.656365183351305337e+00
4.180434732958552835e-01
4.648550797077052321e-01
4.358027768986705297e+00
1.150599050042374172e+00
8.600774788042279129e-01
3.016888640104975927e+00
1.338772199753382797e+00
7.361687032194944580e-01
1.305585538747639163e+00
6.731535147238304484e-01
1.154040101136598162e+00
1.070391092505693198e+00
6.061760311507539356e+00
7.882131712038434879e-01
1.382205336125916784e+00
7.335132754085695872e-01
1.377734449436717856e+00
4.255227204653318829e+00
5.399171834415578353e+00
1.943984984672152416e+00
4.998561880302236915e-01
8.708088239080608028e-01
4.404457900659479730e-01
8.647464029767031324e-01
1.278624318539873350e+00
2.253237329477802753e+00
6.632739935745149973e-01
1.142212988292022002e+00
4.492485278916009683e+00
4.450385665925162271e-01
1.089291278026037091e+00
4.291429660409405433e-01
3.728660781405465308e+00
4.932081838344495872e-01
3.574649762307587242e+00
4.539114898104440243e+00
1.360898748707373151e+00
1.026188030310028143e+00
1.609391045453003155e+00
4.322949600551628357e+00
4.218575101801482763e-01
5.630492838815166490e-01
4.641024492758756836e-01
4.899760741316105950e+00
3.407785998848732234e+00
3.404905149905765871e-01
5.209939007706875236e-01
6.631128463068699519e-01
1.800561017657516416e+00
6.111194024441837236e+00
3.580889667426699230e+00
1.221985157647377918e+00
3.997182293075038029e+00
9.748853969094084526e-01
4.871688304847892059e-01
2.238406209498359889e+00
1.567777967144010631e+00
4.289878794196409828e+00
5.052180788029709824e-01
4.236671186503608300e-01
3.843344386168910942e-01
4.197073874102049129e-01
1.278581623600679062e+00
7.552215851971989524e-01
6.995271091709617250e-01
3.218413411523053935e-01
5.894574804349828057e+00
1.586793951540934167e+00
1.617240960178187192e+00
5.078962228715900196e+00
9.153943204137724443e-01
5.046609370181851517e-01
9.611213385087610916e+00
3.734102358788268794e-01
1.113800256283286272e+00
6.285688879515376470e-01
4.577900264327718460e+00
8.646264870414673842e-01
3.382196780318579288e-01
4.108604785433038309e+00
4.232249385102456962e+00
6.689780059226418940e-01
3.776550880507690278e-01
2.117033039838734698e+00
8.251967320851922860e-01
9.826994621753103454e-01
4.250503856849270901e-01
2.861292484649312851e+00
1.402501851786863929e+00
7.090039527358729998e+00
3.331377300682002218e+00
9.215770340488927959e-01
1.250876166202363748e+00
6.892532306298009281e-01
2.780374886447546601e+00
2.885170133454715291e+00
1.078907911438684364e+00
3.824924760097429544e-01
3.908824219949906253e-01
4.397177761544893038e+00
1.230249421666699261e+00
1.688060431468366485e+00
4.232925811353025480e-01
3.635245618945030621e+00
8.899253227037691616e+00
1.961902200560749820e+00
4.679891054118993088e-01
6.303794606127901545e+00
4.069183571262968147e-01
6.661169347776498828e-01
4.588104982373391594e-01
1.270501857886127128e+00
8.129082481114694447e-01
1.631508718851376161e+00
6.190893514690444244e-01
3.303890259890428283e+00
4.330547718190691509e-01
1.225293537321483273e+00
1.655666687155000538e+00
1.100446944070173627e+00
4.233753743044360585e-01
3.744226570308969659e+00
3.221245250486506340e-01
5.642632589508775887e+00
1.922691526719265243e+00
2.904925865417142816e+00
2.485964445924950805e+00
7.258231716968056579e-01
9.382055632365694509e-01
2.095920748809957601e+00
3.827054360273224876e-01
5.721840296019349736e+00
1.395270351416172616e+00
4.300048302409968382e-01
4.187005358810929057e-01
6.673229524922164035e-01
1.004203669955046063e+00
1.176664395530128360e+00
6.067716219735462602e+00
8.669947317271076148e-01
1.066842330379893733e+00
2.037381660521746074e+00
2.739783178487313453e+00
2.929711931429404004e+00
3.814271171653599080e+00
4.979062763753123733e+00
7.029304614399005668e-01
5.756378681022129573e-01
5.715226824909306336e-01
1.846286935448650635e+00
3.518544720372784873e-01
1.194983200037071702e+00
6.177238871956748367e-01
4.297633939587869323e-01
8.953564144954127002e-01
2.154464642863248791e+00
3.797220418478460813e-01
3.056252998394299425e+00
3.405236401455658868e+00
1.125355485478182427e+00
3.785281719745648421e-01
2.184656889731559026e+00
3.564027917332061035e-01
1.612978777865131441e+00
3.212721358713328090e+00
1.176343742271125592e+00
3.333246837119797856e+00
6.857782960298680619e-01
4.911948409819513195e+00
2.413950015817699413e+00
4.004465876829571558e-01
4.424285341626112533e+00
6.094468569633737509e-01
1.141330934672925235e+00
5.911205222202413623e-01
9.268791012842983790e+00
2.078300780381876045e+00
1.333686432715669667e+00
1.357823639122865078e+00
2.652156994215228103e+00
1.252712990385473457e+00
1.508116188956964754e+00
4.892642367030546335e-01
6.286003662097650047e-01
5.274564951367866072e+00
5.146440821343869487e-01
5.696245529410540520e+00
3.492897338212711311e+00
8.248689786571800076e-01
8.219101951096170477e-01
2.353904237234788699e+00
3.334289849504914471e-01
2.600116679263003494e+00
1.546591270926025885e+00
5.015586856062448362e-01
4.020870383676742321e-01
7.630720233831022048e-01
6.159179852724636639e-01
2.220817243743953728e+00
1.655348290240945763e+00
8.476524848353017560e-01
2.056068811724241829e+00
6.683502465711336216e-01
9.019746825589571415e+00
5.376900244767531811e-01
5.121246296074413173e-01
7.986318275511344877e-01
5.962614156778309749e-01
4.894765889465092279e+00
3.117831408400312476e+00
7.668411842337804707e+00
9.479203480338334042e-01
3.026932419697210275e+00
4.736056458234065403e+00
2.417151652701912123e+00
3.782421857816037347e-01
5.819359500393336271e-01
1.064891945030654208e+00
5.019185255788995992e-01
8.947980520858614950e-01
1.225764348144741112e+00
6.631061115961028207e+00
1.494099819163897225e+00
6.030956592535710037e-01
1.755873309281742234e+00
9.424862762461647669e-01
6.415471516057350776e+00
4.920598337265381095e-01
1.591454445912129367e+00
3.486039515165632596e-01
3.218413411523053935e-01
1.548588450632737423e+00
7.320361898062549555e-01
8.108252653381770259e+00
2.275925733433006748e+00
5.734863412559015883e-01
7.140725032984153842e+00
8.624635127599200590e-01
5.534354921146800166e-01
3.310422683623148288e+00
1.421373969635071122e+00
1.127185032683512889e+00
2.063224761107547600e+00
1.828694543164673281e+00
3.257235748743344761e+00
1.618269553617475376e+00
1.504718593799277082e+00
3.781298038035378450e+00
3.138954615277487203e+00
6.739028519651534266e-01
8.651398824306673063e-01
3.218413411523053935e-01
6.782162114835895705e-01
1.293946577214385663e+00
2.803807154953823932e+00
6.902863453219058032e-01
1.063507779649706331e+00
6.423451257015724281e-01
4.537485021701204158e-01
3.299412591536950767e+00
3.241173540202487158e-01
7.779857638877408776e-01
2.856545291144696019e+00
1.251911139691991304e+00
2.494898430772599429e+00
2.478345721126040679e+00
3.307092192081100279e-01
7.794521247067528691e+00
1.573050577536701633e+00
4.995054730214374406e-01
9.117782933543786550e-01
1.550246204641138270e+00
1.164832629410156528e+00
6.596635237091189374e+00
8.951097770421130306e+00
5.129874412566888253e-01
3.256947378573806229e-01
1.399182405374992610e+00
1.874677699551900334e+00
8.186329530734920423e-01
3.112485819519699604e+00
1.037852895402841868e+00
1.013049847981774221e+00
6.553792850529769343e-01
2.967786236133394429e+00
4.098152722715238672e-01
1.112214191331067248e+00
1.436094669611417185e+00
1.112583124517783517e+00
3.397360820551172722e+00
7.398250061564286106e+00
1.101602797342682738e+00
1.598925050246181812e+00
1.584721842161505911e+00
3.738126802299069351e-01
1.819722449083138072e+00
1.376010792342754918e+00
1.219264187570830993e+00
2.130914729645748462e+00
8.523776595827354807e-01
4.728671584132431605e+00
2.022648253789682826e+00
3.457548592529765763e+00
2.507709687751027872e+00
1.124799325751895784e+00
5.464982371768389857e-01
1.439775394702707878e+00
1.198446408985598399e+00
1.713031452856990322e+00
9.305072514951369111e-01
2.334564086571432551e+00
4.149659711302801313e+00
3.241342896700929455e+00
6.404976951527029394e-01
1.438406616021302931e+00
4.007243119419346966e-01
1.332337861141154045e+00
1.729373403738566628e+00
6.305804129034094929e-01
4.209170747085698494e+00
4.086741722808034716e+00
6.792563768532648538e+00
1.075909070782107513e+00
7.886855476507790286e-01
1.934928833190480812e+00
6.118792517331868019e-01
8.625244783012123051e+00
6.601788961249910326e-01
5.462346592737769013e-01
3.432081731375600242e-01
7.001280890181095229e-01
1.061756372738576815e+00
4.440283348591085866e-01
2.169898293149447266e+00
2.483381518738275950e+00
6.189608754334720020e-01
4.240703273294356146e-01
3.288580880847066235e-01
1.512738926556166374e+00
4.142132480796320571e-01
3.555249480031253739e+00
1.228809896201529028e+00
5.753260275502142251e-01
8.436127927771263080e-01
5.014543435916121172e-01
3.925621571823951772e-01
2.250208987170810193e+00
4.546307712117076405e-01
5.367859260283240896e-01
5.173182961077097630e+00
4.173706520161763467e-01
2.079687151072662221e+00
4.888757129879053309e+00
6.185351869054956930e-01
2.097182742691699353e+00
5.519369356038668073e+00
9.860447520804394017e-01
3.215340974015801212e+00
3.218413411523053935e-01
3.394268356689860711e-01
5.176852980463808596e-01
5.565978672602003297e-01
6.644331852076210687e-01
1.824393378353404538e+00
2.173085794904588752e+00
5.796329208276755907e-01
4.139074472442131891e-01
8.119895031747519365e-01
2.402511010755339349e+00
5.246257074843635237e+00
5.907629866370484040e-01
4.548884157251819049e-01
7.209292015041669721e+00
3.329685959031127407e+00
8.365671148640032584e-01
5.254779801517563964e-01
4.532120525528197774e+00
9.008292748384831850e-01
2.231034439927833901e+00
5.548815098424202397e-01
9.203417026104948606e-01
7.910978780937332200e-01
4.437720621764981721e-01
3.218413411523053935e-01
7.069890297318613293e+00
4.244817543564191276e+00
3.595250179609922547e+00
7.248347247299774532e-01
3.367497548034369625e+00
7.551991738795472031e+00
2.830003844174302063e+00
6.198055855609720943e-01
3.428681243434713588e-01
7.875542246607104557e-01
5.708146992985482449e+00
1.996470631454168032e+00
1.869327566726372902e+00
1.454824092921513490e+00
7.152219952383143564e+00
4.251882711886476041e-01
3.445485860772295350e+00
1.920097516310903973e+00
3.756361550605184174e+00
9.704634897650145087e-01
4.549106938060967220e-01
3.629497197001284037e-01
6.372473732315402373e-01
9.456714485908372936e-01
1.250637252860396620e+00
3.940031803209431138e-01
6.584045109635403570e-01
3.218413411523053935e-01
3.396268779629504575e+00
1.025231897925423352e+00
5.771276857056650833e+00
1.548501792756483919e+00
3.249952778028100120e+00
1.025048363809507146e+00
2.574873145826466647e+00
3.711741137650906297e-01
3.431588682087585163e-01
1.127596303225022023e+00
6.056530317798363150e+00
7.556096568385103351e-01
3.745361451330390112e-01
3.714690515183748376e-01
4.182946787713026637e-01
2.163062789479913040e+00
1.084075016813638603e+00
1.598849050434646424e+00
1.364397093804981864e+00
7.253838592489087134e+00
6.275108077919023808e-01
1.741222773989377970e+00
3.991322214071140184e+00
2.035891975657607489e+00
1.195746803562242722e+00
9.751761999438695039e-01
1.204468205130800218e+00
4.265056301948769502e+00
8.446836716883002083e+00
8.128452723889825204e-01
1.480516858706840688e+00
2.762993926147924828e+00
1.050253478387649819e+00
2.220177700837766555e+00
5.381927450411390090e-01
2.979910277513500461e+00
5.782655448680030785e-01
9.502506989864079046e-01
8.223595943549858234e+00
4.212175689147220625e-01
4.207332593111152708e-01
3.737772176490948617e+00
5.708960117324691774e-01
3.999484501477112985e-01
3.009329978398314065e+00
1.365272945356684309e+00
2.228242805202055088e+00
1.018436416565432934e+00
6.689412665808833758e-01
7.966634801094768514e-01
9.382348087922489643e-01
5.458423213757250814e+00
3.902854776810360971e+00
8.235219340127285292e+00
1.115215420495274001e+00
6.004678594160865579e+00
3.981614530929258322e-01
7.935408884317491029e+00
3.350198489207296126e-01
2.208586122261004814e+00
2.936140872061641538e+00
2.249126725768545221e+00
5.090504876753102259e+00
4.611097786815171240e+00
3.633824171319081642e-01
7.037780362425311020e-01
3.984550815413600677e+00
1.356013276121313060e+00
4.535165392720306166e-01
5.222318048648560973e-01
4.153701070281624608e-01
6.195758344493346170e-01
5.780115273427623990e-01
4.465752617275227099e-01
3.834541989439468779e+00
6.851152882230587826e-01
7.165529985261057666e-01
6.300650872497156385e+00
1.686598584409828572e+00
3.910408415915111124e+00
7.197884885270627642e+00
4.279410795384430699e+00
8.469021308214182753e+00
1.684034015754085400e+00
2.236346546982593608e+00
1.003936272324866152e+00
1.688509938953312917e+00
1.372979047950091402e+00
8.609762254924064884e-01
4.455764233839056843e-01
2.212315320004436092e+00
3.425826286239161411e-01
6.371924405891250531e-01
7.599444473412391154e+00
5.627092806991494944e-01
1.763255702742577702e+00
1.183226073337860340e+00
1.530848091726788818e+00
4.425763597654278070e-01
5.456822472537250945e+00
6.442338530903426452e-01
6.252054406663890562e-01
1.207254433269945304e+00
8.039694858186808846e-01
2.567531450715046404e+00
1.051463908386258250e+00
1.324505739506939506e+00
4.088820490915800576e+00
8.946747239043643107e-01
5.322140068238657706e-01
6.156928194173479918e-01
5.949277789026810481e+00
8.009647625650015978e-01
8.187570978183160708e-01
4.482825838371088945e-01
3.687017122144893744e+00
1.215774171065367337e+00
6.728822273972048240e-01
3.471807584727296003e+00
4.026304639039384625e+00
2.440338506247584416e+00
7.670428218478218874e+00
9.734662911860921142e+00
2.020115256948184612e+00
7.527313693897182745e+00
3.218413411523053935e-01
4.986240831863518741e-01
8.691467621089316031e-01
7.831033637358806310e-01
5.334929198413809193e-01
2.123657751539864691e+00
3.677872220398480940e-01
5.679552972972800040e-01
3.009357567974233927e+00
4.397745221423085660e+00
2.940560880453000348e+00
3.616153404335801458e+00
1.562710664535931882e+00
2.042595186488112891e+00
3.004789426228705373e+00
1.348004810106339102e+00
9.101958006858238415e-01
6.322444694100009421e+00
3.218413411523053935e-01
1.999948756851553711e+00
5.605288980571647706e-01
5.838795661352749633e+00
2.269330627279905421e+00
1.416358529175822500e+00
4.733505964098288499e-01
4.380941480663810950e+00
7.501893713790333429e+00
7.412515997684772096e-01
2.330326976101216641e+00
2.271873959178493774e+00
4.235347522676488619e-01
7.300006070098213895e-01
3.172118885327922744e+00
7.965160445807809575e-01
1.666774046881829729e+00
7.877634897628532640e-01
1.416570242471363761e+00
4.522244931282292102e-01
3.218413411523053935e-01
3.879211281298467484e-01
1.278483235428564457e+00
1.081164306623100702e+00
1.185101392696252587e+00
5.077797978803241241e-01
6.848473305286752577e+00
7.052027992008932378e-01
4.171371085294401926e-01
5.728135632197945526e+00
1.386742960045494355e+00
5.606364324124308851e-01
3.168375414637664811e+00
4.652573596306788795e-01
3.771737349197894495e+00
2.191790811140082784e+00
4.844975201156302980e+00
2.293104764164148879e+00
4.961939655932186888e+00
4.100366684957817420e-01
1.110268109716445295e+00
5.961425460806322185e-01
5.814211663213965764e+00
1.379752548765774467e+00
1.868800524156969844e+00
5.587671110107937267e+00
7.828838509316126126e-01
6.298027490942457174e-01
1.235365012835873078e+00
3.707105057623108491e-01
1.571635260399370182e+00
6.705333336619646589e-01
5.433906836638321414e-01
1.787384215196036408e+00
1.466049812624716786e+00
4.389179541218868330e-01
3.449745711359461509e-01
4.492079744501030203e-01
1.029620309767997677e+00
1.550108864900960448e+00
9.751748970601125777e+00
1.829213955429534799e+00
1.392098743221243273e+00
1.056118728805422124e+00
7.209887073792613510e-01
6.266445869536911850e+00
1.079438227911875936e+00
3.113479217119575537e+00
1.240242601902818320e+00
9.524063016750502486e-01
9.782001163830523760e-01
8.893503943455171035e-01
7.014830930681210219e+00
8.144192468573667298e+00
4.374340344575723405e-01
7.810041033494689700e+00
4.320095437732173194e-01
9.161480780039750194e-01
6.243278472255560096e-01
1.939227586304387518e+00
2.101497550233446532e+00
9.889819459392421575e-01
6.249884724415646353e-01
4.297680115137710866e-01
2.875660284908776454e+00
2.458200476360030695e+00
2.536985426007919209e+00
9.273054323804241772e-01
3.449580591048024281e-01
2.416550382397916419e+00
1.676889253385226208e+00
8.307932089148138743e+00
3.986213433824605801e+00
8.092867519581423696e-01
6.207563726527019377e+00
8.023120303384160268e-01
3.799967811241703686e+00
3.496914947342929736e+00
3.504341175849746692e-01
9.613546552905843257e+00
5.667754616830886771e-01
6.508385945866799194e-01
2.794135249104006125e+00
7.522535883476481722e+00
5.017781750452126488e+00
4.563972500323241199e-01
1.528107175163971432e+00
3.311944564806600599e+00
9.680926228969642944e-01
8.485685796135711279e-01
1.753012711099092513e+00
2.492508985013131007e+00
3.578360229992096908e+00
2.589213871560468672e+00
1.023575329315505655e+00
1.835995429081205499e+00
3.218413411523053935e-01
1.725394468797970537e+00
2.117743560722297413e+00
1.498935252951776986e+00
8.360026903621060601e-01
9.804941910653132142e-01
1.238622231319540301e+00
3.399204575586812771e-01
1.532824559319412971e+00
1.734718200390447107e+00
8.188041410934197017e-01
5.419322982029732838e-01
2.243354917341119581e+00
6.510897892603683124e-01
6.281392922623164843e+00
3.551140149592674211e-01
3.929417577931652583e-01
9.200582023258268904e+00
7.018213782528814892e-01
8.850146369804707813e-01
6.902754938398944162e+00
1.606735749894592002e+00
1.047998658569854635e+00
8.600727559064584860e-01
3.218413411523053935e-01
3.218413411523053935e-01
1.022257179682553030e+00
2.780789720460698167e+00
7.847170457042754066e+00
1.249125078053852089e+00
1.063492376546877782e+00
3.797486217886712478e-01
1.670198247474444786e+00
7.479353896716992578e-01
4.846162945993452986e+00
6.904208843419196162e-01
1.525411946985613998e+00
4.478998158097827975e+00
9.110601966416348452e-01
3.367922300025963267e+00
4.229900239761803959e+00
5.898524438858535612e-01
6.292092625253966620e-01
8.239750751086786229e-01
6.377396052217117806e+00
1.380726912931072858e+00
1.112847338614591397e+00
7.440108509882574772e-01
9.134862445355956817e-01
3.808416338942031132e+00
4.202247287477641757e-01
1.107679455622593068e+00
3.263588120852122465e+00
5.429467940512863189e-01
9.849889302831512650e-01
1.242866215049265532e+00
5.937541340973535586e-01
4.639821185509304113e-01
1.071564838610700843e+00
4.260758177507275035e-01
3.433172423270011375e+00
2.114888831787243184e+00
5.856141278031105069e-01
7.130021606460412720e-01
3.885016586776239844e-01
2.776271578289107200e+00
8.247734072494952162e-01
1.191603891821740646e+00
6.168858664095892230e+00
2.648200963219467408e+00
6.542806689939028253e+00
1.040796074774387403e+00
3.153424723271573971e+00
1.118279775433727918e+00
3.837465646100207683e-01
1.183185802155470645e+00
6.269224769371442019e-01
7.449969902807734856e-01
9.850858611727795200e-01
6.901324999678195127e+00
4.965404881874623255e-01
3.033601100901945902e+00
9.395194929848388554e+00
8.682119477688838849e-01
4.390504567610828413e-01
4.709649856356374342e-01
1.805577132589332390e+00
8.765943913026575940e-01
3.218413411523053935e-01
5.243616755495098536e-01
3.004390238462207652e+00
2.570152474102768814e+00
6.083157692893576218e+00
3.218413411523053935e-01
1.096629338344538684e+00
7.873765046295451153e-01
1.573201797235907140e+00
1.891470406438856777e+00
3.871778286130770907e-01
6.308664930763599799e+00
4.400072431541757645e+00
8.008827111052234660e-01
4.440684136451470976e-01
1.961575881429723722e+00
5.407749241785839267e+00
1.042505218623087648e+00
1.450659340406422526e+00
5.808130848123294054e-01
7.696369108797264325e+00
2.621853211123372329e+00
5.811224282708972178e-01
7.648288645163934252e-01
3.868518942768582658e+00
3.414419967911168641e-01
7.985939257929079993e-01
5.150425088178225419e-01
2.864227486209717011e+00
7.748796227801658665e-01
3.218413411523053935e-01
1.043976634198324982e+00
1.923049359467801089e+00
2.981498469648299121e+00
2.052798421187809641e+00
1.412001639385152219e+00
3.715378584511793925e+00
1.960858894036623168e+00
4.107967623353607212e-01
3.296826365303981432e-01
1.005065536554758943e+00
7.919374288586165100e-01
3.232384968973805450e-01
7.712419285629672494e-01
5.640047374312247008e-01
4.574861623312050929e-01
1.312765399052657989e+00
2.360744696884505167e+00
2.089929813978591344e+00
7.647795933138317181e-01
6.541457482155385028e-01
1.860162904200762579e+00
4.689074813986367496e-01
6.010275064683034962e-01
1.625857090485725687e+00
7.087176963201930135e+00
1.880499588906435315e+00
2.470260372188282094e+00
4.495947072179884429e+00
1.639873267031765280e+00
7.326933338955289310e-01
4.835026521037170788e+00
8.879320109235893099e-01
9.777980412862380399e-01
2.325943265177929931e+00
8.592380525964390392e-01
3.973962992613008782e-01
4.637366566975385518e-01
9.189029108022617187e-01
1.820740882191033361e+00
1.589547573967906136e+00
9.054628133418767266e-01
4.632900461582019069e+00
1.901621372440365221e+00
1.756964613208085391e+00
7.889476069557751492e-01
3.439650614919180338e+00
4.138903091839952531e+00
3.378444588986768693e-01
7.170325825273076603e+00
1.387652010442756101e+00
1.727798090663381414e+00
1.271465472504561989e+00
1.258012001935582935e+00
3.302539924676375360e+00
8.192412391302913433e-01
1.191569856893141210e+00
1.320478711401584127e+00
2.056929152280546624e+00
8.586014933123278681e+00
6.159363262730542798e-01
3.648378276080365690e-01
8.405997889690635105e-01
2.515576979341027641e+00
2.417855674183928105e+00
6.354384138882338995e+00
7.538362785395320564e-01
3.218413411523053935e-01
1.229149335980857627e+00
3.863454095496137164e-01
4.726931439537958024e-01
5.428082544756879457e+00
2.892869154196216819e+00
1.406203774445369259e+00
1.183125306319334769e+00
3.959122857357323944e-01
1.479887115506177464e+00
4.474368912229924611e+00
2.984328801125752495e+00
9.868741901484490153e-01
7.330147700415821532e+00
3.820558881335117118e-01
2.307367354389703085e+00
4.121470948208117990e-01
1.504560150902951143e+00
2.180036852939817749e+00
5.613922008180269430e+00
3.218413411523053935e-01
3.438996674461052283e+00
3.276627101145266341e+00
7.403966064545012493e+00
3.605461815326625352e+00
1.134368820191718141e+00
4.936949574363156956e-01
7.688994133021578303e-01
9.795547487890431393e-01
2.188421556908996202e+00
2.915287402459697752e+00
4.501514204045561351e-01
1.060934001955652572e+00
5.477576202791837545e+00
8.148765899665516566e-01
3.301651736174688878e+00
3.835445479781749434e+00
9.472684356856977406e-01
6.428373866486228883e-01
2.269062004336909411e+00
3.825497285256458380e+00
3.261792121651394982e+00
5.640229439935194877e-01
1.442927022300332318e+00
6.900737130179405154e-01
1.664521097346471690e+00
2.172142808764240929e+00
3.062643694462569677e+00
8.069649215911847140e-01
4.835596842585155208e+00
1.122956951581172813e+00
4.546004970375249199e-01
4.991768210138664008e-01
3.964033900892696693e-01
2.219617666639784659e+00
8.376563951263191754e+00
1.971552415041680550e+00
4.286621046682693503e+00
9.707568594154162289e-01
3.640096994183108059e+00
4.378484284563596285e-01
1.788150377937032243e+00
2.443437494976905100e+00
4.846785256007890008e-01
6.986470841524063502e+00
1.494026209843398956e+00
3.302729026651204158e+00
9.556197814714790795e-01
1.118027883471604866e+00
2.280527039458305705e+00
6.680546341478622585e-01
1.540301464895160954e+00
4.440888603444970606e+00
2.099105313145552376e+00
3.259817030626621093e-01
7.066988714322456566e+00
4.781519486541746744e+00
8.134782549737193946e-01
3.756737419956159840e-01
9.272948701968194429e-01
3.562996583909034398e-01
1.636235363487428707e+00
9.437100471489353604e-01
5.702647471224324693e-01
3.566769220371250881e-01
5.343515390646161656e+00
4.356808991030382550e-01
8.425465473095925972e+00
1.625892689602254748e+00
7.545693888859671405e-01
3.463895350475258095e+00
9.829635709189337156e-01
4.656301071181365159e-01
8.979607287185729092e-01
5.823457214490714406e+00
4.942660109757067710e-01
1.954175328347857343e+00
5.303809853839947408e+00
5.124565839901942255e-01
4.869351785201383009e+00
3.293332753526072021e-01
5.092994362468418190e-01
6.714071319596733645e+00
5.420206679381961434e-01
5.714371247207673754e+00
4.320281602090198514e-01
7.438767613920977961e-01
2.503523893521576227e+00
1.189542466348417538e+00
5.019608883669516075e+00
4.690527008264779307e-01
1.017698997376951686e+00
1.572138867286017039e+00
2.453537365861532926e+00
4.987460681829007036e+00
6.650938149508494046e-01
9.135062785115123374e-01
9.038858921289574244e-01
3.831597916896713585e+00
2.079410247971160253e+00
5.093982130567040745e-01
2.992526335159090056e+00
4.937740268294373291e-01
7.227466223798539868e-01
1.361350438379813399e+00
4.391388833006614867e+00
1.646919055224249195e+00
2.137716405226961935e+00
1.422641731708781387e+00
5.113285732573189524e-01
6.611155088463944729e-01
4.616358143329912789e-01
5.090862459617090385e-01
3.664101926587779889e+00
3.892480102081918414e+00
4.530418708811058126e-01
4.445728136053067048e-01
1.050495155001601066e+00
3.245319137207631766e-01
2.846671397332231290e+00
1.227678031100199574e+00
5.317163148489991720e+00
1.259441429283667535e+00
1.010950184359863613e+00
1.705210857297561056e+00
6.435882558113259488e-01
1.174535022481337343e+00
2.109493500515786213e+00
9.888067272345237857e-01
1.234893510912177472e+00
4.461980357437837164e+00
1.785234829643265853e+00
3.591395305741918342e+00
3.668012325068194524e-01
5.806125205676326839e-01
3.319384940401168826e-01
1.705204463493919187e+00
3.427232783635939528e-01
5.040289735987052211e+00
9.592359768704065814e+00
1.221198982079136020e+00
6.917214671335377707e-01
5.507315945656887646e-01
6.491262460879143603e-01
4.028388058864540433e+00
6.247813097958641038e+00
2.255745157375056209e+00
7.725714024867441632e-01
1.037891853132466569e+00
1.772042300564148132e+00
3.223787996311944681e+00
7.840603254154860924e-01
5.236565532931528599e-01
3.291673868246119405e-01
7.788072056399290011e-01
1.064843944463012448e+00
4.840951667497647826e+00
5.118722379501379205e-01
1.328533297292052939e+00
4.499680141300977709e+00
2.070301384506864295e+00
2.284907869383896895e+00
9.617449541978803085e-01
2.099134106186111737e+00
9.332167977883363275e-01
4.431988320618618915e-01
1.235001716144691120e+00
1.089622997148206096e+00
7.137370692964048580e+00
1.573204831448394181e+00
1.958984001559880728e+00
6.439341456898324267e-01
6.408479714786733394e-01
3.580959755353008700e-01
3.299377422513840585e-01
1.944487063986184427e+00
1.874745790110532884e+00
2.054569463230778492e+00
1.082004504059077998e+00
8.472016604807798501e+00
3.242223323988954742e-01
4.634619767578463945e-01
1.664599323495954630e+00
1.196357601397895376e+00
5.976347910858778034e-01
7.555117288193757830e-01
6.890934531144402797e+00
5.323487049899607859e-01
1.937145241450103805e+00
2.488209418240173498e+00
4.034066645099310122e+00
6.156611792863788679e-01
2.873224347884803631e+00
5.106656291875700804e-01
1.508333260143879473e+00
2.058529187471430433e+00
5.624857562383101417e+00
1.341291093469132667e+00
1.438175910658445966e+00
3.940994174547622353e-01
9.588191524963753931e-01
2.226447634612054749e+00
4.894123070577395040e+00
3.861034200409610762e+00
2.154581855135019985e+00
1.101998154455151813e+00
3.218413411523053935e-01
3.175292702381203647e+00
4.265643429596200908e-01
1.230111071386057464e+00
2.485312833442292924e+00
3.012842452531393711e+00
7.804684938128724214e-01
5.792476048529666244e+00
3.934286184483297699e+00
2.794821921627328454e+00
2.976878274960466531e+00
8.502437210418904989e-01
1.366387973447620086e+00
8.229944654283052330e-01
4.132651228012712008e-01
1.885126047946747319e+00
1.701553612294468998e+00
3.272272466410657721e+00
3.920152870469377215e-01
4.756723460993277364e+00
4.206735928392145718e-01
6.699765349379894985e+00
4.797885135264824963e-01
5.496518278209089337e-01
5.465541953974546452e+00
6.676079348816562620e-01
2.904250367401574717e+00
2.066817498101292117e+00
2.450228740026731522e+00
1.367756190810176742e+00
1.400134294310404037e+00
2.379513841995589463e+00
7.030978114522061784e-01
1.160346347093178743e+00
7.768483743280936160e+00
3.710008298167594143e-01
5.343336963429300424e-01
2.198082815161688686e+00
3.990939601262078473e-01
4.406190381391471789e+00
9.001997318966367345e+00
1.718749662944208501e+00
1.286590437406989640e+00
4.452084249366354829e-01
3.459304825732092969e-01
4.437665100073663993e+00
3.134575246337597321e+00
3.418145125286547348e+00
7.170183301547763399e-01
1.206065575493731723e+00
4.349193470193462585e-01
1.863360372592676395e+00
6.036445481336026875e-01
3.235733147295177581e+00
3.724452693477576570e+00
2.893973169881221885e+00
2.491148923569183715e+00
9.683108698579484530e-01
3.669240356286707638e-01
1.087920253799206982e+00
4.539983911641478187e+00
9.734851794131678115e-01
4.144808142855445632e-01
3.240671265201017004e+00
4.239716965932940340e-01
9.478799745886878902e-01
8.391959126978922878e-01
4.710964374026875290e-01
6.747608650199892644e+00
3.817820958733525227e+00
1.879100152589473050e+00
9.871464184703214739e-01
5.482611720351257212e+00
3.600041400583362527e-01
3.762384756775427053e-01
1.301448504137661333e+00
6.462164569559871730e-01
1.621119852980550169e+00
3.246290916328169018e+00
1.510928842706985131e+00
3.027753199425951447e+00
5.168191452171947420e-01
1.866600683828718799e+00
9.041898966989044828e-01
4.749079728707557568e-01
1.897285067756867116e+00
1.288322744698837008e+00
3.915376626204074562e+00
1.105059332877607714e+00
1.607919595766322596e+00
7.450876429034686055e+00
8.774371615581569861e-01
1.075176273362726587e+00
9.899747569693078120e-01
5.028223948955824474e-01
1.208731960120159599e+00
4.020294815002742328e-01
1.375618117195671841e+00
8.152621346195958463e-01
2.735073991528213622e+00
5.826235479711036058e-01
6.550193122242088384e-01
1.167795823249647036e+00
4.220238698709167124e+00
3.562223082498939597e+00
3.857211654072724150e-01
1.581365243796793774e+00
4.425993628489125475e-01
2.212619264689491771e+00
1.209069452242657938e+00
1.162726987389233857e+00
4.699531919416778614e+00
1.899245358397526173e+00
5.969703572455403728e-01
7.002082806127651882e-01
7.476340391586961953e-01
3.442619078781000708e-01
3.670657855135585290e+00
9.664394868734647037e-01
6.515621820809904818e-01
9.328201034212179055e-01
9.306333069039788297e-01
1.919521059390532747e+00
9.575710571123434711e-01
2.020141210927786979e+00
2.674110592499339578e+00
1.667480094024863302e+00
3.218413411523053935e-01
5.115458101829177817e-01
5.640080273036609526e-01
7.516112064972135798e-01
7.153592292350337445e+00
6.087258682709046909e-01
6.914203416248673184e-01
2.169414050824157947e+00
6.530982257827070425e-01
3.556772362975098467e+00
1.646802940989419595e+00
1.136359613785364875e+00
1.366407796779819828e+00
4.533326407258743806e+00
2.222882309063337836e+00
5.720473193988997451e-01
5.120755883536748598e+00
7.265675319566257118e-01
9.744768213338028673e-01
7.104790043074494799e-01
3.519083454860197246e+00
7.432313460615711520e-01
4.154975264406536861e-01
5.372583323138644396e-01
2.759505887342333708e+00
3.251349750286525730e-01
6.302854867723481469e+00
4.809070204474267918e+00
4.450510746824477337e+00
2.112004929885616722e+00
5.769624049581965064e-01
1.193643591693241079e+00
4.148229111288689097e+00
5.132077304935751538e-01
1.894717380093939196e+00
4.004763246123794751e-01
9.912524960192393708e-01
3.507154216686766413e-01
1.390878113751191858e+00
8.006568234249875626e-01
8.731947834482449267e+00
8.104460677273368496e-01
6.029096083290909069e-01
5.295854783262334387e+00
5.146060956136532916e+00
3.875124862457584585e-01
3.055802987359129030e+00
2.825481270973536851e+00
6.390988088565232594e-01
1.109949555033636237e+00
2.528309825045711001e+00
1.226729385085510771e+00
7.869844074163565573e-01
3.950445110626259027e+00
1.107227065189205550e+00
3.696752783036614809e-01
6.700018111239295360e-01
6.829204836130044143e+00
3.778141862457389810e-01
7.155909847704802207e-01
1.515668976639486187e+00
7.644111273611380319e-01
2.296946301511709532e+00
1.304997735679977566e+00
1.685914185225981798e+00
9.278495089278222530e-01
3.059484187397490729e+00
9.036732477604808578e-01
6.146717595392748201e+00
1.349270383884901392e+00
1.178692115464156975e+00
3.974511332468197988e-01
4.590985177485261026e+00
2.006697116934873737e+00
1.381785957183547353e+00
5.843611881495047733e-01
5.794876658343645071e-01
4.156137267163026450e-01
5.102481208281468561e+00
3.167288858684877972e+00
2.914033003470918537e+00
2.598915878174027583e+00
5.907474091721343079e+00
1.047448095586554828e+00
9.159948257261201210e-01
2.526561380552000191e+00
7.850384426924753578e-01
1.723605546257635401e+00
2.828211878509558908e+00
4.457786109773074767e-01
6.172063002656160258e+00
9.668893792117173591e-01
4.333683407395230169e+00
5.226916084157696707e-01
5.529089804616262871e-01
5.169345126926307987e-01
7.035910736696877610e-01
3.964203621274195455e-01
1.492856507868018268e+00
1.732761694019125054e+00
9.967498475582747819e-01
8.487997172480554298e+00
3.368993623577651864e-01
5.743789678882739169e-01
1.374402315640743888e+00
4.995892612082898920e-01
1.334839669148212504e+00
1.043892286366300715e+00
1.072797133840299066e+00
6.546964316243989446e-01
1.167727800725858911e+00
6.595897164269367563e-01
2.233573419993938547e+00
2.999573626095282108e+00
7.338822910722876403e-01
3.218413411523053935e-01
3.895173673511905243e-01
7.580954643128819725e+00
8.536619917445296135e-01
3.685812606462411711e+00
4.686914986757996004e+00
1.394579056182785992e+00
3.814679249125866867e-01
5.756219145608174603e-01
5.270206732407636263e-01
2.263195474939057927e+00
8.170813304100770225e-01
4.281355653953989315e-01
4.283017292152052846e+00
4.610133521656428757e-01
4.945274958191251180e+00
1.997368692169360971e+00
1.665935210564204239e+00
6.281104284202104759e-01
4.743117358515594795e+00
3.927002172620378539e-01
1.389956596919016851e+00
3.965227601331262064e-01
6.375378643596417705e-01
2.738648285201465971e+00
8.742037574430665536e-01
3.770632382665119131e+00
1.630129375745523967e+00
2.067064035786282172e+00
2.406819423006396175e+00
2.249954054103625367e+00
4.787918014254782806e-01
5.313855379520859845e-01
9.804235490458914626e-01
2.286902654978960836e+00
3.642594083322953091e-01
2.328015915417835924e+00
4.208587374308259688e-01
1.134261452856790475e+00
3.242432175548171536e+00
3.331119581642844718e+00
3.160603226004338850e+00
2.072695811841094748e+00
1.807061257231197038e+00
3.274963633032710320e-01
3.243166616649520995e-01
1.653257647766724237e+00
1.686838321603214341e+00
6.448103158184447237e-01
1.167910590335903276e+00
4.607325699177433065e-01
7.009542124811984909e-01
5.966150450702875752e+00
3.368121323013629986e+00
8.556300405987264934e-01
1.837337468789088435e+00
1.642491902598433029e+00
5.450025787131459687e+00
4.090046469208056812e-01
9.989795468771391906e-01
2.112368235040425368e+00
2.609857134156868597e+00
4.350506882644128659e+00
1.560371957006724708e+00
1.099161492990805566e+00
6.180064743608885136e-01
1.394857291053085202e+00
8.039523178268076498e-01
1.007917380219973236e+00
2.134332316522913331e+00
2.394017030222965303e+00
1.297577509838444554e+00
3.218413411523053935e-01
1.062841854577076584e+00
2.794859957516552029e+00
5.197346792181260611e+00
1.072814011793313815e+00
4.347195995453309036e-01
1.649275197681779215e+00
5.006964180545151466e-01
2.753519183093385614e+00
1.311622852333765188e+00
6.174392160111000782e-01
7.765855010632851219e+00
4.463951580996991630e+00
1.435937799096225653e+00
2.009334980203461463e+00
4.005711852045569232e-01
8.052259101606007441e-01
9.163394222715186554e-01
9.198580569774867044e+00
2.265595504591497278e+00
9.167855793323190783e-01
1.019474856302943877e+00
3.501640945844718411e-01
4.447722751363758498e+00
6.171555423401123619e+00
1.898233171204876779e+00
3.265418965289698661e-01
3.624455810649236942e-01
7.220588804577235953e-01
3.418590802284602326e-01
6.578781028418341226e-01
1.085139172344958602e+00
2.908747106733060583e+00
9.863045685564963971e-01
5.544377039617519598e-01
7.229931016516391029e-01
1.009537874024516224e+00
5.636007119808960075e-01
5.787049581599491566e-01
5.749199587946378642e-01
5.523310216135081108e-01
7.366176478045088905e-01
1.920895093450660562e+00
3.646780193854399332e+00
3.106116527531589178e+00
4.648373861498483195e-01
1.592867749328088722e+00
8.083642924004712516e-01
2.964637030883639390e+00
8.134577998452316550e+00
4.746984449559175978e+00
4.203751035222579313e-01
6.201613418961045010e-01
1.804314445003062595e+00
3.218413411523053935e-01
6.360205813046576395e+00
4.819276047013104636e-01
1.952143451078446557e+00
5.567619414132896072e-01
6.057202363541352774e+00
1.597988488198232249e+00
5.202693733782369989e+00
7.588729983183387651e-01
6.066583035395428425e+00
6.159890091849016258e-01
3.730822258726942398e-01
7.547277716649457568e-01
5.033422994943740347e-01
1.099125589362722977e+00
3.486866745215873920e+00
8.119449622441871739e+00
3.921267382673160995e+00
4.536206509451267799e+00
5.356294857156544964e-01
1.371409256980395508e+00
2.264993874404811702e+00
3.295310830222792031e+00
2.355270303151878686e+00
7.002161649974698587e-01
2.755706227098494221e+00
3.778730801231979797e-01
8.715952465622922585e-01
1.729408888476724693e+00
8.118512830834696548e-01
6.735018496914854325e+00
5.487253405060431577e-01
8.995661848452223275e-01
2.420796054609879455e+00
6.158008559936077653e+00
1.478528994213013537e+00
5.192318082964249015e-01
7.995995529232692300e-01
4.334061254620141801e-01
1.814822214445875881e+00
8.279231351754012813e-01
1.698243145350103456e+00
7.006738781691984386e+00
3.218413411523053935e-01
4.732511526789748846e-01
5.351801028920208925e-01
5.008152664415859157e-01
1.534866791577531808e+00
5.094391205045074589e-01
7.391146157666701910e+00
9.286948741162724730e+00
5.439632730618305656e-01
1.000424901863852023e+00
7.141364819324236279e-01
9.509595149338010422e-01
8.126029744469146499e-01
8.102562208041712566e+00
9.342143220145092686e-01
3.168853271234456148e+00
2.413514229106737741e+00
3.456736499464251988e+00
1.800559430592132193e+00
6.436119407572876705e-01
1.317793242308492818e+00
4.027371334219393417e-01
6.982799538306180942e+00
7.384814368376879656e-01
1.633117925492163502e+00
5.207487843481816148e-01
5.958492579592122862e-01
6.330078478953240495e-01
2.118632150186445795e+00
2.210395289829610199e+00
9.075003075083553084e-01
3.322239907206787635e+00
6.395028163874085791e-01
6.921851049931621036e-01
1.756663451775236640e+00
1.736757869395676890e+00
3.014651598334430638e+00
5.880396065072570622e-01
2.507897311599228907e+00
2.101214722561961956e+00
3.429842515874400588e-01
7.264503440262571665e+00
8.573809663925843205e-01
2.421403501391770963e+00
3.055570845544787861e+00
7.253510968339991205e-01
1.132360794259952730e+00
5.255253430778653589e-01
6.523850036607996561e-01
1.198562739408059130e+00
8.199682151506663130e-01
2.145448714013912017e+00
1.703029015501708265e+00
1.294521518917228109e+00
4.607796259881014045e+00
2.778610310762172464e+00
3.379510294942015936e+00
4.528926368366868793e+00
4.812783115784519672e-01
2.633544822964789756e+00
1.898432432371575773e+00
2.335314971269128570e+00
1.489650268650262399e+00
6.394837846695515360e+00
4.926513649607607848e-01
7.298645916216403018e-01
9.849833591079961703e-01
4.179706602728214815e-01
7.323741271182893087e+00
5.112452837787053728e-01
3.360554561035986043e-01
9.265892845500695030e-01
2.052160554284323535e+00
7.994951281851019331e-01
5.462119509735449130e-01
4.180269525748659398e-01
3.218413411523053935e-01
3.365580820986217025e-01
5.294899601878223505e-01
3.090750074678083603e+00
3.372206719670997277e+00
3.218413411523053935e-01
9.858860074186374112e-01
9.181087954028686049e-01
7.871317652001128540e-01
3.026264656933191244e+00
1.486076139003165375e+00
3.218413411523053935e-01
7.846925355162733817e-01
8.549242056472316165e+00
7.200091139547611929e-01
9.205198694446119489e-01
2.362109514450753345e+00
3.737692038922080795e-01
2.069168664611654496e+00
1.011394434245524332e+00
1.015165370235109998e+00
2.702228739046978578e+00
1.629456017202742357e+00
1.439423995356445163e+00
1.108803078584119861e+00
6.861174911744944982e-01
9.449626593130798780e-01
3.860246645257746634e-01
9.320412489141920442e-01
4.038581590645662356e-01
3.956563968011561183e+00
8.998278637345039854e+00
3.943563125706782690e-01
1.048321118868870361e+00
2.610467941186286556e+00
5.550979220332044051e-01
2.319104621409529887e+00
5.132915357760635677e-01
1.149758555397938364e+00
3.892183865031685897e-01
7.482950268680841788e+00
7.498239726766501301e-01
3.509813062577296083e-01
7.859687283148830694e+00
1.000562719425059033e+00
1.430143260355372981e+00
5.001289260417245863e+00
2.384105846825709918e+00
4.935699522351034707e-01
4.366510850032134350e+00
4.030144366648422682e+00
1.039107758426971229e+00
1.060850357629512963e+00
3.328207723547383368e-01
5.066647258952639454e+00
9.802217516634720296e-01
9.387269545311136554e-01
3.986264952827066610e-01
1.007288008930622425e+00
1.616319846107570291e+00
4.159381122035058498e-01
5.752391655463801046e-01
2.597941181228011764e+00
1.079501055165652312e+00
6.337485905648901907e-01
3.336843008971272617e+00
3.632698252764861580e-01
7.588111196560869409e+00
8.423199567067132243e-01
1.066087524717401758e+00
1.249277256007672143e+00
8.156564743272766149e-01
3.328776052446281164e-01
1.366332264914366768e+00
2.156026898249244983e+00
4.554735604610934963e-01
6.225658026183561455e-01
6.034043940757009006e-01
1.340613252910126230e+00
5.701114067849631262e+00
4.195660137267746670e+00
3.773765011928583157e-01
1.600025500980366777e+00
2.040344846271131996e+00
6.642371719281768838e-01
2.334566104577822543e+00
9.452067671265888649e+00
1.230569875712409722e+00
8.817508712218874445e-01
1.596315250021722365e+00
7.609059347247700167e+00
1.393553909801136026e+00
1.595924506408483490e+00
1.433715612310463960e+00
3.338129754560573148e-01
2.864699804005807593e+00
9.944703252657810522e-01
2.216519023527322663e+00
4.003474059718030165e-01
3.482087780836424784e-01
9.314357097063725277e+00
1.328177126310833511e+00
4.341622359018185051e+00
2.185701863918490417e+00
1.323635734929416996e+00
2.819699539553427670e+00
7.980000277585873603e-01
5.439209618286761083e-01
4.138128828338176746e-01
2.306414270817917167e+00
1.781110912491358889e+00
5.236146417697663535e-01
5.064380288006360420e-01
6.256951194797018445e+00
1.117184417712932865e+00
4.809134375816073725e-01
2.869239041001164559e+00
3.416867414386008051e+00
1.935772546077539902e+00
3.260598837218158241e-01
2.572974428194231944e+00
1.171133991283269893e+00
3.455369455652408384e+00
3.896016221386171097e+00
1.791908095053260208e+00
8.066195131493637760e+00
2.812794797562318205e+00
2.671569732252399465e+00
7.746352903470433482e+00
3.790074352375467637e-01
5.701030739251424784e-01
3.756312064916690341e-01
5.944045341501063007e-01
7.282738277696159113e-01
1.177185550866711505e+00
6.620374915548477901e+00
8.916200025447722499e-01
1.262562705208918334e+00
4.540499738554143461e-01
5.263772757822755555e-01
4.006566538128434329e-01
1.888826444540631089e+00
3.192520916135596742e+00
1.760888103013278139e+00
1.109572161625685949e+00
7.155912880868645631e-01
5.284767275205382475e+00
1.418394557141668066e+00
5.394267504926892887e-01
1.192507307947634265e+00
8.487833325901228410e-01
7.101504508971075325e+00
2.154190836743430815e+00
2.092067096061539733e+00
1.751903185794059903e+00
1.577239569638357430e+00
3.935298830941653669e-01
1.064630371174404955e+00
3.683616732023687335e-01
1.202559984574263607e+00
1.230938145015019192e+00
3.054140492430764908e+00
3.736909005228328251e+00
4.533524994034708322e-01
1.950372182927136100e+00
4.100077519024424300e-01
2.286457149883847517e+00
3.700639768296552390e+00
2.277715827227426715e+00
7.829918780272379086e-01
7.151264035868512892e+00
4.872082612965257242e-01
4.825959792944564342e+00
2.177312956272999145e+00
3.171920628909244755e+00
5.072993131971300640e-01
5.327830424411345689e+00
5.928129002400591707e-01
1.083097371573453316e+00
4.596734890004806617e-01
6.842180085291112768e+00
3.900894663240208060e-01
6.489516611958918713e-01
1.249716299024045796e+00
3.808220116020549995e+00
1.428926925591394559e+00
1.723302886042771265e+00
4.723222745858335347e-01
6.990270746035827099e-01
5.198709573339344026e-01
7.969803949928478737e+00
3.879756986048635614e+00
8.153632092003980647e-01
9.118520694294383055e-01
8.182776146906689529e-01
3.352298292057529938e+00
3.941707443275376033e+00
2.893376727185072550e+00
4.962774627413286677e-01
6.147354432693079573e-01
1.400817123171187673e+00
6.083117899051125876e-01
1.372516810386167130e+00
4.840721599140110909e-01
1.888106114591643125e+00
1.008330476539365472e+00
5.524611011266621352e-01
4.567302964189079439e-01
5.648077851770337832e-01
9.494990773428630959e-01
7.138837330486585309e+00
1.461478523425691511e+00
8.463774907730184927e-01
3.816128879611234481e+00
3.395435452005271526e-01
7.800820510189486079e+00
1.009540763251555617e+00
1.598508618309721019e+00
1.410217669198501778e+00
2.615710523201407067e+00
1.512487122292202057e+00
1.503641964602311809e+00
1.071613821846931325e+00
5.000279081793718161e-01
7.252652655021768480e-01
8.329281690587182485e-01
4.774673249442497602e-01
1.103113980294173624e+00
4.860155787611212252e-01
3.218413411523053935e-01
1.006158777570120844e+00
5.584056925652811643e-01
6.396800471482703143e-01
5.675756959508256871e-01
6.093439361848188573e-01
2.221101108087035314e+00
5.330916769801886668e-01
6.421208570938229165e+00
5.209080160850778185e+00
3.218413411523053935e-01
5.681276716595504706e-01
4.820773346885611210e-01
1.179784739327701226e+00
9.662241327358342957e-01
6.728254113276366688e+00
3.047052845034992075e+00
4.247797120940822957e+00
3.735267379687041256e+00
6.763135894667353654e-01
4.866525270255268154e+00
1.387412307953810764e+00
4.067853310962043167e+00
3.354152653709543408e-01
7.279452981624457975e-01
9.097041063614776935e-01
7.012980608688983430e-01
6.431884589952461262e-01
1.199811821649628296e+00
2.608599930821782653e+00
5.331683286589978366e+00
2.030746808499822809e+00
8.418228797590530110e-01
5.908785558243403457e-01
3.321454799107874667e-01
7.913408157643057050e-01
5.751511051175368650e+00
3.554822505031430602e+00
8.288124315563053512e-01
1.387944580240662473e+00
1.296973882071611017e+00
5.017039772276367104e-01
9.761772481864783302e+00
6.249425625382477811e+00
5.698606291948872249e-01
1.576803544893631726e+00
4.147053365324455676e+00
1.616478928901336598e+00
1.090293977181769458e+00
1.218387806429574338e+00
1.261166693701176067e+00
7.801972212186744082e-01
9.332360887742809918e-01
3.218413411523053935e-01
1.404988732489664605e+00
2.086710916039717478e+00
4.982301615334014500e+00
6.339595460997892173e-01
4.482227522055159397e-01
4.137103383790741162e+00
4.253732315629087934e-01
3.900911655839275349e-01
1.213365390837062963e+00
4.214196427882431095e+00
9.832406108341410489e-01
2.638006001517067212e+00
1.396827801296584237e+00
6.046202584510863787e+00
8.066764710929512638e-01
2.750679127130333246e+00
8.478679710402735603e-01
1.088712953788604221e+00
1.211424516667685802e+00
8.936776979304610791e+00
1.755240571048179321e+00
2.635850057421959658e+00
5.318850564074175669e-01
3.822387102616643384e-01
1.052181674251457588e+00
4.815454806428259849e-01
5.147253885463597634e+00
3.671714760578696168e+00
6.813478923743684357e-01
5.465549697048384115e-01
6.077342925408537599e-01
1.905750959742181561e+00
2.570579565212306683e+00
4.760044038953403223e-01
6.651000430334421676e-01
3.693145730102502799e+00
1.884928795327006412e+00
1.615794655978292305e+00
2.375072640253327094e+00
1.756523114899457561e+00
3.152375947597624073e+00
7.185674919494191570e-01
2.242577197445226211e+00
5.283424863029777541e+00
4.455751289661234793e+00
3.464305765659995817e+00
4.172236482846579664e-01
1.855450058417400960e+00
5.060659346305916628e+00
4.024625306469619801e+00
1.920482132343830362e+00
3.034904481766719897e+00
7.569015365345523882e-01
2.178873209738666272e+00
5.039855230504107775e-01
8.655204964406968404e-01
1.034482614850955162e+00
1.579646731634393619e+00
8.012162270676067566e-01
5.545112243026177890e-01
3.939945008463630605e-01
9.138167723341527049e-01
6.954412382961455918e+00
7.543497259076049621e-01
1.909263003011637538e+00
2.616233684189761100e+00
5.983565659778212753e-01
3.220758623999767090e-01
5.636534029290332093e-01
8.096184257376511928e-01
1.461183347793636900e+00
1.062730910478250967e+00
1.126430673430494078e+00
6.501210347111524568e-01
2.141022787559514029e+00
1.557129314343076887e+00
4.906038404515708606e+00
1.210161023839205985e+00
3.324586678108996107e-01
3.743091272519313062e+00
1.052478470492063778e+00
8.733081582191518644e-01
4.986597187327819203e-01
4.942871609033307578e+00
8.882897275273617943e-01
3.255208134860012037e-01
5.818194716273297207e-01
7.623937465637446564e+00
8.842724839082617194e+00
3.501987856834415602e+00
4.562888230656331201e-01
2.165646990983103315e+00
5.337186933730251326e-01
4.846969783101161555e-01
8.017966660916592048e+00
9.248463086746774309e-01
7.594047877256284718e-01
3.309024663513639553e+00
9.068960015367366623e+00
1.931470696679774557e+00
9.638682030767615316e+00
6.164594113485216686e-01
3.076165018082652303e+00
6.457855698601563388e-01
9.540001025079661856e-01
5.133180143242647153e-01
1.831535081986805258e+00
5.662079471128305119e-01
1.775775166441014630e+00
1.045427169926612221e+00
3.139345321556375357e+00
2.151905877889973784e+00
3.926538162226756445e-01
7.532386895645600822e-01
1.713151020618616682e+00
1.579119915188109458e+00
2.970072295996257328e+00
8.753915671391129250e-01
3.115732653144681841e+00
6.859556892835920294e+00
1.663272503112832368e+00
1.243968264728712692e+00
2.645671837034928142e+00
6.494274972260887235e-01
3.218413411523053935e-01
2.762438379778701769e+00
3.612900580291085184e-01
1.187918363070542105e+00
2.497386704050021944e+00
8.286802378942406122e+00
3.271483123429583251e-01
1.340771168218086284e+00
3.218413411523053935e-01
8.482586745531891514e-01
5.192888179395175996e+00
9.711168687673051858e-01
3.317745386535496444e+00
2.309903498768494767e+00
3.116520988775048018e+00
1.307231409010220391e+00
2.126804580581202586e+00
2.847688782914338024e+00
5.969730863003090970e-01
5.721840357414054168e+00
7.062460412158765299e-01
3.942435684106727400e+00
7.547171527390104551e+00
6.228579870650169381e-01
1.217802173521200571e+00
4.407725196536274481e+00
3.334176483799061508e+00
8.570730158747017491e-01
5.328128507313989459e-01
7.529506889978911932e-01
7.760431474176214817e-01
1.604537188154587346e+00
1.475283952313482638e+00
5.712909644086761052e-01
5.794128324225430227e+00
1.999614031919061174e+00
5.020333830576272360e-01
2.700445401414753643e+00
3.961870355346784667e+00
3.601746375405484812e+00
3.669880809168579727e-01
1.129418743134012137e+00
1.003083079193673122e+00
6.364725655595256937e-01
3.040836241525915362e+00
2.738120347409061406e+00
7.651536384064062446e+00
3.894769325954308137e-01
8.117084217687879910e-01
1.132559186475651236e+00
5.588938290317226887e+00
1.751838957435436717e+00
1.927072041637033717e+00
3.597279157476970912e+00
9.671515629726076257e-01
7.766226401168375704e-01
4.174647515914200469e-01
4.720931126099426223e+00
3.783817082523844855e-01
8.262221156426456048e+00
1.342260752823455361e+00
7.005476257578638899e-01
4.937533678027605233e-01
1.214796185515992333e+00
9.016575279645300256e+00
4.449772684417784840e-01
4.124613913811067123e-01
3.086429687215201945e+00
4.769344316344408696e+00
2.059776349767866055e+00
4.096614420995386419e-01
1.042980823633954834e+00
1.573194005085150948e+00
1.831127082002682371e+00
1.177553559108959202e+00
3.218413411523053935e-01
4.538524612642457212e-01
8.698687034342035274e-01
1.106491368049933754e+00
3.117488421801718257e+00
1.081880352905053133e+00
2.387591091587409231e+00
4.303271626184863585e-01
4.753893035216604779e-01
2.275240284426735649e+00
1.508295411425616406e+00
2.297639063721467423e+00
6.489995275567808086e+00
4.049601994866723342e-01
7.154693163601407946e+00
4.035931219228479527e+00
3.337375566914319025e-01
4.171538827274688943e-01
5.156516319536605053e+00
8.989782513062129610e+00
1.471305404107742909e+00
2.575397296022095883e+00
3.369696626371641024e-01
2.568071073904786505e+00
4.530492385753603024e+00
7.625705403227557300e-01
4.310940368842603121e+00
7.700791952007848273e-01
2.926903084935319033e+00
6.174281666341538966e-01
8.035777565016185564e-01
9.136586254635955529e-01
3.740420395193979064e-01
5.142701221979167903e-01
1.188977322108113244e+00
3.704829251488676589e-01
1.679203069806514348e+00
1.781176452152674061e+00
4.328701888517220153e-01
3.268594918717842579e-01
5.281864777627792717e-01
1.028607591114204522e+00
4.509359507191000316e-01
8.972258756832566462e+00
3.346893072335947461e-01
2.755350225784947593e+00
7.358150626779300651e+00
2.567996978387744544e+00
5.617821982709567674e-01
1.549831611428619915e+00
3.619084960352597857e+00
8.573544486278882104e+00
3.218413411523053935e-01
8.779821445650063394e-01
8.420288344527108171e-01
3.116353932173840047e+00
6.545024021068257536e-01
5.435231432840590404e-01
1.261450652560217822e+00
3.215122107175662602e+00
5.524438293413943546e-01
7.380556638405968428e-01
2.079962557091794118e+00
6.378428739196919661e-01
3.218413411523053935e-01
3.183099310927562264e+00
7.142425310231688140e-01
2.415219283678478934e+00
5.825359002384379314e-01
3.188624982508388328e+00
3.794528492451273438e-01
8.081206494808831353e-01
3.567774729298180958e+00
1.914600312797431814e+00
9.228968276934873316e+00
4.897257575328904933e-01
5.228299234846950361e-01
6.551851009751982202e-01
5.689744669311927794e+00
6.580214438726496029e-01
2.369867391036209359e+00
4.531545422330524708e+00
9.573139134912014292e-01
9.047612542884218456e+00
6.985809495457390161e-01
9.233514278192901381e-01
4.277205331784622588e-01
4.719208516378795792e+00
4.014064794898266064e-01
6.043440483702439137e-01
9.414162954304454711e-01
5.657403506123929171e-01
1.242699856577120787e+00
4.327018760886620075e-01
5.024883668903118439e-01
1.410165798118869773e+00
1.201636279342276126e+00
1.252565753725034314e+00
6.857013476233777549e-01
3.979962514154795072e-01
5.540449562224102342e-01
6.130243154977807585e+00
6.371222593229320941e-01
8.394257729594499784e-01
2.093147254137359248e+00
5.555970460733913319e-01
4.134258348238862624e+00
4.896539415348620139e+00
8.877401212798165631e+00
1.470456866472147128e+00
2.161320129438964344e+00
1.957931602087827905e+00
5.340670513572788325e-01
7.250642056202943886e-01
4.998274412279657963e-01
5.137951825577625975e+00
1.438839258122481590e+00
3.861252345171155120e+00
2.036468190983254267e+00
5.163434713036972878e-01
4.902994089611674156e+00
1.089230475174445711e+00
2.114620215360539124e+00
6.207076861481075625e-01
4.093564016956162455e+00
1.650275804667993285e+00
8.094751725427034028e-01
1.304079342288991805e+00
4.184020468240765012e-01
5.445635932915227961e+00
4.415173695921000285e-01
5.806146854829059567e-01
1.050834559880473140e+00
3.664307714145367267e+00
3.218413411523053935e-01
1.583773096336931197e+00
1.394241302348291800e+00
1.608132166122796747e+00
2.894721385888011422e+00
7.071409941884057915e+00
9.082601421079403714e-01
3.363326335298599812e-01
2.193024735402639536e+00
1.766418964717654472e+00
7.763210303892574826e-01
3.366967912809937236e-01
4.992774729950719137e-01
9.946499512327229287e-01
3.974120631233514223e-01
5.708987070725914936e-01
5.090776295547967401e+00
5.394455575354205612e-01
3.354592883061107700e-01
1.302969292977225413e+00
7.127270901537073877e-01
1.160633293062998783e+00
7.168539883165566673e-01
2.983091249276395907e+00
4.314928674873945713e-01
4.249015703583174930e-01
7.639307843254514729e-01
2.895434707061471435e+00
8.360348150032356207e-01
4.239768994446631578e-01
6.041371006527624932e-01
4.490664104312376281e-01
5.292617010500373365e-01
2.590174019179064757e+00
4.171758493667309331e+00
4.976382445204597382e-01
1.840087973859771298e+00
3.293115683702528607e+00
2.681701836004988682e+00
5.146496811821013928e+00
9.336099217080170432e-01
2.042252649289326261e+00
7.739985714630996938e-01
4.058928424490790277e-01
4.359173919293635180e+00
3.492864773018172997e+00
8.623698040775288343e-01
7.689819524622851787e-01
6.574946099704793712e-01
6.307659722738591102e-01
2.689397645133293491e+00
1.768625403384166628e+00
6.113467297909438436e-01
5.569772750650566762e-01
2.083600200311201078e+00
9.099697172332740225e-01
2.499445828802786096e+00
9.426485084604856457e-01
2.889470395050938389e+00
3.195203691344691066e+00
4.019720731178276552e+00
7.848615629416469730e+00
7.385722152833613663e-01
3.761703011655733730e-01
2.105508608725070729e+00
3.497740818837403176e-01
7.152270024773854651e+00
9.921972142870607581e-01
7.431474593033104092e+00
5.065183003608986212e-01
5.683909693162108034e+00
3.650957797416105044e-01
5.957299483174691712e-01
1.411535149090050956e+00
5.670182032572361752e-01
6.076702395154319758e-01
4.475976204488777421e-01
1.654362338671532706e+00
2.707756058928835419e+00
9.112005369199996929e-01
3.020344408941969316e+00
4.978461717385753715e+00
4.170192421507774583e-01
1.645687762483170280e+00
8.875431731018808890e+00
9.340308345185881489e-01
2.667691171529039007e+00
5.227254431775176791e+00
6.869600719064263394e+00
1.398619796291120654e+00
6.196970123540803677e-01
6.159373222825824001e+00
2.164829392224135507e+00
3.315695861971591274e+00
3.505173701320822843e+00
2.133578267113349192e+00
5.645516121960021394e-01
1.246861833190339164e+00
7.905205940109444107e+00
5.314295303810833815e+00
3.200589139709011821e+00
1.192735081469307623e+00
5.691632214693616021e+00
5.409311895296898598e+00
3.406581199205648836e-01
1.098702617744605314e+00
1.325833229475908093e+00
1.920166078884413929e+00
4.045692305270440770e+00
2.892206690083353404e+00
4.730514862495956985e-01
6.046287434588360377e+00
6.938047101336056732e-01
7.697597481355025195e-01
8.575613726975453988e-01
2.642462890229704708e+00
3.728102539456190190e+00
6.755721360523011532e-01
4.647512345798882061e-01
5.846884804670410274e-01
1.614873862710995533e+00
9.049373850005921760e-01
5.660465838917995152e-01
1.513136570616746335e+00
1.055596119081624540e+00
5.080542098193757683e-01
1.474666638148002029e+00
1.137434900908016022e+00
8.110160076268060791e+00
4.050680993369743521e-01
1.004574252739684814e+00
9.932046734241364305e-01
1.444515662149683743e+00
4.381348798087588148e-01
3.883207055528813956e-01
5.249693755500026704e-01
1.099192460216796619e+00
4.147752279196180170e-01
1.199268477748830497e+00
4.637544450520214023e-01
1.461636645040978122e+00
7.429967091658059575e-01
3.317388334874224576e+00
4.195181040191108823e-01
1.113735573312730542e+00
7.837842765819865498e+00
5.147958385460324138e+00
3.775699229601529039e-01
4.485009700380053754e-01
2.433163275026170247e+00
4.469529291676617611e+00
1.054062216724477308e+00
1.593286231775464135e+00
3.860603614552782670e+00
6.957826827083919419e-01
4.947899141316601246e-01
6.416297360520162307e-01
3.933761464342013237e-01
3.455501917380590093e-01
3.310758901442610203e+00
2.696245961436724681e+00
5.706820446887459042e+00
6.368640245288323953e-01
7.600642814942122349e-01
4.558793008306084027e-01
3.218413411523053935e-01
5.026207464685601423e-01
1.122274945606875018e+00
4.517354657583419808e+00
1.937191032209184316e+00
4.141325107388138527e+00
5.684053531090037525e-01
3.932427434867655225e-01
4.159752319549250288e+00
8.721508273910004716e-01
6.009981043755624475e-01
1.841028464514054219e+00
1.614258586911585303e+00
3.116624760035135555e+00
7.947201245332368380e+00
6.776513433627950889e-01
9.997458443285630603e-01
3.656655146066090101e-01
3.400633312829908217e-01
1.456731387714604864e+00
4.122497280365713834e+00
1.488396578629234357e+00
8.070665078418947758e+00
1.539467220672144254e+00
1.368835596417333766e+00
1.174615666118863588e+00
9.680562254861277971e-01
9.214654774824103667e-01
3.725721930302541729e+00
1.962011895579474530e+00
8.786257543009955429e-01
1.102251313016653800e+00
4.029540475626255613e+00
1.966741166762272286e+00
6.727497371496777845e-01
7.574281706084293297e+00
3.676943065982793080e+00
4.163276988469928774e+00
6.446672749649392520e-01
2.902955431972435552e+00
4.898681446925474692e-01
1.900051411978918470e+00
5.039903728884753686e-01
2.400101315272501257e+00
4.449567114252662714e-01
2.226934813158266024e+00
9.806839348425503644e+00
2.746141190261837117e+00
3.274259840631083662e+00
1.893995579844467203e+00
3.389448359380541564e+00
1.882006427308164032e+00
3.537043182471459435e+00
1.498742891162627044e+00
6.794555020725473460e-01
6.343113280845479318e-01
5.666305787183664178e-01
1.420338797664785213e+00
2.945802431261248522e+00
3.265027819537322795e+00
4.714425225477691050e+00
5.379597330183581327e+00
5.157336409328955318e-01
1.346908615933668951e+00
7.908999160280671958e+00
8.330083583894140054e-01
7.575046397156529610e-01
6.473612748177677290e-01
2.302128806522424131e+00
4.783446412990376428e-01
7.582201387815873161e+00
5.529511086171858825e-01
1.399399441129165256e+00
1.082962072955154120e+00
7.688438763378623308e-01
5.721541162988704743e-01
1.312981616748140068e+00
1.150874762216715030e+00
3.218413411523053935e-01
2.266858735724370799e+00
1.074167754653396756e+00
2.798824035916319453e+00
1.312629057168813729e+00
3.731023984040306551e+00
1.343490078106106989e+00
5.275321592795881864e-01
3.199904561155347160e+00
1.608057369801048742e+00
2.864889481688633666e+00
1.036487012725319179e+00
8.336818061437601957e-01
1.339999983443324716e+00
1.466290134338209539e+00
4.774503551174138494e-01
7.076897673246899778e+00
2.341021496238655963e+00
2.076891625816900344e+00
9.058504442507601340e+00
9.958507348443157436e-01
2.504953260104002322e+00
2.378567916251762782e+00
4.294704785944071901e+00
2.320983570935342577e+00
3.510977030377805175e+00
2.519969632355991251e+00
7.391607586700968291e+00
6.442448854382102352e-01
3.375124572011427126e+00
3.734691969152834634e-01
1.675552536837160433e+00
3.476530239383747167e-01
3.221121480254376945e-01
5.648604219613949651e-01
3.426988719141092488e-01
1.046087057613231064e+00
4.059997180352363788e-01
5.666527045147192077e+00
1.544566391852418397e+00
3.921192985096059402e+00
2.609015960899236930e+00
9.680479477600830052e+00
3.439532047729281228e+00
1.820690648318827876e+00
3.218413411523053935e-01
2.582161243560579855e+00
8.577619162694396504e-01
2.552700068472102846e+00
1.737145040634333393e+00
3.233873688409591551e+00
7.566310445618616987e-01
5.485551289493390215e+00
3.197951631216644497e+00
7.684163355035641629e+00
1.749066737407783734e+00
3.299235105343029106e-01
7.992780924814023580e-01
1.053492949158891578e+00
6.374666945446652022e-01
3.519266817034254924e+00
7.242716603216942772e+00
3.239021916356069397e+00
5.433735398910607417e-01
5.303100788566316171e-01
3.186596222773141029e+00
3.519434162497386609e+00
9.830152663356751530e-01
4.950764209563568441e-01
3.805149400717916297e+00
8.795881679273251930e-01
3.826559981350968753e-01
4.085399922729170408e-01
5.388865505557960844e+00
1.365078856336870317e+00
3.392725268866989552e-01
5.140479596169460486e-01
4.379063598481764963e-01
3.916649708772907523e+00
2.965372727240102702e+00
3.635417391733714254e+00
6.873642386450360409e-01
1.345408137488957268e+00
1.051594310575741487e+00
7.608378771689526809e-01
2.366182305427994681e+00
3.799815963269661978e+00
5.780992943512679449e-01
9.158505946128776998e+00
3.342493788787995745e-01
1.990963574457425000e+00
6.020387030454876776e-01
9.284414041050105260e-01
7.551952766321748944e-01
2.368543555038209902e+00
7.049042066242489080e-01
2.101098838096273624e+00
1.376518957345640448e+00
4.500564873584896652e+00
1.430538769652538900e+00
1.334719380811073997e+00
7.001088531597311482e-01
3.987827108059507353e-01
5.006428457917451169e-01
8.149519898283232866e-01
4.291188189267336028e+00
4.539548455237216729e-01
5.047857131345463433e-01
5.122092500023627260e-01
1.527157577345924722e+00
6.027452371542812992e-01
6.724966856564712492e-01
3.381284080663130021e-01
7.025264135789307529e-01
3.461831090183695725e-01
7.450055579828792851e+00
5.162786492145887696e-01
1.480861687480322209e+00
2.584617229832430585e+00
4.941722647334230167e+00
3.008356317236204003e+00
1.494186034118897943e+00
8.929459327456421569e-01
5.563408224130339530e-01
1.219081775310834725e+00
1.428523974314009903e+00
1.703016764851396081e+00
3.510283705244887642e-01
1.081577782821191880e+00
3.331165103397932370e+00
7.629519573371080776e-01
5.932770461816186947e-01
3.779681279225234114e+00
3.493090230704363752e-01
1.099523014924482567e+00
5.709312979825426737e+00
6.667758672658481434e-01
9.780367157466425265e-01
1.622787212519195998e+00
3.565396948300155522e+00
1.203944361398608054e+00
7.993855414517744284e-01
3.218413411523053935e-01
5.368704132386989514e+00
4.024644234277925392e-01
1.379960606074558616e+00
4.424440903388942914e+00
7.732860555402630176e+00
1.018759249760056385e+00
4.025935379605371511e-01
3.024850543010626502e+00
9.900203102509955722e-01
1.032112331143094419e+00
5.067215613614524106e-01
3.054447689276872602e+00
3.586975326593262903e+00
6.466938941799592611e-01
4.196173341846719529e-01
5.858324749417644917e-01
6.622912458806636815e-01
7.133098131074353532e-01
1.625877027101516603e+00
6.643859699270233676e-01
8.680068271595325902e-01
8.041344193687964825e-01
6.130678999281897745e-01
2.561291494197646568e+00
5.643950671886448944e+00
6.768689018216655917e-01
1.618843906312704473e+00
4.491200582719296897e-01
4.839910077417741152e-01
6.261337542468117245e-01
7.016738483752472666e-01
9.138015371132491849e-01
8.084284976217884777e-01
3.002863349119850866e+00
7.490577677410676927e+00
4.148877899262480851e-01
9.809170304961233322e-01
1.194971501587034801e+00
5.209374515202808142e-01
6.612736781006246511e-01
1.981071765270177254e+00
4.773917684171484765e-01
3.733744052967154836e+00
2.633419307867443937e+00
1.586839061056255051e+00
1.384775770689010477e+00
2.897681024866691768e+00
8.410732631806621118e-01
7.077966037941519906e-01
2.465528412574671258e+00
1.919499240784048322e+00
1.345839310281403023e+00
2.509891083225246344e+00
1.511402966046514695e+00
9.563788098539076632e-01
3.998841784634213914e-01
3.345039021512484223e-01
2.638810464732044725e+00
1.255442187985612801e+00
8.595211829783579560e+00
5.816590482291643660e-01
3.741573429508137760e+00
1.960671996926802274e+00
8.220604161040233615e-01
3.593992150080025816e+00
4.795678877186015931e-01
6.383438325053433005e+00
4.937374091684121891e-01
3.168790743203570237e+00
5.976080397926352150e-01
4.955184278909455786e-01
9.897300206791747046e-01
4.145984524349904388e-01
4.964995532290523705e-01
1.223436459410331079e+00
3.218413411523053935e-01
1.596341964006516401e+00
7.006399322413903175e-01
1.431335492847358282e+00
3.540671078894161994e-01
5.140373003757068293e-01
1.219920875642191760e+00
1.868675013406937424e+00
3.379605272238570102e+00
6.141864780270187563e-01
9.208405887475906937e+00
3.701042440522968602e-01
2.439326207116445655e+00
3.499331693755744155e+00
2.543423758948077484e+00
4.693224336608689207e+00
3.771357014422146436e-01
2.191273175033672249e+00
5.594139581400930261e+00
7.045014342610576019e-01
6.070994032314207089e+00
1.305411571959365524e+00
1.331227215772371686e+00
6.465196956603375789e+00
2.405979992672048429e+00
4.854091418168741789e+00
7.100412153472611676e-01
7.162140427108147911e-01
2.915576458116040826e+00
9.700579305185888401e+00
5.667748268264865885e+00
3.319824276356218018e+00
9.361998459722761012e+00
2.149612512889916616e+00
9.003546204026313671e-01
8.372454245708750298e-01
5.724010984897911491e-01
6.085379960452961257e-01
1.126193724115129191e+00
1.968462662049790701e+00
7.301859318970111978e+00
4.515453969314820348e+00
3.314507144749702761e+00
9.704839108012096816e+00
7.866662794231758404e+00
4.992600820782956639e+00
4.089289519757077773e-01
3.096223100826345664e+00
9.568862181468563932e+00
3.796667130100013221e+00
8.325965828590158324e-01
1.352352586753118091e+00
1.929628943294341648e+00
1.141287609918992807e+00
2.137773796555311634e+00
8.442251161436641338e-01
3.681973127108163490e-01
8.194756300053708253e-01
2.795301431075490672e+00
1.280989523428633037e+00
1.410368250028561032e+00
4.389583520723807197e+00
3.658912054770511180e+00
2.717052308096899793e+00
3.927160210001914287e+00
4.971481019528344980e+00
5.518128648285129945e-01
4.441437716414372017e-01
3.245790342861828215e+00
2.652344248175736219e+00
1.201387838976422984e+00
1.410245804098660738e+00
7.707275449366293163e-01
1.085531925038095480e+00
1.026663080935180217e+00
4.848169814321631854e+00
9.211348152090342856e-01
5.418532085388526598e-01
6.118487945868166911e+00
4.910371160481437625e-01
3.540306359277132775e-01
3.144875359610026067e+00
5.389324697094066696e-01
7.136316845800434461e-01
1.906576757233377162e+00
5.038224644307891964e+00
5.031044185431377436e+00
3.527556681805370520e+00
7.597647733635652045e+00
3.987661496753414081e-01
1.248994895743048339e+00
7.753624940450998260e-01
5.486128668732815905e-01
3.548116237389089545e+00
1.177177649856492980e+00
5.479983779810357891e-01
7.254317013303814843e-01
6.938835370189314844e+00
1.411241690982689923e+00
1.190855616493663449e+00
8.809350033247039802e-01
2.153668110665807323e+00
4.581691676743639974e-01
4.302849466735078288e+00
6.205661558328229077e+00
3.810451553983316697e-01
1.100533004162316253e+00
5.202344719788279725e+00
5.180676076892001269e-01
7.737666542728963925e+00
2.283154906031624520e+00
3.578651467773249273e+00
5.152074534757259405e-01
1.074608269642003400e+00
5.284322074137843828e-01
9.148156731020391064e+00
3.479455559618511717e-01
1.932281009302653452e+00
2.923572192841002781e+00
1.630378731654753333e+00
5.304329706043731107e+00
9.602439437084794305e-01
2.500650056577282232e+00
9.056228583941889454e+00
1.489734699914276206e+00
3.547546939434201185e+00
1.369464330868622959e+00
1.262460926408267570e+00
2.270697748237014313e+00
3.755827832344508010e+00
3.688408714598787608e-01
7.907113323524795900e-01
3.421750975813702578e+00
8.086523950501037783e-01
3.445656256523276229e-01
3.319847295655515396e+00
5.055609565788674153e+00
3.011908308212933871e+00
4.401887646766919460e+00
5.114926040838843058e-01
3.263615724538851293e+00
1.506880142170103909e+00
5.035141809446957994e-01
1.117937131881907131e+00
2.444736406531558437e+00
3.365756354213326862e+00
2.672609311674305932e+00
1.489237480660182245e+00
6.301890657853255195e-01
4.212447269205924494e-01
3.094436943311797528e+00
9.597278631889981648e-01
2.127543939078712310e+00
6.345494953813957117e+00
1.413552632883425364e+00
4.871284927012833887e-01
2.260749814728632234e+00
4.404998616062710814e-01
8.418729790718213479e+00
8.612507609731672176e+00
3.700720594133269370e-01
1.230849575267018547e+00
3.809841966256357626e-01
2.900970015069203267e+00
1.271740388874756267e+00
8.986583453853104198e-01
1.411330237794898412e+00
1.157122465447825377e+00
4.479122049635826386e-01
9.456598002341147780e-01
1.092275890157789808e+00
6.124706947899403175e-01
3.527117676198299190e+00
5.608743777050231749e+00
7.547113907763984830e-01
3.559764359384047783e-01
2.897089691546224532e+00
4.635404899410885626e+00
2.572596574510182421e+00
9.173538788184145698e-01
4.821139895299539013e+00
9.033288939165897702e-01
1.564993495177571026e+00
1.429776430552352817e+00
1.352108849798146162e+00
2.100466798316604766e+00
2.296055419431606737e+00
1.481934347746317604e+00
4.529153609137682168e-01
2.747082064795260958e+00
3.705267552746882020e-01
3.631244899088119649e+00
5.206540074022229625e+00
5.966393120102404524e-01
3.218413411523053935e-01
6.407586127063062964e-01
2.733193595234352014e+00
2.172548867823318908e+00
3.738653627855383466e+00
2.444407630480806226e+00
3.056003010961657829e+00
6.499013247822873485e-01
5.085812109290582805e-01
3.845481874375750175e-01
3.704340533813572645e-01
5.998827562556705573e-01
1.253855182220984021e+00
2.309032248237107954e+00
5.607749609704800742e-01
3.172459790209154029e+00
4.209890033366053608e+00
3.904695403724260383e-01
3.218413411523053935e-01
1.369432678517584767e+00
2.359928046162143911e+00
5.572866970976854128e-01
5.695031677807308457e-01
2.788055580757466956e+00
4.804338017620739532e-01
8.363138899349543687e-01
4.633589364190867421e+00
2.329376410728682067e+00
9.622260659207312328e-01
4.417070459526790671e+00
9.084042805710671464e-01
1.301054069288618997e+00
4.894001009606396280e-01
3.823015893112140073e+00
1.888355144996177737e+00
4.517768523945956183e+00
1.272571918237764388e+00
1.271268431193001369e+00
5.942723970970278380e-01
1.140730667774590978e+00
