2.033305925490587474e-02
1.370188711006402049e-01
9.432419718009981136e-01
3.592731083864249275e-02
1.833800609145961602e-01
2.186293403933835602e-02
4.921863511234565031e-02
7.410221768778786980e-03
2.857476043661914822e-02
1.863962317871315499e-01
1.802559358855879493e-02
7.031531221385141361e-02
1.655314328993947280e-03
1.198540438414580529e-02
1.297471116562896876e-01
1.478125051674845092e-01
7.940854027808218196e-03
7.468869260046926209e-03
1.769680333619436385e-01
2.295542642907420685e-03
2.269949623401332495e-01
1.969771116120723475e-02
1.043582710487761245e-01
5.641730835309820558e-01
1.081395104090474346e+00
1.085313339952742040e-01
1.127637607901380568e-01
8.640077475131265408e-03
3.996925904315708489e-01
3.746862270175336379e-02
1.112960523858727742e-02
2.526644187628660498e-01
7.196568120928436944e-03
1.132894506927501627e-02
1.763608585460422823e-03
5.306030031693127931e-03
1.014404907137277795e-02
1.387041494611471748e-01
6.897178909559831261e-01
4.382742991688207482e-03
2.436461796935648211e-02
1.944761766806755651e-02
5.445684788067073345e-02
1.544417452118402624e-02
4.537726554557941841e-03
2.255255733477141977e-02
8.640046042804721757e-03
2.342416638446032096e-02
3.734076876247151983e-02
1.571047258368795871e-02
4.543627520220668362e-03
5.563715453912471305e-03
4.032524036472566464e-02
3.337371848372201050e-02
1.056765435550961058e-01
1.266006396127386351e-02
5.978400267693433773e-02
1.680687274418096733e-01
2.020987119592521919e-01
3.186677639748008994e-02
6.184270471738502473e-02
3.067158199309127573e-02
4.981634406370926554e-02
2.461821650012954998e-01
2.677306889248812216e-02
4.618315610989085634e-02
1.175633883350033632e-02
1.288520906118413578e-02
2.865209570761270697e-02
1.215620333631251340e-02
1.107282476175088237e-01
1.699633191640477492e-01
1.470761476771787445e-02
2.610041505906145254e+00
2.930529769946121355e-01
7.898250364950834546e-02
2.168551183069097974e-03
6.133123201339621064e-03
3.507659202859034209e-01
6.836545508117712611e-02
5.194163979092951688e-01
1.201125345915945164e-01
3.911597062422157711e-02
9.144317106856959809e-03
2.520937231379972998e-02
5.406043821185324734e-03
9.571004548598994743e-01
6.178685031620524681e-02
1.520683118258159966e-02
1.103423064613678062e-01
9.745867935335123661e-03
4.742561464710526309e-02
5.862681832912541684e-03
2.224224162311607550e-02
1.870916978478504196e-03
2.951268959814096760e-01
1.085192044245911723e-02
2.205145638984299175e-02
1.621944682355766498e-01
8.721453452549306207e-02
2.016450930314360197e-03
5.761640296579497236e-03
4.832988309189516912e-02
1.854989607421810363e-02
6.850822887955717970e-03
6.292711029667510947e-03
7.898650351202971334e-03
2.219625779235012697e-02
6.962179306135704224e-03
3.496737980896001338e-03
2.435988457024633458e-02
4.566788907961067401e-01
9.920968961447829831e-03
2.368089001783208435e-03
1.320587478618939423e-02
1.759007941919925877e-01
2.949350619071225976e-01
7.263229271477894371e-03
1.082314183545876086e-02
8.868234101942054082e-01
1.412893436780335125e-03
3.645390282146003524e-02
1.876562684036689466e-01
1.544090063459092055e-01
8.645293095818736701e-03
1.026908612826378242e-01
6.229963741183100479e-02
8.027196991474402910e-03
9.921416791043988215e-02
9.561706415892871902e-02
3.708130812871678061e-02
4.209795625689006365e-03
2.620604364918380572e-02
1.051605961678508082e-02
9.510331672461729002e-02
1.371805920429900773e-02
5.697784807705312364e-03
3.030672285656850918e-03
5.860591560366523040e-02
2.654396156768096173e-03
5.396490672878967443e-02
3.028052644072445204e-02
1.431677540813923732e-01
7.502381999208000696e-02
4.134660066350115404e-02
6.315875049319307627e-03
6.159962753263572774e-03
1.193142842145312153e-02
3.003041620060485726e-03
1.344546268850967466e-02
3.123344987506374015e-02
1.952479785535359219e-03
9.042053165901229803e-03
1.334000855760373097e-02
1.039200923156805359e-02
1.587888214570661385e-02
2.857169761962643009e-02
1.683404295390466101e-03
3.805562876861998556e-03
8.490250531854410740e-03
1.058882052084404862e-01
1.611892986252773038e-02
9.315693097398570002e-03
1.794215546973787836e-02
1.671589355386286606e-03
6.713589876838557333e-03
4.629424645167329322e-02
5.585261949238135709e-02
2.849759063989065755e-02
6.005395717662377619e-02
3.161984878270245221e-03
7.539799104194613681e-03
4.964805146735312147e-01
1.356165811101408582e-02
2.864655364872418022e-02
6.935118498940916025e-03
3.298101113092687109e-02
1.329704585288740346e-02
1.391561441204244290e-03
1.468606486812280842e-01
3.650954259691774895e-01
5.972462419673358128e-03
1.986465584733589085e-02
1.175446795696932778e-02
1.570364319273780248e-03
5.340643785050239178e-03
3.842922751885380350e-02
2.474230599088565654e-03
2.651320217669751733e-02
2.337373280724242441e+00
6.272395802121102232e-03
1.953264610421166867e-03
2.029498727471897371e-02
3.487543851684365287e-02
7.746637760490121538e-02
7.524560735385664272e-03
4.813192708873569037e-02
2.248030115452170560e-02
7.095033582170204127e-03
2.357070840283467111e-03
6.419206396125237864e-03
1.463819938545334320e-01
3.803708081094880639e-03
1.227989256520008524e-02
2.147635006058392082e-01
2.238778219845038719e-01
4.361342920902303716e-02
2.232072028036074240e-01
2.468407989772376191e-03
3.457172805966215318e-02
9.299755898056438069e-03
2.730447204509882722e-02
2.714328055283229957e-01
1.614527475181968402e-02
1.108936261824697844e-01
1.630306503190375247e-02
9.385414356980310568e-01
5.954014375897874120e-03
1.994818935702701718e-02
7.864989932202597067e-02
8.421863814224521683e-01
1.573314089872610566e-01
2.236113344419616844e-01
1.624802717290644433e-02
9.801019331009830360e-01
5.830132129054960838e-02
1.413983069965756567e-01
6.042871791996461475e-03
7.886792741473285656e-03
2.111372818341353264e-01
2.317336183514525916e-01
2.417672765502188164e-03
2.298419341354695361e-02
1.137427472051300188e-02
1.191497050267687763e-01
1.892628133688963044e-01
1.105422783926977674e-02
3.731047935379355085e+00
6.310769066797885726e-03
4.116579045203884457e-03
7.383721902671584736e-02
5.065697219558156217e-01
4.495743719642169602e-03
3.850781020434156376e-01
3.266659533458114717e-02
9.727980704235321754e-03
5.144982531226313140e-03
2.279994004694295417e-02
4.500401571483846341e-01
3.065739125876020595e-03
4.562319276027604863e-03
9.419855830384283452e-03
5.647824143750898584e-02
5.536680730609176010e-02
6.088364878482328546e-01
2.295040512862794035e-01
1.948365375799568713e-02
6.073050966029681641e-01
4.672264765948717230e-02
1.560479309226204536e-01
5.716014326999992352e-03
2.744614809832390812e-01
4.614739992953354603e-02
2.520232143302823889e-03
1.883165087459924211e-02
5.756515329962915567e-02
4.462749273830965424e-02
1.343061935388161487e-01
2.055913607588273628e-01
4.010426591838169713e-03
1.009474562309376801e-02
2.541859963490167851e-01
2.354381189000241403e-01
1.976148105670112905e-03
7.290837947097104400e-03
1.234437025780692025e-02
1.509686994174181014e-02
1.701579773681593036e-02
1.962480533608502997e-01
6.105171858206669307e-03
3.974951360552490646e-03
1.250672830745869490e-01
3.188910042739340374e-03
8.691701878115050753e-03
1.564547573034317813e-03
1.449856675874960921e-01
2.730809317311550313e-02
5.772245311657452083e-02
4.434105585639977302e-03
4.776913093482037034e-03
5.038212830009669747e-03
1.926051877683305352e-02
1.474090681566429861e+00
1.409513772190508496e-01
2.097574358878666334e-02
2.263264489969728580e-02
3.687202058483868283e-02
2.106789636404563307e-02
2.632254775659643650e-02
8.143639907935292313e-03
7.548171769095049499e-02
7.254960005398698453e-01
1.995385955823347247e-03
1.584841113423302375e-02
9.141731324520294480e-03
4.982964961293409774e-03
2.781323409353602116e-01
3.796949603773289855e-02
2.353917825047900703e+00
2.656132259022992922e-02
2.129325872489524346e-02
2.974251723916067347e-02
9.467872539240286267e-01
5.405612875728558336e-02
1.027803467727085411e-02
6.692599997879464246e-02
2.832229996517018900e-02
1.926117346154657683e+00
6.448106053846706931e-02
1.928088687359177655e-01
7.626261767231226618e-02
1.128672575086609592e-02
1.311680257336171884e-01
3.477804027293347061e-02
1.955954522304383103e-02
2.592772440546315272e-03
4.823410237607184819e-02
3.369743135656892707e-02
5.087173042788561278e-03
2.534637874203422934e-03
5.097834101771624854e-03
3.209256641513501956e-02
7.590419548549189044e-02
1.297322031102005890e-01
9.594661969343656338e-01
9.463465573536403164e-02
8.478622253859423308e-02
1.158371132831499846e-02
2.753006039504115807e-02
3.392171154474866741e-03
1.286691190825640582e-02
2.936200583713830664e-02
1.374648575610459486e-02
9.664362557367720680e-03
2.972003172783128921e-02
2.106922835263676241e-02
2.066763037746408016e-02
1.267990159765320160e-02
3.097095722389844527e-02
1.785814070116851782e-01
9.838177376540068256e-03
9.586851582338977787e-03
1.308434734923185662e-02
3.771783564916941778e-02
1.160284567415338086e-01
1.510728432991386427e-01
7.798162018922321151e-03
4.606079656182452409e-01
7.117669319816847563e-03
2.237936857409387331e-02
4.797225085431527751e-03
1.573279035536608722e-03
7.372448068997936033e-03
1.963569019662827708e+00
2.080349764532039292e-01
5.301285287621440023e-01
4.027405922107540892e-02
1.248707149078239209e-01
5.166007690006824485e-03
5.512358472595052516e-02
3.573962941209327115e-02
3.032532072001471301e-03
2.899651561023493338e-03
2.237206881582344889e-02
3.411072722187769024e-02
2.024925786463871794e-02
1.336545384899498132e-02
9.169102370530405333e-01
1.379287753494926050e-01
2.255951020827780436e-03
2.911766371377224119e-02
3.515847111968413152e-01
2.094471264030194624e-01
6.883367972740161989e-02
1.358222806986734421e-01
7.606013326774220540e-02
8.487883611784703686e-02
2.795853447828269833e-02
4.746390841866084294e-03
1.707600738741040652e-02
5.931703921789914791e-01
3.908777104435871563e-01
8.253046986586565215e-02
2.072098552389271126e-02
1.841478228189515065e-01
3.666820606930985132e-02
5.301455602310946313e-02
1.425205729322851986e-02
2.574098494597773165e-02
1.965877799463175771e-02
6.779131131508747687e-02
3.361415143055885429e-02
1.937923724316269972e-03
1.441260645661136819e-02
7.468065950313889506e-03
1.341239637505815298e-02
1.860401930485078986e-02
6.673148845725304298e-03
2.577004853116293681e-02
1.421797380362791949e-02
5.387927887012104212e-03
3.298213364811670156e-01
3.720796916382138053e-02
1.752057455435570557e-03
9.034171282579556150e-02
2.524979825957469892e-02
1.093643260396423393e-02
1.047112371639424000e-01
3.122786222993375604e-01
1.315595077140651811e-02
5.797337236936607116e-03
1.801005153839145556e-02
2.539461708725521821e-02
7.762286054989284145e-03
6.275293297456738251e-02
5.964124251236898808e-03
5.382609332369781008e-02
3.414915757382638861e-02
1.598309333001268762e-02
2.856603360955962123e-01
1.747781592459971695e-02
1.689168608154419937e-01
1.940362289004829779e-02
1.300967041453981662e-02
4.417603981184584777e-02
4.029743353594523320e-02
6.763825380834531664e-02
1.334447930113060954e+00
3.543093189917864011e-02
1.993216144621761526e-02
1.042063209580110401e-02
1.578907693711597768e-03
1.003534229877204170e-01
6.908606543272202138e-01
9.312657905796875579e-02
1.382783692391097718e-01
3.879082625485100189e-02
1.280567153334095064e-02
5.616176414487072770e-03
4.860260589620303030e-03
2.205989174556404267e-03
3.400893113593531601e-03
1.868641060434087951e-03
3.267941734563561355e-03
3.467251175564377980e-02
4.134900373471528390e-01
4.793210280193166417e-03
1.421416571344488386e-02
1.040509918357990227e-02
1.200953637194777067e-02
1.776984737837691494e-02
4.192360351441281607e-01
1.433162291842049116e-02
1.426733864497152331e-02
1.122957448747359706e-02
5.438097812822352550e-02
3.309232380505958138e-02
5.480829924207569759e-02
2.982730708803844888e-02
5.771675035469256421e-03
3.335978997755165674e-03
6.047479122891359637e-02
2.072173186606184048e-02
1.925325684028300014e-03
7.036111358224744761e-02
7.400193551748755413e-03
6.048188954618206013e-03
1.175388865857906612e-01
1.901591140099163357e-01
1.230468090871623434e-02
9.286552250352440169e-03
6.454122643828136274e-03
3.965196731285366288e-02
3.286356461137830004e-03
4.184372260301204294e-02
5.614700755946079314e-01
2.935048199140589120e-01
1.911042850724510318e-03
1.358977262262514585e-01
4.604311841097204899e-02
2.150537100509008342e-02
6.490353709664266335e-02
1.425587803612133470e-02
7.102885778697433095e-01
5.940170941515886260e-02
1.885683435409308759e-02
1.702925587964911405e-02
2.609848225379448813e-02
2.583541745642071487e-03
1.324573499115840741e-02
3.272942919013432372e-01
1.379956233475024274e-01
3.781649846607304521e-01
2.816560376913318509e-01
2.147202604138486459e-01
1.343670563789236931e-02
2.153152891089087362e-01
2.189316834317516294e-03
2.589125238875025214e-01
5.172300873963591936e-03
1.235575190180626393e-01
1.811806177083634395e-02
5.170801143943950379e-02
2.400563093919452773e-02
4.171166781986933997e-03
2.267770860684553136e-01
1.663606917460780932e-01
6.758371179438117660e-02
6.414009817878678875e-03
5.917067644509329399e-02
3.158027618241110446e-02
2.954654405305573439e-02
2.424836762448981109e-01
1.302612388868232447e-02
2.662488773459823974e-02
1.964506717570982733e-02
1.548836912836442509e-02
2.954745944536871401e-03
6.736518338410835138e-01
9.590869814357761911e-03
2.908127999201264371e-02
1.123299321929601552e-02
2.269203070615064162e-03
2.965818485099989271e-02
1.759850519188931733e-03
6.172455434491797011e-02
5.744777006847695544e-03
2.271463001093278755e-01
1.531248591426209683e-03
1.765877566506278251e+00
8.883331529333984150e-03
5.172438164399172089e-02
1.032572344723633150e-02
3.877508027839954297e-01
3.297462123953971789e-03
1.595387808041904415e-02
4.543772306249602155e-01
3.491707690815470388e-01
1.241897171556421570e-01
3.188589026032458661e-03
4.017665053389605362e-02
1.879725301548035993e-02
1.398375118495572174e-02
1.597070041308728400e-02
7.442624214054950615e-02
2.926341881921259991e-01
4.734195047173329202e-02
1.130233358765823926e-02
1.349737432834786366e-01
4.059195967009857423e-03
2.232645516714934410e-03
1.295399615597127019e-01
2.529494796059723161e+00
1.245850071232514900e-01
1.442577001739850373e-02
1.951118687227535592e-02
2.816256637831233631e-03
1.873707827165416303e-03
2.909029992444388951e-02
7.632930480053505204e-03
1.439206380271252500e-02
7.636963899939650663e-03
3.073898306243799325e-02
8.525455276282041528e-02
8.506270624237467076e-03
1.370520671026426857e-02
2.031567845752945550e-02
4.241800829352232460e-02
3.572827709318987868e-03
1.392565678113529687e-02
3.959871872253190039e-01
1.346817000386927796e-02
6.971871620122734037e-02
1.736828919239777336e-01
3.057498751474957421e-02
2.444343151607793196e-02
2.241135916055251621e-03
1.107299660685213093e-02
5.160706117562727929e-03
3.046483052543439915e-02
1.021899219640885412e-02
1.045437233911922920e-02
2.801599454309403603e-01
7.375547415582472607e-03
7.122988819657584403e-02
4.857379481557378385e-03
1.053630979588078206e-02
1.850868262274935894e-01
5.672169840792128104e-03
6.645063858484622464e-03
2.285544848540371765e-01
5.979139586542218943e-03
6.129876734386869273e-03
1.905149557876574008e-03
2.359657203667435074e-02
3.086723640779877043e-01
4.514029772834542154e-02
1.670373110174107681e-02
8.184398865707157716e-03
6.361382207098402464e-02
6.000509753635759058e-02
5.240073088239417115e-03
2.073674278429493614e-03
1.049377659900264936e-02
2.467342337720326850e-02
2.750758228999626576e-02
1.805222695647158357e-02
2.067738419413810494e-03
3.019188918428379609e-02
6.211173617183705919e-02
1.515948153714177682e+00
5.984390603918506024e-02
8.871059472769643461e-03
1.040291376988957017e+00
1.295745290697820351e-01
7.916232699377100113e-02
2.129805920316017037e-02
3.482735565896882129e-02
1.412147611225353025e-02
1.393913237150435453e-03
3.246566537981039613e-02
1.856570714132253427e-02
4.856529268547435212e-03
8.380653335185440228e-03
1.985320381405832404e-02
1.610351264339326127e-01
2.157902260628017169e-02
1.103288815278642282e-01
2.831536164317940280e-03
3.135102810615865519e-03
9.554395517210222816e-03
1.757174559401978031e-01
7.902559061899630533e-02
2.273863241972798235e-03
6.020518738550229704e-02
1.676556896032240646e-02
3.430036631017929771e-02
1.132160008645796134e-01
1.607155172324842632e-02
1.642056917231946717e-02
6.977458008781442511e-02
2.629990469839514622e-02
2.951303554680640134e-03
1.026397512344942031e-01
1.591854732920057469e-01
2.095160033800291255e-01
3.101314570314755905e-03
3.715623991353962825e-03
5.452907896098196407e-03
2.090341712164383442e-02
1.422295133153496649e-01
5.943521694375807074e-03
2.815729605928721235e-02
3.813424910162536707e-01
6.664779102189622231e-03
1.750074509084191821e-01
3.308186553803509761e-02
2.694389215069579180e-01
1.850813932732649561e-02
7.049691015382128154e-03
1.160100499692371702e-02
5.924872723004223629e-03
1.789546196606551934e-03
3.004377730682231823e-02
1.465486671479575981e-02
2.208359682797023799e-02
6.218351898935774169e-02
1.213595683043601492e-01
7.060367343893882673e-03
5.373677552687220471e-01
1.803394162392167946e-02
3.314002971775906747e+00
3.396466501339769073e-03
6.076141226181303034e-03
2.874532611166991103e-02
6.297699336633747272e-03
4.727110069765316780e-01
4.280184536094712271e-03
3.441317973485320536e-01
8.146139546746840668e-03
1.076140769749034387e-02
3.062248620647528650e-03
1.203964535671567943e-02
3.674805848075881065e-01
1.777802313671715539e-01
7.349756271025172094e-02
1.068069836715851081e-02
4.610247345378264833e-02
1.117237126536325259e-02
2.208647509259049346e-01
3.196754233147190705e-02
1.408126558528878525e-01
4.709782131403907751e-02
6.317473480378410500e-02
4.581997625540300094e-03
9.614714886731799692e-02
8.589205286425625335e-03
1.012123778796270371e-02
2.622050004032819119e-03
2.789137398224735692e-02
1.265343302385186185e-02
1.366179547933867554e-02
1.421577384105766027e-02
9.638639006617169547e-02
1.697834603747847351e-02
1.822194456051175887e-02
2.599342310962374572e-02
1.565329676365455683e-02
8.622181095982062171e-02
2.897347675789799931e-02
3.583877766295099909e-01
3.593245524701957350e-02
5.919576340346006660e-01
1.455010130008408620e+00
1.519321972625737281e-02
2.985306548042189478e-02
1.780007029716208561e-03
4.526538675564299119e+00
2.544373168950637282e-02
4.534944285393850416e-01
7.051054745266943646e-02
3.089816981762100439e-03
2.141042754232687917e-01
1.830789784360430539e-03
2.417425210212278408e+00
5.466696676438741881e-03
5.468401121370746604e-02
8.060472566336153444e-02
2.980282000446064089e-03
4.027000810045688710e-03
1.250239967896355775e-01
1.833160935331932806e-01
9.844709114446690071e-03
1.669736180333576403e-01
1.136775316255433377e-01
2.594282779579902831e-01
1.938873056066544795e-02
1.345729803430582294e-01
9.988951110494741492e-01
2.988419697772731927e-03
1.092721872257073484e-01
5.569538126842275005e-01
9.417843776231575939e-03
7.739900181089338048e-03
6.302792539561684337e-02
1.404931370289909734e-03
1.578744790312041485e-02
5.614990409694680107e-01
3.930508756248029568e-03
4.587355953563707588e-03
2.916646534245356456e-02
3.318205871473522278e-02
8.189939007666174886e-02
2.106295127504192663e-02
9.459827011453651735e-02
3.902516627739597427e-02
1.873206327985056374e-01
1.853997751141622796e-01
1.981196213416386576e-01
7.878902110764737787e-03
8.383332750220661919e-03
9.434144729963851728e-03
1.448831690557923378e-03
2.839740369534984529e-03
9.682073110688393935e-02
6.855297453942320318e-02
6.502783893311120389e-02
7.394486216632793762e-02
1.111445303485492260e-02
6.274454402766712832e-03
1.391137886713082056e-03
9.826688015779677654e-01
1.270804751032726110e-01
6.452087893274284502e-02
5.926801872199500762e-03
5.594790154762264295e-02
3.383099541970734092e-02
6.917398692806438903e-03
9.580003511257505211e-03
1.385679440848475164e-01
9.541681420766705973e-03
5.429132522238741543e-02
4.779062468932428892e-02
3.667738931711122391e-02
2.159674431648171342e-02
1.211586340857307847e-01
1.600870374784001474e-03
3.376903116218589983e-03
1.484212464959628816e-02
6.695061648567614959e-03
1.347352984778251925e-02
8.260976540274947433e-02
2.523661966072332161e-02
1.803008622002391041e-03
1.249586792044532213e-01
9.486107295792038999e-03
5.061028999545262932e-03
9.901943115392008998e-02
4.878508735316430291e-03
4.202226641560806719e-01
3.280335329021593638e-01
2.149275366821389033e-02
9.935928502556193309e-02
1.545326787624251574e-02
2.395159161786111074e-02
2.852366182199752576e-01
1.589217770613397286e-03
1.649700166882832244e-03
1.270236532752357372e-01
1.255021341514351851e-01
2.037471165120123828e-01
8.124066835604934478e-02
6.402826013480156231e-01
4.367370266681822218e-03
6.918626428561901881e-03
2.770101481032439805e-01
8.052335807807477902e-03
2.364622102376801385e-02
2.443239801778346876e-01
7.720628419319849889e-02
1.968925023979698277e-02
7.237849642745799485e-03
2.843492830978409242e-02
9.256233688837507412e-01
2.820929430774055807e-02
2.075669340689308834e-03
5.397650527274439752e-03
4.115823585788950384e-02
2.908606108213694641e-02
6.763908648910732513e-02
6.918310920424569459e-03
9.455503979660589281e-03
6.953426671280601989e-02
1.882897230101101063e-03
2.152855148730188281e-02
7.377457573275034153e-02
4.313663585209714588e-03
6.484397072714904661e-03
3.939858214662526614e-01
1.946960987411683885e-01
6.012222167904904616e-03
4.261532745161539411e-03
1.420590349754863486e-02
2.430408038452098931e-03
1.970550603708762401e-03
7.019986198510254002e-03
5.209507403740632446e-03
8.384163055079860843e-03
3.166285208392506829e-03
1.400427930976115955e-03
1.007780666257308000e-01
3.157113900006939811e-01
5.012843572652895055e-03
4.991759142809727712e-02
1.224780234670090756e-01
7.035143900964765939e-02
3.630950133555248538e-01
4.094796465075061648e-02
1.690233164401784283e-01
4.734884424864338123e-03
7.015367223592298973e-02
1.574262147007670157e-02
7.049195511144526471e-02
5.221681617871334197e-02
1.130660440384182938e-02
1.944827207924305634e-01
6.899883349617391345e-03
7.457188557102781279e-02
1.344943134991799689e-02
6.549096449666484687e-02
1.284355749567462311e-02
1.558821898912783350e-03
2.900787868565719158e-02
4.298078821547401951e-01
1.673015517421734544e-02
2.163213069442501430e-03
1.601781553570871819e-02
4.088300510420961147e-03
1.699806227336794415e-02
1.934267317908080694e-02
4.515604452586957640e-02
1.922339463564008422e-01
2.964062965715074695e-03
1.199818311547095132e-02
3.940020193293546080e-02
7.774978939437535673e-03
4.285521033728268044e-03
5.547249146288767141e-02
3.012900465107456235e-03
3.507924035608732394e-02
6.226740903970101604e-01
6.465184793922880147e-01
1.070494923384771174e-01
1.022664874625861357e-02
3.578107906237676990e-03
2.258430133474589527e-03
5.991526361518462879e-02
4.327300490422589761e-03
6.649585315977576960e-03
1.180150696727466919e-01
1.333580321018988379e-01
4.711433330795480878e-01
1.212516859853680906e-02
1.245267554015974491e-02
8.075028710465906312e-02
3.909550986849230636e-02
1.557282762436658884e-02
5.784935837165666381e-03
2.089987997242220494e-02
4.672658310805621364e-03
2.220725046104905266e-03
2.047964161742310291e-03
5.208791521870966001e-02
5.770624043410009785e-01
5.022610257165255332e-02
2.575313413352050152e-03
1.217913212657333044e-02
3.831549612381806441e-02
4.805280324718031598e-02
7.363596995307220353e-03
1.027575996137840147e-01
4.635827061986771969e-02
2.693719650587340642e-01
7.497193447535304041e-03
3.470985674770582508e-02
1.246149943472740079e-02
1.840786562611621685e-02
1.029396027308336452e-02
1.731414280676271789e+00
1.571406177050914746e-02
3.548615429277780786e-02
1.251389117638618438e-02
9.577880816279400397e-03
2.663911394426199310e-03
2.043337318078385922e-01
3.539699612420575958e-01
5.041633769912625546e-02
7.949359342104782289e-02
3.418109008518923318e-03
2.275945918660290945e-02
3.092087296090899502e-03
1.365713652458086513e-01
1.835682873035922574e-03
5.080721387978414869e-03
1.357463054406582090e-02
2.202123423701666388e-02
7.612544371901901197e-02
4.426896257979524157e-02
1.622318036395696272e-01
1.170219961511022311e-02
2.073653122616739841e-01
3.636072130589860368e-02
5.306681538446801627e-03
1.148694251730392885e-02
2.937921937621202351e-01
5.704288552691472169e-02
9.725167744745688569e-02
2.705528142084001164e+00
5.006646349081032149e-02
4.760605801594721548e-02
5.371216572020779539e-03
2.746656133175248270e-03
8.807065877739871096e-02
8.743708895515681090e-02
3.125140403029955105e-02
8.742129414197226389e-02
1.225050205780255641e-01
8.341659439062687476e-02
2.071350871697484053e-01
2.048891199605968050e-01
6.919217498249475608e-03
2.095657876606566439e-01
2.265750226744698281e-01
1.289675179947746310e-02
1.310485036947023618e-01
3.595098846587340292e-03
2.712361346451215918e-02
3.823552244006165474e-02
1.877323468356051003e-02
7.551972469706714174e-03
1.913932604949729055e-01
2.724914605952969415e-01
4.605473155797225326e-02
3.959519564838225557e-03
2.499324251351229750e-02
2.772608864369658071e-03
5.323744830055093108e-02
2.280970211316834390e-02
2.413122642185181518e-03
5.177308054572511697e-02
3.269126212244178459e-02
1.345701632972506022e-02
1.536291720029172303e-01
1.460020256579593230e-02
1.860913839043281670e-01
4.911185937305106129e-03
4.252399901189111639e-03
2.806986419104365305e-01
7.370421500902737955e-03
1.900844172104233093e-02
1.727630429396796079e-03
3.200609410424202963e-03
2.784778762302756450e-01
1.175471866694552392e-02
5.966522710531052542e-03
2.861946559223115319e-02
2.044931481226298225e-02
7.175519400675609005e-02
9.667913373833209381e-03
2.372253608717636575e-03
3.259651016342112254e-03
3.201420854374934649e-02
3.115780359601254268e-02
9.468237266947537867e-03
1.345504675194383708e-02
2.592298609087282865e-02
2.597124202973144502e-03
1.855911505323782351e-01
2.831379360942504753e-01
6.774346053983537619e-01
2.006207128737239748e-02
3.871137901370164808e-02
4.863410041550066121e-02
9.510056627017407851e-03
1.410927447494047804e-01
1.073834765151850251e-01
2.709408679410386656e-01
3.657808807306951997e-03
7.808978115869785741e-02
7.890147179498800678e-02
1.130647487391083644e-01
6.655985873318652317e-03
3.351169285652804992e-03
2.064338048647927359e-01
7.448930985644952596e-02
1.566117289182530903e-02
2.340582421048909186e-03
2.359765698906293382e-02
1.148835923668858026e-02
3.990325770186093149e-03
1.123600387657173148e-02
4.557641683129087795e-02
1.194160217971412530e-01
1.902103313300555071e-02
4.252245351205370671e-02
4.057183536035595395e-02
2.821133737821206189e-02
7.771742381012285428e-01
3.807474662579310356e-03
6.606266682470937623e-02
1.117306843153262896e-01
3.181881741800501873e-02
2.745788085868511308e-01
6.136086351597783671e-03
1.141271159861170260e-02
9.270351876657685619e-02
3.515295143430776648e-01
8.423514093532638025e-01
1.911867838587906140e-02
1.281413272461123243e-01
4.881446704126501945e-02
2.945758243918525712e-02
1.858197278763702887e+00
2.511976085292039751e-01
3.304751991041996600e-02
3.769024056931941091e-02
2.718708476995723104e-03
6.627126171653308084e-02
8.681519757004830737e-03
7.329960954368015535e-01
3.057566117992617238e-01
6.097546018782170479e-02
2.430617383366007189e-01
2.189711291353791788e-03
4.717549986480272517e-02
3.701166636343430731e-03
1.431820288937498201e-02
1.255971759448597756e-02
3.062714637499269754e-03
2.898915078626885383e-02
7.299637909218039712e-03
2.192654496927434402e-02
1.904596784609715893e-03
2.839390492812217115e-01
1.882323326465174251e-01
6.322451362150861148e-03
9.082831187063368228e-01
1.447070599945794169e-03
1.813559609655269189e-01
1.232283311495174505e-01
2.816336675336941209e-01
1.303099429354881260e-02
1.284734975320428116e-02
1.405802779875562833e-03
8.110258178696468090e-02
5.569638899605692250e-01
2.403658418874971003e-01
9.179335104616459864e-03
1.377182464038789224e-02
2.091084989658264226e-01
2.770871673612784400e-02
1.672888229786973976e-02
5.594830616761092140e-02
1.101320876185724051e-02
7.481585759929756940e-02
9.968029661180238810e-02
2.119267171429105919e-03
6.185773136332066713e-01
1.473609764851858267e-02
4.624221261706647212e-02
5.104711147539245375e-02
1.190773275525044278e-02
9.456120946555424470e-03
2.577385339437993951e-03
2.702844222337251190e-01
8.182228405401727189e-02
7.507226930208723940e-03
2.568071713732939659e-02
1.801912891422004269e-03
7.147592091737822728e-02
2.019955939249108972e-03
1.316382643178930570e-02
4.716345767104720282e-02
1.404840670367023953e-02
1.349978407122009116e+00
4.365364562455761183e-02
1.445412310018716895e-01
8.597127179488755003e-03
8.114630460912961030e-02
2.919732558021385316e+00
4.507700898116171612e-03
2.170341802137041101e-02
3.557938696684066759e-02
8.562533181861989653e-03
1.989727130136811906e-02
3.777860900179586673e-02
9.879027427722883448e-03
1.234291989772292285e-02
2.300179469866232146e-02
1.107189474600383944e-01
1.786402434788327822e-03
1.628708021446990863e-03
1.681980589941924897e-01
9.994979050035402227e-03
9.258141068505222615e-02
1.041972703292248781e+00
7.729479837686528687e-02
1.490591792491193120e-02
1.810226015916152273e-02
3.499882222732367265e-01
1.859547650464536336e-02
1.226500231584266992e-01
3.465461583779607529e-02
4.244844582924216070e+00
3.414994029165729472e+00
2.208172020369247868e-02
1.440523083661662644e-03
4.294730499468438906e-02
8.313540748205242026e-02
9.902082639381323825e-02
7.271830876897093093e-03
6.860682995969800448e-03
3.150960999144694630e-01
6.751958013195127027e-03
5.713861726493648652e-01
2.235440982333795207e-02
1.408277423325166901e-03
3.365334396177330212e-01
5.474494348129047699e-02
1.001504165616755836e-02
3.591636061980505445e-01
5.729098230687645205e-02
2.736391591058598676e-03
3.345880346177546594e-01
1.644959414780809426e-01
1.116397770960985136e-01
1.944359849579904362e-02
2.900405330626207399e-03
1.230788758639394798e-01
5.305662446679679407e-03
3.370855810433665695e-02
7.673887347327722208e-02
2.567906034111438508e-03
3.703312710294345833e-01
8.615001218498383739e-01
8.942851887732747307e-02
1.725268043427367892e-02
8.901862144113394937e-01
4.158536128489701000e-01
5.339419942910910571e-02
6.950673708602354839e-02
7.472420457317880196e-03
1.150098873284141482e-01
1.032178932890769757e-02
6.166457567596678180e-02
3.477106235288850156e-02
7.262351168013041203e-03
2.037814004946157109e-01
9.151834870725249899e-03
6.093573805232279858e-03
7.036352789803203799e-03
1.267074818929469875e-02
2.969360779433614095e-01
2.813178781534120352e-03
4.656849787363171456e-01
1.146544457742589007e-02
1.522090530393472229e-03
5.711058410486986175e-02
7.208633654031882353e-03
2.257411071965042398e-02
1.657432613906558230e-02
7.754807389069237611e-02
2.623047697825482347e-02
4.901247752263955537e-02
2.312077028626930153e-01
3.435458999710261807e+00
7.625572753608053644e-02
6.403061592200071789e-03
6.448201818493509707e-03
6.511295448543679906e-03
4.705860085975520184e-03
1.652983507855881710e-03
1.747923265770767384e-02
3.476022412514656601e-02
2.404250693943755027e-02
7.603005222930261930e-02
1.301227571861655191e-02
2.714431040640284763e-03
1.455860041999299231e-03
1.087279594341507977e-01
1.639633636893259028e-02
6.668903907132003872e-02
3.540038251823332538e-02
2.131471099321639862e-02
4.254625400162597576e-02
9.270618133038326450e-03
2.351709576518952460e-02
4.059593480615755756e-03
2.006470151897772267e-02
1.489020201236406632e-02
4.274853877859253505e-03
7.667375731373883042e-03
2.846191311568687862e-02
1.238016750758662993e-02
4.001521646913589608e-03
9.844543795682293361e-03
7.606537353746345605e-03
8.002338001655628918e-02
1.976801463876750806e-02
2.117665449917939188e-02
1.503064873080265772e-03
5.481113124017567007e-02
7.581768587273658537e-03
9.382501740079585151e-01
1.364899402270042771e-02
3.022829602351702252e-03
2.522288182512370455e-02
4.901913867906487060e-03
4.434987195841320062e-01
2.346802919371469148e-02
2.026679606243629306e-01
5.494557963218842378e-01
1.254725973177114873e-01
1.091003742803741128e-01
2.171997200132601002e-01
4.814377703577200907e-02
2.091299347625066776e-03
3.468699103338625522e-01
2.189288235395273757e-03
7.864431464313058340e-03
7.583760088909895225e-02
2.173178931564516136e-01
1.492597783838466308e-01
7.532359081722601879e-02
2.032178543294812026e-02
2.305788868756803583e-02
4.846225177413239493e-03
6.239752681633220673e-03
5.187072830895575470e-02
9.186698161133514950e-02
8.333314757203074130e-01
2.943298200721024445e-03
1.228212486072758659e-02
7.066925864076832597e-02
6.764392831659545857e-01
6.443147776375525160e-01
1.832724875250084720e-02
3.291544564143572549e-02
4.762626436450990292e-02
5.629609498213322683e-02
1.505627041709202418e-02
6.093314037156143809e-02
1.770534241722601654e-01
1.547565464710973226e-02
1.142998406606881602e-02
4.009495837147492026e-03
5.785292758440452841e-03
2.059522279911789756e-03
1.065055032811822594e-01
2.138541930323696050e-01
1.279326625368442348e-02
2.839396401447722568e-02
2.660909170929731116e-01
1.947938480698132580e-01
1.368941061508825198e-02
2.720404868687446680e-03
4.765514894423532599e-01
4.222966943516227173e-02
1.816922063559733569e-01
1.417386073262172884e-02
1.029887703521299366e-02
4.278653228773176553e-01
3.917192304167597255e-03
4.859532869817938770e-03
1.413989951177124782e-01
1.401340520882296548e-01
1.386616910412085714e-02
2.721977554149590084e+00
1.027490988715945748e-02
4.217862164250862217e-03
1.213574952147363772e-01
1.040333818837326507e-01
1.112562270735350939e-01
4.486798672264714904e-02
5.201439246969432294e-03
4.244805593291931661e-02
1.571498264418041746e+00
2.072796362100301579e-03
7.089610944363115147e-03
2.718859056692308762e-01
4.603879159749985073e-02
1.349203003634719296e-02
4.895006116626569037e-01
8.445221688287854467e-02
6.625663498184514860e-03
1.977111695102287681e-02
1.148528537255213422e-01
8.195976570152705212e-03
2.634979692826057776e-02
2.277974087733038860e-02
8.165989832238988722e-02
4.193270014095500618e-03
4.855147320548981044e-02
1.192839619302866333e-02
1.335358113648531797e-01
5.026246734200808669e-02
2.837211056900273629e-03
6.334249991436048666e-02
3.341826137331008542e-03
1.436542692197130718e-02
1.469765770952006275e-03
2.793696688272292658e-02
1.383028562505397296e-01
5.352211630488304742e-03
5.022968207150286801e+00
7.788719694010647933e-03
3.008042690491902760e-01
4.376367331056434384e-01
4.747257115363406714e-03
3.619246338921214452e-03
2.187463349840094561e-03
2.127133449520335617e-01
2.210431113951945650e-02
1.085273709479494392e-02
1.488198040162965006e-03
5.768937392865500224e-02
1.040482696636368498e+00
1.872083614510883925e-02
5.987143942204985886e-02
2.841602479952388526e-03
2.163349667001648099e-03
6.010747452952363429e-03
7.612783962393697701e-01
3.857053401515722624e-03
7.631613299710667819e-01
1.283479204644783211e-01
3.554584520055766028e-02
3.452603130980576918e+00
6.108512941858202511e-02
1.820128001309537571e-02
9.535820612326878845e-03
1.793351648727912334e-02
2.278156908770385611e-02
1.692960279621295860e-02
3.194731664955980377e-01
3.067280324323825528e-03
8.213891397641283343e-02
8.821036638927111720e-03
7.858673463783395416e-03
1.367772852494337880e-02
4.877986524397767698e-02
2.193024012396826636e-03
1.540459692321528018e-01
2.851291596180797194e-01
1.161825460227310369e-01
5.381239576725749263e-02
1.448045852324759400e-03
1.972839246117362791e-02
4.789693798156056948e-02
2.105153686669637009e-02
1.941396755839803340e-02
2.739746026629935258e-02
4.667709570125213453e-03
4.673002048891219951e-02
1.471522446593069189e+00
5.034386218410882852e-02
3.850041899256010595e-03
2.675451878623012758e-02
1.630758234417023500e-02
4.669078080452165012e-03
9.051038076484997641e-02
3.153233747875080345e-02
3.224004997639350056e-02
1.850921735542145801e-03
3.922888197649957581e-02
5.618462609414663113e-03
2.188378867658180484e-03
8.010665285338024189e-03
2.725402557019570571e-01
8.018223689913013541e-03
6.377371855670886311e-03
5.419667765729668449e-03
1.881225209593800560e-02
1.134886684812934018e-02
3.772330980281314583e-02
1.670622726618491366e-03
2.903702339159482948e-01
4.398977560370238155e-03
1.664586808333513163e-02
2.040992839474537954e-02
1.474775859851582081e-03
2.678703479382854927e-02
1.006429307566423792e-01
1.655523883123940013e-02
9.904911628407082197e-03
2.711008135117798454e-03
2.621501049834031039e-02
1.729598085800944027e-02
3.181757480226268253e-01
8.055169778531731314e-03
2.037986325407551910e-02
5.256856792793014321e-01
6.847966139577203737e-02
2.487841564966737987e-02
8.157485701869636729e-01
1.410954651052287673e-03
1.706098422825648719e-01
2.978466359963421670e-02
1.121881945167838880e-02
4.789184159768245658e-03
8.800669564065451145e-02
1.070497269023250320e-02
5.668069574775989189e-02
8.357986800582414832e-02
1.469428338384991782e-02
4.578956765408332547e-02
1.895244080142179273e-03
5.614375152661247315e-01
1.803979421474626380e-02
2.089676166252714129e-01
2.217358764782684580e-02
1.592525830909004569e-01
7.784803097958184828e-03
9.561619829118769842e-02
8.548979566274726716e-02
4.935583907107624069e-02
1.159999873223646893e-01
8.092673470338838937e-02
6.060165815186721247e-03
7.826463564216956659e-02
4.052537018544855041e-03
8.447803632667352236e-01
6.570271048749862230e-02
2.438552002681358254e-03
8.733142093012419976e-03
4.620310538554422281e-02
7.083175529562241862e-03
3.043715349893985067e-01
9.156631043732949005e-01
3.982684165397393054e-03
3.198722326758524775e-02
1.798137112500252169e-02
2.766079313671892387e-02
3.547028683992350939e-02
6.713632035143062005e-02
1.105033693014723789e-02
2.589180784326288939e-02
2.777109223192876161e-02
3.303707948221628731e-03
3.455887002712013795e-02
1.443244270567432298e-02
5.356498321478182500e-01
8.676512487646668645e-03
2.076359332454211226e-01
2.600486392312997136e-02
2.747932344821382364e-02
1.265863427453921101e-02
1.049368704675091371e-02
2.595744379327243317e-03
4.871002173101894941e-03
2.023930630630367197e-02
7.006724618770546718e-03
5.222450539728845653e-02
3.957603948234975078e-02
5.045857888541177561e-01
2.617371715635734009e-01
8.489963302003022960e-03
5.312288080466460727e-01
7.289424395776554835e-03
8.356228724262827062e-03
1.468386215394360261e-01
1.346788200927479529e-01
2.830875716314532400e-02
8.761862320242740781e-03
2.030488754720267616e-03
5.617292448465176745e-03
1.189507315717424317e-02
3.085440081578610678e-03
1.254002628284059673e-01
8.475594950354793655e-02
1.166813912429731648e-02
4.986378926730478806e-02
2.639605401895875683e-02
1.114144333716624441e-01
2.059579736718146828e-02
1.981611446372032181e-01
5.015340436892697790e-02
3.111620729077924641e-01
2.165058640444983765e-02
6.811494343861672178e-03
7.607814052269392009e-03
8.603467134260810861e-03
1.484335739842868387e-02
1.496002346181470599e-01
1.803300168842708329e-01
1.030531085966029763e-02
7.273663259434495765e-02
2.864597623542781621e-02
8.247509789654385859e-01
6.218109615178700478e-02
2.918862643329109101e-03
1.963895027674258508e-03
1.402360468978810929e-03
2.823091366224040472e-02
5.695446597716227917e-03
5.577268351875740438e-01
6.029941218661759306e-03
5.745960498738972300e-01
6.039424782426037856e-03
1.090674320953010090e-01
1.029075672067516350e-02
8.998698851719524883e-02
8.181619279217589372e-03
1.074197520397969161e-02
8.824143799684823486e-02
1.847991329499203139e-02
1.741811691502328022e-02
1.044687198396295619e-01
1.914137316193966210e-01
8.167609574042868081e-03
2.397487578116381038e-02
1.038645932261328675e-01
4.171311160076885544e-02
5.416451257360706956e-02
6.583226639505608269e-01
1.031993787796810225e-02
1.871862007697025704e-03
9.149236975839169714e-03
1.032783020173851929e-01
3.834857040558134478e-02
2.428037835396508123e-03
2.246291617593584519e-02
2.185586907446453730e-01
5.019633155326616927e-03
6.589929792958849897e-02
9.833452834049500810e-03
2.331716636964745529e-02
1.171099372285268683e-02
6.647838078966987994e-03
1.760810493413864910e-03
4.927488011846743905e-03
2.039914462868561151e-01
2.160620922189093393e-02
1.374560062683430339e-01
4.579773304903404507e-01
4.105611138152454598e-01
8.821518816373155256e-03
1.601624557810805982e-01
2.195575340273869455e-02
2.229587466450170474e+00
1.046199803639909914e-01
1.585510369133522751e-02
2.449898637274713215e-02
9.933227543423382017e-03
2.210697506607580895e-02
1.091812152147200038e-01
2.200144003996572836e-03
7.465444654305853911e-01
1.997425380871240518e-03
4.988978972376492509e-03
5.656326248548284100e-03
2.874485667590010937e-02
2.255601010355297656e-02
4.896928485454699054e-02
4.588915711259071439e-02
3.178461071808415250e-02
8.830511160840198714e-02
1.550233391685278475e-02
9.627036620979606552e-03
8.034684966147237484e-02
7.268898470064886520e-03
1.046009053138265837e-02
2.064743871073156101e-01
2.355859346571306454e-02
2.767622533632206096e-03
6.211750306411050436e-03
4.662967910951076184e-02
3.145804645522681797e-02
3.841124309274071644e-03
5.965332847130254239e-03
4.198173456871022724e-01
3.730842480306399960e-03
1.015117624097636173e-01
8.927109983908683433e-02
7.486266267971337929e-03
2.709239449062646882e-02
5.155082968081992761e-02
3.222610556419450156e-02
3.216228087031738209e-02
1.356833872231186927e-02
6.616267919311481782e-02
1.099495912933955329e-02
1.715371172165573027e-02
5.141285054044364249e-03
3.144109039038878433e-03
2.294926189804340298e-03
4.774925445865444568e-03
1.152984550413054671e-02
3.599429474771023013e-02
2.638609978300009984e-01
1.677993942961290563e-01
3.586511576621756459e-02
7.412521045856840241e-02
3.204591832230457415e-03
4.859311176856916104e-02
8.242931130571383783e-03
2.439493227021601388e-02
6.730649234128638358e-02
7.869093704621270280e-02
4.005038166624160477e-03
3.657857708620392868e-03
2.452301637446469788e-03
1.039866812371748744e-02
2.902010116003722051e-01
1.181488032039689440e+00
3.597587522194888032e-02
8.444284602244184895e-03
2.802545461951910788e-02
1.623355950247913626e-01
6.688744060799911573e-02
1.907772477493638666e-02
4.573136731951844836e-03
1.186166262065749093e-02
2.671381809902190901e-03
7.280736322819966744e-02
1.543001679548973437e-02
5.063691197970848074e-02
1.029062305581145004e-01
3.808231414932160552e-01
1.011156401001918337e-02
1.544851050080217093e-02
1.582682958510805704e-01
1.717324518721006360e-02
2.376227137360151231e-02
5.605100420975984293e-02
5.136776038954853074e-02
1.862158654262841342e-02
1.604911359698635021e-01
1.321691039886431322e-02
1.594702051842965818e-01
5.588514432191830222e-02
2.082342774048835318e-02
9.572759261015889587e-02
4.155557400155505260e-02
1.180936610711750268e-01
8.412502560421183939e-02
2.597186918298616601e-02
4.610492964998527156e-03
5.426899565333361819e-01
1.742198163741690009e-02
1.661055925041727277e-01
1.676878424439125692e-03
2.532299056400239348e-02
3.951219614994797881e-03
8.903423527137553639e-02
2.878034189430285841e-02
2.651427711584512792e-02
2.207462638406317179e+00
9.854845975929080737e-01
1.619892680827096469e-03
9.516929317151907874e-02
4.874861883965792703e-02
1.184522590295013569e-02
4.643016628360397413e-01
1.851322968407549327e-02
6.832231120303972755e-03
3.082829948823817296e-03
1.670564724309770571e-02
9.899805679258485633e-03
9.461058369216718278e-02
4.196418594957983250e-02
7.766304725041936474e-02
1.143793162772746216e-02
1.037759416490633725e-02
6.796870017047351720e-02
1.895934496009048882e-03
3.962884542473381178e+00
1.681861701657366009e-02
9.238771119006380927e-02
3.494746230855604874e-01
6.504949266475065772e-02
5.149071602463513309e-02
1.476215965606757496e-01
4.440615222255680193e-03
1.738978118704888115e-03
9.353769215485956828e-03
5.466907545929623573e-03
1.888130874293209027e-02
1.546408453121857728e-02
3.003357746886329283e-01
3.883314129782058921e-03
6.979357354606487672e-03
2.489818260560772156e-03
6.117336473630197863e-02
1.427029913996054056e-01
1.501798050871729073e-03
9.243559685234281620e-02
9.178741961700827290e-03
2.142101414739906728e-02
1.429263309751176436e-01
1.584366358987314427e-01
1.258494271329270442e-02
2.179898465706064381e-01
2.824798118875075925e-01
1.576684800833209055e-01
2.311135575576378845e-02
1.109759746668754175e-02
7.625955721153185318e-02
5.124447550757432572e-03
2.711693112706044413e-03
1.590174498651269683e-02
1.070504217984602664e-02
5.902919279316885814e-02
1.742982008175095465e-01
8.519017724553779036e-02
2.505709786006081463e-02
9.680381270996938486e-03
5.325529906008405305e-03
2.603115123334335396e-02
7.913724522916503953e-03
1.230092929268403884e-01
7.670140654318620410e-02
2.736362416119720101e-02
2.846724973100924969e-02
2.946366167893381058e-02
2.426329495054352914e-01
2.685384729462460783e-03
3.746306016191285754e-02
1.183796395579793208e-02
5.799197959685899184e-03
3.222202917484682794e-01
9.124133453533040533e-03
2.770731304234162404e-03
1.709226019663413754e-02
2.132220787334893064e-02
1.274975637883147238e-02
1.712908352415376360e-03
8.029025892820589039e-02
3.800203230349965492e-03
2.247964769912970916e-03
1.437407607304267776e-03
5.371949277173986015e-03
2.873290261158470069e-02
1.385342664269736956e-01
1.142534410107060472e+00
1.591725526008196168e+00
7.780698296914294321e-02
1.802544323238595703e-01
4.376012192858624861e-02
7.561342980029819860e-02
2.136084692821602939e-03
9.534551714933165237e-03
8.190984597622697969e-03
8.493564597934374905e-02
1.531689997869090103e-01
1.190244246692115787e-01
2.075715541360600991e-03
3.418196475466406346e-03
1.216529826312549509e-02
2.797775409990986839e-01
5.332429308473526745e-03
4.375828295691336009e-03
1.039298164099633354e-01
1.514336830306119500e-02
2.811283630317546953e-02
1.326817098015034280e-01
2.753682828623379292e-02
1.401292692350306372e-03
1.782155575085891952e-02
1.114407215513972017e-02
2.901299960338873940e-03
2.077962487513524206e-02
1.051826860658583856e-01
8.094385446150056951e-02
7.441015579712462191e-02
2.115774553874839609e-03
1.577488120474918390e-02
1.999469795824880634e-03
2.594567890932408458e-02
1.336432887539659387e+00
8.179040701754607817e-03
8.899139256565032075e-02
1.892633820509250506e-03
1.487474735487661140e-02
9.619727897437338471e-02
7.312561695061086352e-03
1.457486655284358397e-02
7.139673606131972938e-02
5.065042036298118833e-02
2.959509644499828864e-03
3.404271767305265539e-02
1.649084505121369004e-02
8.775721263464358185e-03
2.766924476721149828e-02
3.252980523152106396e-01
1.919497255048313892e-03
1.352798250537677605e-01
1.182187466927861474e-01
5.228274563532591020e-03
4.246690451823786211e-02
2.864916579947511532e-02
4.690521177358574628e-02
8.497615309981894349e-03
4.145647955861449241e-02
8.438537272071668441e-03
1.436128491653169137e-01
2.141674157624436775e-02
4.338952458000860379e-01
1.443046452929749868e-02
4.016222900930355721e-01
1.096831699076369765e-01
1.634302636632384287e-02
1.656434520616878632e-03
5.403060444126079123e-03
2.266409985163060550e-03
1.798905134136582346e-02
9.921762011947077645e-03
2.113030012881826278e-02
1.411592202350853975e-01
1.825697931097893800e-01
1.906997867791930534e-01
1.114015906810619620e-02
2.001335962668563118e-01
7.658195241316374802e-02
3.142691774194271426e-02
2.593568117933830672e-02
6.652047090148882624e-01
2.005754244222596461e-01
1.102136564176785238e-02
9.843244231382164422e-02
9.242923216439033474e-02
3.970796128417488496e-02
1.263219391018163482e-02
4.466883448596226623e-03
4.023348741444158772e-01
4.652057504910142582e-03
6.713865576588987083e-02
1.190261262867784581e-02
7.765727744251507692e-03
3.240116174528348547e-01
4.158944582758392766e-02
2.293766979557231803e-03
1.356306971300427877e+00
1.257220476151538896e-02
2.107459741832337363e-01
2.570906449868078925e-01
3.633503222874621963e-02
3.290572514493545625e-02
1.156980496965646976e+00
4.397786682004784994e-03
6.859479025033590575e-03
2.102213001480500998e-01
1.154073200207764022e-01
1.706636166209296243e-02
4.278634994445391221e-02
9.864785350569492753e-03
6.056134718951906859e-02
6.087647946214448658e-02
8.071172856790781447e-02
2.293602498291705694e-03
6.153485144427538710e-03
2.413806710035611425e-01
8.607100019090948781e-03
6.731720483106501916e-03
5.510798083222377686e-02
5.107570248630980032e-03
1.278778994680657144e-01
2.493642342148658445e-02
2.420424154253049756e-02
2.820845696243494058e-03
1.096487935514525204e-02
2.157106049332528641e-01
1.112348942425105819e-02
2.935282796908345732e-02
8.721371753053836634e-03
2.679072523650962712e-01
4.524614884123143339e-03
1.127489608073689864e-01
1.982967580737305183e-02
4.316785483531767643e-03
7.220077945059373559e-02
4.762415962651089796e-02
2.153144614858051864e-01
6.233613950837388687e-03
1.663882061510405797e-01
1.697374692950378294e-01
1.779303575027122442e-01
3.757594918428529968e-02
1.737205108932563316e-02
2.795884326573628079e-02
1.338561356416110570e-01
4.614045138118249255e-03
8.126968169576162179e-03
5.688159629023338548e-02
9.316326471479920990e-01
5.033548522146887721e-02
9.775585005416056322e-03
6.741842841222576987e-02
3.044597468900797632e-02
1.254705318477308124e-02
7.191574271397022100e-02
1.349223282942032531e-01
2.326777093596302508e-03
5.890872661879958949e-01
1.794037439431115256e-03
5.532515273503312708e-02
2.957808077003203917e-01
5.424114848921177991e-03
4.051259702974001342e-02
2.391325573748394329e-01
1.390148451505031912e-01
1.730146398992903345e-01
2.053480700560753880e-01
1.427387052577667147e-02
2.934517537460749545e-02
8.860337466281401758e-03
6.889795594943999568e-02
8.757511361700220931e-03
7.445076603388695036e-01
4.351956615033573950e-02
4.703935217531050178e-02
8.175005094137735573e-02
7.536726153670575412e-02
8.641194947323337094e-02
2.060645254495926948e-02
1.230921187771630981e-01
2.015122108076042029e-01
3.204525853824423398e-02
1.548520970302278421e-01
1.903134310225779169e-01
2.079890013719444819e-01
3.987549412772592450e-02
5.513113677193255402e-01
1.015387088954597283e+00
2.925242473624992817e-02
1.155410774264145103e-02
3.854523811668939537e-01
1.120322044846323167e-02
2.819342256149509444e-03
5.050947984275925597e-03
2.838074773497797562e-02
1.289435703554347480e-02
3.547952860063750824e-02
5.502920122856733848e-02
1.212328827887033111e-01
1.814026520199229012e-03
1.019065256405456699e-01
7.495232546860372200e-03
2.210553799709332259e-02
2.211277126780878538e-03
1.693895106190825353e-02
7.673861565952816433e-02
8.913131258856063499e-02
1.319243154552980635e-02
2.578661420364764326e-02
6.649553723516232751e-02
6.305174733506159201e-01
1.979288124008340699e-01
2.583264598918962388e-02
6.569679809785028413e-02
9.265481634791355656e-03
1.065556138586835067e-01
9.719292662618719825e-02
1.187568648910899451e-02
1.736330848587816778e-01
5.301855351113678172e-02
5.542447301472714499e-02
2.188370310455731160e-02
1.285524198678868191e-02
4.471346159938149878e-02
7.977760715808594749e-02
1.436371903492837492e-03
5.866976835627635105e-03
7.536398651919499862e-03
4.422555276361476995e-02
5.767520191465080187e-02
1.152970078177708357e+00
3.930790580927433220e-02
1.529751346603273887e-02
5.173161975869829295e-03
3.973870602980699718e-01
4.894836197111151477e-01
1.538435783302871847e-02
2.119743602070901789e-02
7.163024223963688347e-03
1.209130770917047348e+00
1.514787362305569825e-02
7.188187337913200421e-03
9.316606317657794012e-03
2.206080460206432878e-02
2.302754275551847918e-02
4.240941207739607442e-03
3.644889538157619711e-03
9.510453924184739116e-02
1.539644500218047274e-02
1.108557016140266249e+00
3.167609391465821267e-02
3.947957715975753540e-02
2.673686165521589608e-02
2.666128596668294881e-02
9.079161194234247612e-02
2.517378803908320098e-02
4.615867986194898687e-01
1.587716823755195780e-02
1.339473166076237190e-02
3.668986510800222034e-02
7.822139203353560208e-03
7.942116652355028436e-03
2.585757047760395624e-03
2.211195565354174067e-02
1.826667494955426518e-02
4.891762623114864761e-01
9.121702227254451997e-03
1.156611304167133938e-02
1.557551315331095199e-01
2.303961897476611287e-02
3.387129556318826083e-03
9.406938606440632192e-03
7.098053497230549791e-02
7.433978816770073217e-02
6.468964593821274062e-03
1.389643594529143544e-01
3.763823449897770734e-01
4.558822291082387929e-02
3.375381204055829393e-02
3.735934168722657156e-02
3.449907273294700732e-02
2.194630086266963556e-03
6.879971949168096901e-03
5.551950019872434750e-01
3.513643434216290329e-02
5.764725318494249434e-02
2.524095953880028942e-02
5.185083378261717835e-02
3.328340588999342299e-03
5.027612009096910084e-01
4.299629100868012851e-03
2.282874310100786903e-03
1.454835294170856164e-01
8.113246129988966812e-03
1.389147640215138424e-01
1.692713678169052802e-03
1.111666738616797490e-01
8.703903584660612272e-03
3.603497974349664096e-02
5.910726458114974602e-03
1.236158836966487318e+00
8.015705000300967289e-03
3.610601754069648339e-01
7.397428444860178198e-02
3.087408467891096173e-02
8.149575972346501107e-03
1.385525683374118008e-02
4.315749136011039905e-02
2.442665299690775435e-02
3.563563992105043144e-03
7.238507487033989454e-03
2.405418562038598093e-02
1.772837797595205140e-03
1.978779981258072581e-03
6.356625983924741458e-03
4.859725865819452227e-03
1.116821038408022937e-01
4.136890271042002916e-03
6.190719721946558868e-02
4.358961728724743134e-02
3.709889236018362735e-02
1.204517794207361076e-01
1.061391978145528533e-02
2.303576615170355515e-02
2.298574525173072147e-02
3.805245631238671211e-03
2.437732685692643470e-03
1.411995395129531095e-01
1.821536403671019516e-02
5.882806160652064541e-03
1.120194152158585088e-02
3.578285962349598507e-03
7.549815134987188092e-02
1.763185295175471101e-03
2.403177431032817515e-02
1.970224891541051074e-03
2.193473482689246683e-03
2.024666534953075914e+00
2.300723363104371644e-01
2.312855817863462230e-03
1.427510439889138026e-02
1.208461641112918844e-01
2.639323369163358926e-02
2.177329726068782598e-02
7.859554551574839121e-03
2.550900103030925847e-02
9.119413962276691210e-01
4.995632321502091293e-03
5.704520959066643887e-02
5.648462923142349990e-01
3.949629374573590535e-02
1.207833675565171405e-01
2.920004010540544134e-02
3.457191141894259273e-02
6.273904877029915124e-03
4.051513031189379194e-02
1.762687886095468670e-01
7.251909394652474861e-01
2.236739654940970434e-01
4.843311723177029515e-02
1.869983157835861665e-01
1.028959364930743109e-01
2.257472726686748574e-02
6.400702806989498617e-02
1.710858150293667265e-02
7.393469166064098319e-01
1.167177543978143162e-01
8.974859976631031078e-01
1.748536216669218865e-02
3.323098226629104812e-01
2.348576293599517403e-02
1.965806585872840323e-02
3.445429339038718827e-03
3.610913630271143093e-01
1.086611223760744829e-02
1.164651372183060120e-02
4.180942861816343975e-02
4.776903469578293038e-01
4.618767880379411744e-02
2.134328119673789981e-03
6.963792560518017316e-02
1.104764618031093965e-01
1.714741368449090170e-02
1.759777938662327942e-02
7.868671488063938568e-02
5.679384992755176671e-03
7.059762756158755037e-02
4.969104780927049991e-02
1.337757387853431568e-01
4.111843499468437191e-02
1.434321251665669414e-02
5.787679194016383949e-02
1.738841415362777157e-02
4.794709087367584818e-03
5.996568465879687990e-03
2.674858792225801585e-01
2.490836923272793102e-01
1.589201967704713739e-02
6.699587443681170700e-03
4.907458404968084165e-01
1.786191627415286420e-01
1.017706525766180412e-02
1.757788762322991249e-01
1.381805864810503083e-02
1.574906961771010624e-02
1.455498133194567112e-01
3.381176123806131639e-01
6.940802300795508549e-03
2.218995311541840237e-02
6.327612910101520875e-03
1.616976288241539148e-03
3.255822330337598269e-01
4.626135552519234501e-02
3.330028213120530406e-02
1.306920124966269303e-01
9.484887014190883717e-03
5.164833631095265554e-02
2.431545063942748899e-02
3.356939138256264700e-03
1.482945660961310086e-02
8.112633713998416984e-02
2.263560735755354089e-02
1.449141732132655687e-02
2.990345814722707551e+00
2.160749842512378963e-02
5.001063229051853909e-03
2.736399957709024361e-02
2.605059076411752640e-03
3.315722880637934217e-02
6.001445266251045907e-02
3.000285156722404256e-02
5.862637853316190334e-02
8.132491727262124159e-03
1.503064847783794344e-01
3.340716099118553606e-01
5.386866461294433778e-03
1.936092574183390005e-03
2.407027115583672272e-02
5.194900841078606626e-03
1.935942110473829261e-02
7.560261158383650704e-02
4.227769240236623274e-03
2.553006200414866585e-03
1.179370388021134808e-01
6.401152284711285161e-03
1.763757896963526195e-02
1.602195190976964112e-02
1.729379232198958050e-03
1.606251491365690287e-01
1.219038598472282561e-02
1.277099011428323508e-02
5.439088628958093502e-02
6.122684013496200450e-03
2.479299590767464895e-02
2.252393759716231000e-02
1.054358608034942912e-02
2.975132973097815645e-02
2.388689630285191923e-03
5.909227422166970188e-03
6.913131298009830665e-03
6.712185311393116874e-03
1.242453081232376272e-01
1.089951359922949718e-02
3.288386585713879567e-02
1.386550787531880052e-03
2.089752738462684889e-01
1.871622631750850807e-02
3.647590112078094582e-02
3.151217554563135459e-01
6.380225580780582439e-02
1.198244222243572028e-02
2.821705728778324453e-03
4.272723925403220657e-01
2.037630217932565133e-03
7.160168540863699055e-03
2.241687919454391775e-01
3.527244323890390415e-02
2.832020219540002867e-02
1.408266021238651078e-01
6.999224339111059789e-02
5.284615709877265796e-03
8.169719741485317877e-02
4.730926326582506058e-02
3.512665732967227422e-02
6.778922143812995960e-03
1.541534792531076359e-03
3.425190521158896252e-03
1.550096054240593900e-02
2.752902641505082862e-02
6.847610284539553012e-03
1.288114772550755585e-02
2.325867989189642215e-02
1.726410207270986583e-02
3.787840107862243660e-03
7.941455168618469923e-03
2.174169765776811092e-01
7.082287527713019594e-03
2.253623578050622522e-01
1.958159920305916485e-02
1.441763533316258242e-02
6.327392546190220290e-01
2.305104073346513072e-02
3.300713951473277161e-03
4.540677590634668859e-02
2.323026926043885720e-01
7.014822259724329268e-02
2.195069457695953200e-03
4.326250805329497767e-03
5.407683864746971880e-02
5.249717448140450715e-02
8.377319863656713939e-02
4.031041909134181096e-03
5.413596447277578376e-03
7.267411691507762173e-02
3.215135530328530264e-03
6.032609112266976506e-03
1.922317155273133103e-03
8.274942753150753283e-02
5.320564772066473797e-02
4.838138842815028345e-03
4.664423390532557862e-02
4.910967426616189013e-03
1.304281271522887004e-02
4.303440267401108243e-02
6.755920302436507763e-02
2.458514984268969292e-02
1.098018022808937288e-01
1.543784591468326362e+00
8.607483141013680394e-02
1.041498974054029351e-02
2.454642992652935479e-02
3.412436017939646932e-02
3.365609001902138825e-02
1.421058310081565745e-01
2.127437407564444251e-03
3.683461180238311455e-02
1.787954974401597882e-02
1.945739521753657095e-02
2.129034854875527794e-01
4.451184060211531464e-03
2.013945299021104376e-03
7.899311068418729542e-02
2.661497992811874460e-03
8.365279766266013953e-03
2.774435014840145527e-02
3.217569164794018693e-02
3.113192440486512152e-03
2.957679723616993273e-01
3.505167919832994500e-03
4.170984956799657709e-03
4.227142533628673073e-03
2.833442968049409635e-02
2.150442068602959750e-02
1.571481217487212187e-02
3.001429655453161701e-03
4.355034787709291706e-03
3.761500686765952700e-02
8.039125360202721213e-03
2.822218588390946747e-01
2.699266636522260066e-02
3.705935786473003868e-02
1.278526617019906143e-02
2.679886519056968661e-02
1.939445690688396465e-02
9.376669437859102077e-03
1.637577135746393353e-01
3.193620639795519828e-02
3.056306211405745640e-02
2.020838176500210082e-01
1.492736313092967717e-03
4.620275869771199584e-03
4.069581894190857363e-02
3.874027737999550386e-02
2.567164258579603398e-01
2.611840599906429042e-02
9.083542942412853316e-02
2.969210843454923032e-01
2.910522052476414295e-02
3.256000463292315315e-03
4.670891952931637697e-02
9.763762839348270883e-02
2.450644408127149176e-01
1.016211843560397773e-02
5.617806521965927613e-02
2.427127752765949678e-02
3.868803271986697712e-01
3.029251338055003861e-03
4.422636126881910115e-03
2.102777200108885969e-01
3.423145425676573511e-02
3.241765427261674576e-02
2.086696915917805439e-03
7.650117974160346689e-03
3.811858239823235489e-02
2.231797809417693235e-02
1.361178423378966128e-02
7.574527830191227218e-02
7.256859272780953260e-03
2.657660739344404333e-02
3.550638175650844188e-03
5.478932768345325457e-03
9.637766096593443077e-01
1.116430839328951041e+00
2.365663725340416135e-01
6.608805517229665930e-03
1.133829682644848791e-01
2.847541318233083856e-03
8.620522678314356327e-03
2.253616552549200097e-02
5.006114063519650353e-03
4.742196014932305997e-03
1.507472522481764082e-02
2.494202154133720248e-02
4.867526063818445464e-02
8.544948483782743159e-03
1.855306581156999091e-01
5.153510919456308868e-03
2.372363066082022187e-01
2.446055438246303761e-03
8.491533889371953581e-03
4.475131910467238655e-02
4.002208980720764475e-02
1.952357875104082999e-03
7.413207365072251726e-03
6.697828134378670806e-02
2.485702968126796142e-02
2.517125543486976608e-03
6.924040018445114242e-02
2.433354911652695352e-01
8.164490025984887100e-02
1.244480301985611131e-01
5.300887379354302098e-02
2.079517394140848463e-01
7.127312256605183860e-01
2.380382630556116333e-03
3.187928498471090388e-02
2.391527361479284502e-03
3.101722834322448441e-02
2.080209465273895608e-01
8.004010144129318494e-03
1.535630983333601929e+00
2.574224555460321445e-02
7.138496346993782049e-03
7.582766234039799158e-02
1.267965405743702589e-02
4.409179735516096862e-03
1.401649117612478179e-01
8.784910374447355008e-03
1.590041986630798265e-02
5.277349005117559083e-02
1.479256000756513966e-03
3.026951688832385176e-02
2.963284284131599815e-03
2.462956691962167599e-02
2.625423541565708452e-01
6.812639973446564350e-03
1.226906795198215785e-02
3.192401291199951641e-01
7.592569857127898225e-02
1.334798761361033308e-02
7.022172846561351711e-02
1.153298278139178318e-01
2.804249392637981481e-02
1.119128686731631767e-02
6.689383365811935045e-02
1.030468860140076534e-02
9.272572372323371545e-03
1.437270770953089603e-02
2.077314550761285572e-01
4.350825531736769447e-01
4.530763584505190233e-02
3.227960402072040380e-01
1.016419175801049068e-01
1.622039713828073507e-02
3.287234477143294309e-02
2.356086510831088277e-01
4.784019813537094407e-02
9.267288521529606915e-02
1.138541488269836782e-01
1.491188271934720463e-03
8.070843995774901192e-02
4.896119053966488388e-02
2.701166473520467126e-01
3.144610938637563274e-02
2.011900348367368085e-02
1.406093225328256154e-02
2.859810985052811845e-03
3.115040119391357040e-02
4.265465436989401837e-02
2.574977327275537395e-03
2.940823526427573456e-02
5.851437231119104021e-03
1.731420257652867556e-01
2.879593712459749353e-03
2.308534014702274817e-01
1.440873554092919444e-02
2.752253456975330137e-02
1.781078450565664606e-01
2.676419760562075839e-02
1.102116881864188880e+00
8.334644871071671818e-03
1.650400364381360979e-02
3.538694134230163223e-03
8.599520836008577723e-03
1.628154131051388204e-02
5.474272262961667190e-02
1.688211541134763682e-01
1.259590226512462330e+00
3.914218118892804354e-01
4.955085282641156358e-02
3.355354707861665092e-02
1.078276656209386543e-02
3.645302940842769582e-03
1.488949766085463922e-01
1.617271051196874157e-02
6.637109976978106118e-02
3.526320894088200153e-02
1.049331506820900574e-02
1.970389602137001539e-02
5.329758435305687048e-02
9.098691084289929343e-01
1.744273171697085026e-02
3.194201105216106472e-03
4.937202831939676434e-02
3.257407286126776796e-02
1.305774174466309452e-02
1.239807783693029283e-02
7.492184046016028484e-03
3.352586205294734618e-03
1.316643650411834614e-02
1.208676775310604974e-02
2.412418037281147121e-01
3.143290428754750426e-02
2.406814594309836242e-02
2.124854408400366629e-02
7.257829454247809176e-02
2.350386083392039596e-02
4.610311880552107888e-02
1.819450971766976496e-02
1.700884987470879448e-02
3.492144848012839614e-02
5.269397275310752637e-02
1.701412598651805665e-03
1.492662402747614928e-02
2.475962011225930626e-01
2.012312241637671806e-02
2.471409567295658749e-01
8.744312019810937531e-02
1.933642762085682710e-03
5.681800844338945333e-02
2.285098977115109647e-02
6.114063088835145279e-03
2.238829750352066758e-02
1.987988052707903575e-03
5.836240443016420774e-03
9.408038342076437133e-03
5.795179708466266684e-03
7.119512209929644564e-03
1.278714140760233153e-01
6.729714930037904441e-01
1.093705933836970762e-01
2.139789158849653063e-03
4.207020098647492462e-02
1.529453804428130281e+00
1.495598749218323125e-03
3.468299604366467670e-02
2.423714893807542292e-03
1.278284266797227904e-02
3.368689492558541582e-02
3.818740701372953517e-01
1.587839547985674393e-01
1.826601764437898665e-02
6.780238447066568030e-02
1.517813676956550339e-01
1.442022699571058643e-02
1.129226123857444281e-02
5.913932911467228992e-01
1.105639539763332742e-02
9.276629553679057241e-03
9.181895773995192300e+00
2.160391443237413139e-03
3.099260535993224146e-03
4.379671341954029240e-02
7.319683373200941423e-02
7.457286491567737263e-01
3.959907988782225274e-01
4.722961358285231864e-02
3.149263612574879634e-01
8.755805963581805296e-01
1.831300414798434084e-02
4.050081300565708808e-01
2.008030127873104004e-02
1.055507092829195692e-01
1.724567883654658795e-01
2.214102724298636082e-02
1.082095513797978921e-02
1.939343899678153127e+00
1.476812041907120876e-03
2.256068384588739723e-03
1.738951788801878715e-03
1.796950227692025448e-01
2.076292386678638691e-01
7.231527402000340748e-03
1.450935712418334467e-01
4.634534898879470732e-02
1.071975539568872232e-02
9.797552055455205355e-02
9.339233976972841772e-03
4.788175994074022300e-03
1.517132342174718493e-03
4.174235198157100896e-02
2.225817112139683029e+00
2.691515990646339840e-02
1.637666841650341296e-03
3.485106981044086560e-02
3.925223567189529972e-02
2.873321326678783885e-02
1.797633070377943273e-02
3.609631058504822812e-03
2.185175349639641162e-02
3.945077677150755219e-02
7.054986633361083614e-02
5.999762633565083186e-02
1.465847305696846119e-02
2.699925597637221550e-02
1.528242281922592184e-02
1.550782984478454862e-02
4.906565282898259391e-03
3.899830639929879883e-02
7.819078093958261588e-01
9.633839020411612275e-02
2.639600671726767718e-03
1.053848877025144633e-02
4.718968149280754198e-02
2.169285056352556699e-03
1.226899951731754979e-01
5.897575350057838312e-02
1.448491773923773762e-01
8.686715204333270712e-01
7.208375484960724000e-01
1.436166077039278344e+00
2.539474002110634898e-01
6.429142868876888683e-02
6.028977492530630464e-03
3.246918075114694092e-03
1.550119706547135184e-02
1.187131604346026270e+00
1.292305953632888194e-01
7.175136262020711045e-03
1.480952852974528056e-01
2.904811669098472660e+00
3.433968861033504655e-02
1.257872044850829041e-01
6.304194204049819519e-03
2.999940921617137626e-03
1.086999310263723068e-01
6.457819705670693466e-02
2.160350797607123174e-01
4.121189503336577520e-01
9.192500919195184528e-03
7.876402349486845075e-03
7.437499745744183266e-02
2.895806140647715771e-02
1.990712885504833038e-02
4.666348908677539487e-02
2.140159358669354861e-01
4.895562833196883887e-03
3.974942079125696852e-03
2.002619955905725335e-02
1.644247983359761744e-02
5.949266771825282296e-01
2.636354829500196784e-02
1.117755959985453074e-01
6.958465871025744376e-02
5.954363274294206115e-02
3.710651106839130825e-02
8.297217944460356931e-02
6.491763152000414872e-01
1.992783009541852779e-01
1.338537869086869891e-02
5.132540763906582454e-02
1.284356021825694763e-02
1.868685995181627868e-01
1.317230010313134581e-01
7.191473915177938603e-02
7.248755812055174275e-02
5.098382535459546755e-03
5.539938181781508403e-02
8.391378795054399431e-02
2.933997154874287000e-02
5.093421735236924874e-02
1.238019292802891580e-02
1.336495493220729580e-01
6.965528251697746809e-01
1.781648221151938601e-03
7.593882960405507442e-03
6.015055321475316213e-02
2.362190640785757564e-02
4.876057981798738276e-03
3.299097622580855326e-03
2.701665908268827132e-03
2.996515373280582775e-02
4.426667222809897717e-03
1.498810194309719013e-01
2.443382533036830562e-01
1.098222393006641900e-01
2.878857408129211967e-02
1.934533527011685376e-03
1.535624200902723120e-02
7.912082078033632476e-03
1.912225529186897463e-02
4.285312841094186809e-03
2.604945011853005560e-02
2.233021422100687266e-03
1.706895538937290915e-02
4.597172007276365685e-02
3.100309058098713738e-02
1.161976637380186285e-02
1.518090978020208461e-02
2.987655916087886623e-03
3.545403331332486110e-03
1.503345749989955758e-02
6.361662610128208106e-01
4.515690184795064649e-02
3.455480586683091354e-02
4.133881700065074327e-02
1.428863566582891376e-01
1.391311348336593881e-02
3.693175529531146639e-02
2.558719408519778971e-01
1.722436598298929950e-02
5.842181924110761287e-02
2.050671032578653061e-02
3.130505851588666778e-03
2.268556859131356032e-02
3.313233501203990961e-02
1.585001887802373445e-03
1.854359705356339524e-02
7.209662434932451180e-01
1.699602429537625317e-02
2.123161181123294459e-03
2.406432233007595005e-03
9.254244740112192030e-03
5.488473619173658835e-02
5.104635813935071847e-02
1.525813428045896536e-01
7.924870369048370167e-02
1.861687379344241153e-02
2.991654603680572455e-01
3.520959750245007402e-01
1.804744542845036492e-01
1.559001377163179818e-02
2.361648688612213651e-02
1.761621197639472863e-02
9.877810172401306765e-01
1.121606370914989964e-01
1.182580932234191841e-02
1.999158817082265574e-03
9.564205673438427868e-02
5.830613500422102830e-02
1.945153600394446125e-02
1.037885426515787642e-02
7.503904910630228298e-02
9.545487296876785377e-03
5.032809724693805033e-03
5.202549483506288715e-03
2.917876275784252009e-03
7.343811065596158281e-03
2.682092524380608883e-02
3.951001111975690483e-01
1.695218264312005341e-01
3.512225545050508529e-03
4.103891717685881901e-01
1.119498539414848504e-01
2.454730527795843942e-03
6.653569762888343446e-03
8.312333613789654393e-03
3.889376786970101529e-02
3.734330054497696921e-02
1.135766682672814526e-01
6.485772243423255645e-01
1.820023021908596592e-02
5.108546552405769832e-03
1.389898225360589436e-03
6.728202888161969285e-03
8.834584259437292322e-03
1.557228645881876261e-01
2.312067351891692116e-02
5.715301270263167636e-03
1.053289655093361636e-02
1.257986083018396845e-02
1.886340840570509547e-01
2.509325966879091263e-01
3.470835101111808402e-02
1.211135077611827093e-01
1.823153797715738877e-02
3.489339087486223717e-03
5.436679014971474572e-02
1.624812797666565223e-02
3.832796569579388288e-03
2.820187221396963737e-03
4.211586771923724049e-02
5.495644780370703697e-02
2.857386215693015485e-03
4.313491977050701864e-01
8.800353078153843114e-03
3.898884215635500805e-02
6.055366050700730640e-02
4.565047579990524386e-03
5.949709519891921428e-02
1.820796751365752475e-01
2.849538844897565176e-02
1.043947478455695653e-02
2.245887163245588111e-02
1.046311255219036090e-01
2.046525560639309127e+00
8.407818116843112088e-01
3.611459840289096574e-03
9.218499163299892496e-02
3.481520881925306149e-02
3.347584821189280874e-03
1.225626750405275495e-01
6.957811707865309281e-02
1.309137243221942803e-01
1.342583635584472523e-01
1.070956860029600305e-01
1.147833454793556335e-01
2.625968084818817647e-02
5.117564886033492896e-03
2.223132339935149915e-01
1.508812980570316542e-01
1.164326495970335017e-02
1.901593405796815628e-02
2.299244749988772207e-01
2.600648045556588905e-02
1.728936443319129381e-03
2.318730588093856695e-02
4.315100218511937202e-02
4.242947110171384553e-03
2.814062480840023861e-01
8.618005336658077220e-02
6.729785566892827232e-03
3.821717082691858391e-02
1.291895551959540075e-02
3.998858471757338155e-03
7.928227209707464432e-03
6.323254025695468350e-02
1.297337071452178518e-02
5.929070483804352309e-03
1.215486142779086988e-02
8.737555911581529333e-02
8.579574008570765853e-02
1.549846558043746535e-03
7.120130592374583102e-03
1.374037505288967440e-02
6.804290215072533732e-02
6.543803441622452963e-03
3.600279887148229510e-03
5.211432400467328613e-02
7.294018242654527473e-01
1.824889866015863560e-02
7.952818946538607880e-01
6.492252159853376114e-02
3.279596982291692331e-02
7.920270999848013499e-03
2.449984958038829014e-02
2.556719739889493775e-02
6.091489449869246231e-01
3.721094247852671510e-02
1.509508233557754764e-02
1.667845820754335767e-02
1.734652251377135496e-02
1.908382458423532324e-01
9.038053285967729417e-03
1.571699310836278674e-01
7.508794500398044240e-03
6.513704280853141459e-02
8.991808149773487455e-03
4.186383968263280436e-02
1.741827922171541865e-02
1.787687963868967583e-02
2.251763971865934025e-03
7.605104872184356712e-02
3.430939091139495294e-03
1.946280537564464563e-01
4.976513064021072415e-03
1.848451959798062079e-03
2.614954447491894731e-03
2.980632766130958400e-01
3.611904730007546582e-02
7.141266280937209540e-03
2.189961217186914277e-01
4.075883508100870689e-02
1.253467593873307528e-01
9.794862617837633151e-03
5.353178836228044551e-02
1.707583298726333687e-01
6.365502995184949518e-03
1.816214121355641184e-02
1.929063709249197872e-02
3.752967739194626451e-02
1.639607700227590364e-02
3.743128044381291257e-03
3.102610760907364984e-01
3.458785260976034170e-02
3.357345591668496609e-03
8.978399371895881553e-02
2.878150070860993059e-01
9.216541328332079897e-02
2.847613250939457497e-01
3.621499339308751914e-03
5.548424419855846335e-02
1.775770688125034684e-03
1.249608318225039864e-02
4.816623940460338371e-01
2.212948604981499964e-03
2.961091528155919504e-03
1.709443996054935957e-03
7.308165948906169065e-03
1.452283450705681878e+00
5.458302222162104284e-02
1.098093535442288930e-02
2.945786952870163133e-03
7.944520617803494389e-01
1.985875929067482462e-02
7.402274413332343705e-02
6.848951830188057012e-03
6.391165978385172919e-02
2.989579878664594230e-03
1.293212320351956254e-02
3.751429938964744026e-02
4.238278746168572947e-02
1.700409722750913233e-01
6.466603198603941838e-01
2.077630171925420322e-01
5.379498120228019126e-02
7.203695113417398280e-03
9.048670112036950874e-03
2.633029349811706957e-02
3.300748648515181710e-02
2.557202694185075828e-02
1.032169939825433314e-01
4.139854958944772512e-01
1.611314937124341644e-03
1.711676552954132999e-02
3.759855758987189489e-01
2.014808704440982506e-02
3.232559395663206492e-03
1.079202655365157359e-01
7.854025091960962005e-03
9.925922558330575740e-02
1.011067293127455802e+00
4.294891641326025605e-02
1.168579696880429376e-02
8.555144404624751009e-02
1.213216622698954222e-01
1.957093923645180852e-02
2.758334941200008550e-01
5.817415270408991465e-03
2.173378611877910607e-02
7.408111917844120362e-03
4.216606546661805233e-02
6.102018279496558284e-01
4.398878306407896614e-03
1.511160982882469098e-03
2.230385889993426272e-03
5.881549379143893169e-02
1.352066874410349784e-01
8.205598309384790068e-03
1.062177826787029100e-01
7.135805215933666901e+00
4.627452829570944705e-03
3.084751970064026141e-02
9.428983886113366519e-02
2.987951344291554442e-02
1.189768712080370265e-02
1.616629936214166591e-03
5.170969034523100749e-01
6.080899058887632991e-02
3.693394943897538446e-02
1.135817479881952030e-01
1.527726863930953423e-02
4.913276787843648234e-03
6.812940531090537835e-03
2.808345095642773154e-02
2.164746853060803000e-01
1.719968848748778395e-02
3.305559076157314480e-01
1.329044206938862771e-01
7.856835743094781055e-02
1.564795254789347508e-03
1.914008926841226366e-02
2.748496703390427287e-01
5.733562398126428733e-03
5.630872471844209845e-03
1.069509264158998753e-02
1.538801118422514734e-02
1.276858184605149556e-02
1.207851158933146742e-02
3.349773103958741949e-02
4.106463520615812046e-02
3.318406158417678588e-03
1.150724033309923761e-01
1.969902357736162402e-01
4.683978117362350840e-02
1.607166252088311964e-03
6.659050602622715309e-02
3.125994572025697638e-02
2.164129081499379520e-02
2.339406551739726947e-02
3.408446595931887476e-03
1.072694465956053507e-02
1.144814084280012106e-01
5.862407663271316377e-03
3.318601675150723712e-02
3.813752565847825741e-03
2.713185111502830829e-02
1.135652849211719329e-01
1.134574586123126977e-01
2.596065018711784991e-03
4.707119696475365461e-02
2.310532986800392305e-02
6.449828588267630253e-03
2.200008407303590680e-02
6.640260648456475234e-02
1.698613695778633526e-02
2.562158642283247634e-01
2.152424750493873440e-01
6.058251111196663596e-02
5.861881377221947464e-02
1.484612118592256412e-02
1.519674875322981136e-02
2.810600000821650291e-01
5.005697247668843275e-01
1.532840875327420730e-03
2.178579626401880576e-01
1.155589592865010999e-02
2.486571774455662714e-03
3.408416465201477008e-01
2.051307770227694671e-01
9.736485350213625045e-03
7.433769149754602609e-03
2.547394225203888141e+00
8.322498034414786694e-02
2.401948002156842343e-02
3.670798502125988128e-01
7.142874679025297546e-02
3.113020988976776537e-03
2.055641977814966770e-01
7.054764698228774972e-03
2.313604623148758366e-01
7.496523787379449910e-02
8.630590194040489022e-03
1.148212454775137704e-02
4.642881045464581496e-03
3.252465441846709160e-01
4.929255392140596478e-03
8.039543961372323799e-02
8.399903188430247331e-03
3.575957694481715632e-02
5.947636074403239714e-03
7.638929744802322452e-02
2.200499419548235421e-03
1.661692631204386011e-02
1.558296934935998572e-02
8.606317411678783558e-03
9.611242334561966028e-02
2.112638529015915256e-01
1.716045181357278614e-03
6.086373225218183469e-02
1.187177652690885390e-02
9.783491586962079697e-03
1.456170394260421913e-02
6.038755328105396836e-03
9.505139230216569368e-02
4.329243123876070354e-01
1.885709567218141203e-01
1.181131078297562899e-02
3.657138884711423621e-02
5.901855756673805853e-02
1.736583337684443479e-02
2.391505049431688276e-02
4.187476841274029998e-02
1.236940554122707425e+00
1.717476689658777467e-03
3.743566564039973316e-02
4.569575629964450596e-03
3.612126430648196496e-02
2.955150982284105322e-03
1.583006474355274848e-02
6.654507037154561155e-02
4.463900418233524015e-02
2.054269434048378029e-02
2.789309768756399483e-03
2.175382204439868863e-02
1.974378635626332368e-02
3.963768330536432405e-02
3.028195071896750291e-03
2.399403335754029653e-03
1.020791030112493461e-02
4.145439781740771212e-01
3.071902607534975349e+00
6.430001389303216519e-02
4.896159654582638715e-03
1.453112097812035881e-02
2.005210609874106542e-01
8.790161979787982638e-01
6.676372180568675152e-02
2.232046801938281956e-03
2.171201368649679220e-01
1.358941721208227205e-01
2.151553943845405104e-02
6.029779439688303516e-02
3.343051564115920998e-02
1.619413629087906523e-02
2.970094781202715310e-03
2.125192962287785967e-02
5.450983108572827335e-02
7.883946002816166754e-02
3.273686242920281070e-02
3.567655766957202480e-03
2.730217017171477356e-01
3.452141880906545168e-02
1.989215586403562594e-02
2.991666295842424373e-03
7.137540868306064823e-01
5.603630838237227269e-02
8.102668243903529688e-02
1.747197172176861990e-02
1.885224313169142976e-02
1.001648575986904821e-02
5.928053405441902068e-02
2.731950460545993185e-03
1.133605668003249356e+00
4.814118465898618339e-03
2.458203956419423644e-02
8.565147900711336804e-02
8.124269898769609366e-02
1.138875659099141818e-01
2.592498163115407404e-03
6.928141209135707523e-02
5.579024722392947333e-02
1.315935452801243188e-01
1.952535412968671013e-03
3.424892314039037523e-03
3.499513755980808005e-03
3.988642430256521092e-03
3.212004471822416281e-03
3.849900209420534791e-01
5.075432953778884898e-02
2.461637577545534028e-01
5.906413552271559328e-03
8.797105223765620124e-03
6.790351261745626935e-03
9.315430368982643983e-02
7.930497534506970869e-02
2.268690033980294563e-02
2.938193633231764301e-02
3.006735533881377612e-02
6.260786664470110452e-01
2.213803470261686834e-01
7.634038647453124209e-03
1.059919750814137945e-01
6.550475704167389723e-02
4.416929850702573657e-02
3.240893977223832656e-02
3.089114147314163117e-01
6.644709936010037010e-01
7.905145381907548174e-02
2.679084803156237676e-02
1.638988538644307619e-03
4.034733702480477469e-01
3.006660347417535600e-02
2.817881620172188462e-01
1.342447578725509016e+00
3.471172301316816644e-01
9.894422547907572030e-02
1.193425782079897066e-02
1.414843095850319352e-02
6.425527596747489245e-02
2.478050913093514038e-02
2.440348010777249489e-03
4.458452275344994102e-03
3.751007634212302679e-03
2.002599228061383452e-03
1.775289891376036211e+00
9.956225979618985034e-02
1.321861931102223664e-02
9.392731952726636815e-03
5.747325114713096837e-03
9.673090724849886524e-02
6.580204183612216665e-03
1.765844456009956279e-02
4.302976451301860350e-01
8.285071348537065283e-03
1.159853639736340425e-01
6.673860803517606133e-02
7.504173424028220962e-02
6.800626369863743519e-03
1.076076965010494373e-02
1.318836367029625756e-02
1.675960065382538500e-01
4.554906439492286373e-03
3.429646693206347963e-02
3.616793299327145661e-01
2.264037371315294131e-02
3.121265476035288682e-03
1.882906990824119997e-01
6.247717136080250394e-02
1.490231879419792391e-02
5.659761096588556729e-03
1.911231190102072042e-01
2.646819088310045642e-02
1.647762460798103679e-01
1.050555480845460077e-01
1.107748748539341861e-02
1.338482266332458870e-01
5.242744107339938342e-01
5.252711007929545400e-02
4.296661680495365149e-03
1.215188662259626545e-01
4.433667376606225535e-02
3.764238108339231559e+00
1.529901629711811172e-02
3.706923236736246463e-01
1.361670451015655793e-02
6.714507376527731330e-02
1.327300370215124536e-02
2.599537712235076761e-03
3.235984887657977066e-02
6.041526874027835364e-02
1.827819265929475634e-02
1.155813213706958012e-02
7.081527495638026935e-03
4.029348711684964390e-02
5.226118780273771892e-03
1.672197074262285390e-03
7.201092723641472348e-01
1.975940867981617385e-03
4.610763797421186805e-01
1.162844867466033549e-01
4.187409280375725684e-02
5.183853254295816421e-02
2.644874272320869857e-02
1.829411693085336577e-02
9.489208722940461679e-03
1.240869447405049120e-02
2.537180246448983607e-03
7.421078784952989116e-03
2.956757443932058263e-02
1.041010416783372916e+00
2.490032624132903008e-02
1.808580136236623281e-01
1.327995486002977836e-02
1.346566958503142217e-02
5.344124559428036630e-02
3.861047551236092279e-02
9.077824966379594365e-03
4.254060436263135472e-03
2.074763510361694180e-03
1.086573883713421312e-01
8.100949431579957186e-03
6.438104388167179004e-02
7.496742752472975238e-03
3.165087630127001034e-02
3.130891312933756915e-02
3.180680010705029277e-03
4.377931731974190055e-01
4.408320378416451246e-03
5.352259681947421077e-01
5.960173437717973532e-02
9.221668543339258672e-01
9.107896010773271211e-02
2.375848427821189782e-02
6.805879708374157344e-02
3.084089178937621592e-03
2.146037988794349295e-03
1.762042416962542324e-01
5.210098722614260776e-03
7.452396565406471662e-02
1.756491950507040913e-03
3.439968762439468003e-02
2.849946311925548228e-03
5.514810938905284447e-03
9.226230409273426109e-03
1.930892232880618634e-02
1.852368833805017462e-02
2.878559162663719279e-02
3.836929373500393148e-03
6.620767730576650190e-02
1.438418475024224874e-01
1.700768651178648228e-02
5.721009307566127071e-03
8.409036480178079531e-03
3.136755435096493655e-02
2.277222687830016135e-02
5.677244188142226318e-03
1.375967580949182152e-02
4.689331520964293981e-02
2.166827433136548492e-02
1.715762781613546298e-02
1.230631171423407083e-01
1.081522115720834343e-01
3.923141609969581223e-02
6.497877527143746182e-03
2.572403653882437795e-03
3.802850216442276166e-01
4.174325680044859398e-03
2.845103527647150493e-02
6.661981388913787439e-02
6.154297985795698089e-03
1.713951934796880544e-03
7.961011983542180814e-02
1.548703575559788256e-02
4.118283173611148734e-02
1.735885228231592511e-02
8.468623334460670393e-02
4.639664371826079242e-02
1.446419815482697657e-01
2.300592711815947766e-02
3.909499308708385551e-02
8.057043191762763498e-03
3.138786547122276484e-03
1.836785337993197820e-01
1.614486070881109847e-01
1.893681384977501936e-01
2.003690815701642675e-02
6.811360282523153120e-03
7.337125482703665130e-03
5.720367120074936612e-02
1.989053978655515656e-02
3.067026418611259412e-03
1.656998574941576652e-01
6.195662124786917996e-03
1.504836087411198231e-01
3.324872819044125821e-02
1.318170134977612699e-02
6.090998978304475869e-03
8.428664766782584250e-02
3.294917307573839993e-02
5.719843733059428760e-03
8.379710049815654316e-02
6.162516586721963376e-03
8.957472756606212755e-03
4.902826638323355690e-02
4.957414508911939799e-01
1.963559979285299517e-02
3.599084611852065851e-02
2.471432136770052718e-02
1.128493882652328029e-01
1.893349729844259199e-01
1.367316859999599121e-01
3.569678670782162628e-03
1.247838989327138860e-02
2.958866688543259488e-02
9.937648942776712915e-03
3.064386303920338742e-02
6.680972285052908660e-03
3.620693162640985664e-03
3.049670344004052659e-03
9.060212922763653809e-02
1.635894536721893000e-01
5.052132744889519661e-02
5.143659732691816151e-03
1.619963754632196620e-02
2.498462008107540239e-02
1.511761789140457675e-02
1.734309952062379956e-03
7.499284904479840419e-01
1.441369038029947092e-01
4.034938749304457090e-03
4.812782286589371850e-03
3.334458490019395066e-02
3.221132079315330160e-03
4.822035351261492672e-03
9.366571123233925419e-03
5.741893546399552857e-03
4.715778061853233977e-02
4.326072108839134137e-03
1.612185892446300547e-02
1.142284720153610822e+00
4.638743534832849569e-02
9.916444728614901560e-01
3.640879163069406926e-02
2.640972872249650657e-03
1.412924142724197689e-02
4.103716545155292744e-02
4.712357895308637995e-02
2.895319727168815249e-01
9.640512034881584119e-03
4.001041603155575110e-02
4.530825138125045837e-01
2.345193806685902296e-03
5.203833386009756867e-02
9.982001310752233736e-02
9.394331824256739460e-02
4.312383373108807927e-02
1.963466409663929546e-01
6.206795317529351964e-03
2.408937718567943313e-03
9.147033403687436504e-03
3.194723549821305852e-02
1.972076544719780222e-01
1.263919253671424159e-01
1.059466939942758923e-02
1.501867068417135718e-03
2.876757063281927262e-01
1.760451088289418167e-02
2.254942818148562844e-02
3.651926478942601941e-03
4.335722187952670281e-02
2.799818398067088765e-03
4.293260888078496151e-01
1.213257399551368604e-02
1.068852974953073548e-01
1.509516488428015446e-01
1.490391176941078394e-02
1.005751434288566261e-02
1.288565881717866450e-02
1.102732514237451555e+00
2.612308183339315248e-01
1.364918884924885660e-02
8.308598353101034895e-02
1.202394775171831270e-02
1.211050368049254936e-02
7.777952461929117656e-02
5.985829167110019201e-03
1.185748953217593826e-01
2.611961301593688708e-03
1.541383599162061881e-03
7.927885619449574761e-02
2.597874905134532446e-03
3.497613623472872052e-02
9.127488840726585839e-02
2.507896520011209870e-02
1.800117764411547638e-02
2.247184177986393250e-01
2.561866691540218843e-01
1.646877410124829577e-01
5.361021768422494921e-02
2.352272511156251744e-02
2.474981785956533731e-01
1.071467402383936424e-01
3.850621661132631879e-02
8.385932186655240331e-03
1.509170278342825688e-01
2.333109718571663507e-02
6.683582347405168413e-03
8.698986057935987892e-01
1.114366861256555208e-01
1.073504480811281712e-02
2.174154605822871747e-02
4.304495942809685033e-02
2.518978335736410303e-03
6.345503100310379528e-03
4.276240622537293840e-02
1.711320578875043519e-01
2.941278258324291767e-02
4.845391028081759421e-02
5.588237366098566111e-02
3.302983034452560140e-01
2.576281406114895763e-03
9.145387930284366584e-01
1.769465859150298748e-02
6.108451631642371205e-02
3.006398799340208150e+00
4.422217802747653304e-01
1.302947290616491942e-02
2.333404678830941145e-02
8.292037792680364422e-03
1.137750999780003658e-01
5.990003649841427018e-03
7.529313643145549295e-02
3.406459156972539704e-02
3.132591439157111912e-02
3.208465621801347579e-03
8.226242634448079072e-03
5.043426218930020105e-02
7.213192137995924624e-02
2.990861170845789813e-02
3.964060785234254092e-01
1.267810807224613590e-01
2.237256760509427102e-03
3.026937496704516437e-03
1.383175229208865632e-02
5.552513037146881297e-02
9.094677987665144778e-03
2.739195001427059337e-02
2.611980877697745937e-02
1.167454020257594483e-01
1.771499291969061071e-02
4.994638425595153419e-02
2.153498538698713771e-01
1.685857577400916166e-03
2.160165380181693351e+00
7.436702610737562849e-03
5.313386521823594555e-02
2.388243642284209808e-02
2.138930577545479494e-01
3.243403875753282650e-02
7.928138023310334070e-03
3.811066309138697594e-01
1.876398923547230480e+00
4.193845813176871218e+00
1.824135006777907186e-01
3.477768219477846978e-01
3.954120012341728538e-03
7.565576615985733500e-02
5.966368728052619252e-02
5.966990076587883746e-03
7.441512266696542754e-01
2.920794087574186178e-03
1.827316516314553829e-01
5.473810361419786420e-03
5.817483009779872427e-02
8.744159928935761605e-02
6.369450609893377580e-02
1.949370224158464629e-02
1.782065823899264823e-02
3.223731710456848726e-02
3.208157884693869089e-01
6.856942769154416792e-03
2.474568459859128461e-02
4.733752788793537530e-02
7.944752996629665664e-02
2.171029581674196757e-03
1.237866718279169442e-01
1.370023265650147266e-02
3.649928719721766759e-03
9.391345598510403292e-03
4.071105207667930492e-01
9.069615466638543400e-03
9.410862044311523941e-03
9.664527124077233744e-03
4.560054739331243813e-03
9.089328114772497746e-03
6.811349753278113373e-02
5.423554293527776439e-03
5.647682876711823674e-02
3.516122740592178553e-01
1.325856420595594165e-01
1.299334386806922335e-02
1.052690298222114240e-02
4.059330050325461563e-03
4.395893929134656042e-02
1.741152891063984728e-02
5.164393954233268552e-02
2.634837435111768086e-02
1.650301957566556954e+00
4.841059746685877178e-03
5.110177895021590297e-03
4.108809511524312216e-03
1.657459734196475409e+00
1.535359125839526051e-01
2.109436734533973699e-03
2.416400800310058300e-02
3.110407833526112470e-02
3.728158059297313753e-02
2.123369152587154668e-03
2.150611987121834549e-03
3.888601631905067545e-03
5.232072643308832011e-02
7.309499926644470041e-03
5.628570395164674833e-01
1.392135698630225238e-01
8.555229827040840285e-02
4.006709651824821340e-03
8.441651366762964459e-02
4.103394107594384582e-02
1.590644232810889055e-02
1.385156722362033965e-01
1.644058744204844047e-01
2.871008170639525927e-03
4.167456140014247357e-02
1.960658725370121869e-01
3.785630167219028019e-03
2.528805044236810962e-01
1.146575857614544683e-02
1.060424039075212738e-01
1.043864661213376732e-01
1.271772351248840784e-02
6.266862162008313142e-02
9.031990500655108500e-02
1.733342982907220275e-01
6.509704902669205540e-02
3.052952103791663034e-03
1.987675547513020544e-02
9.525529068172630787e+00
1.490206301297311402e-02
8.641849115631174832e-03
1.230306220175893597e-02
5.132087729192680997e-02
2.132282737478327361e-01
1.805140254016126544e-01
7.876796808320804533e-03
5.713953867930199326e-02
1.493578412779173262e-02
3.109246166574944695e-02
8.366804074035800315e-03
4.474531764658862265e-01
2.334799201774597627e-02
3.762989931615112055e-02
2.997598194833845514e-02
5.381256973763564634e-03
1.760355904047304632e-01
3.528050329856452505e-03
5.231034441742939134e-02
6.645173157072097395e-03
3.720697164047751318e-03
1.246532654555643216e-01
6.691125914606779745e-02
1.275911241442717267e-02
2.334539121042868842e-02
4.745872888936984724e-02
8.518453424213213998e-02
5.401039210689797913e-03
2.401154404686872516e-03
1.019097893047165720e-01
8.776308237209854216e-03
4.987198321334475326e-02
2.367628408032844411e-02
4.358190131700650019e-03
1.112651997050680824e-02
5.957127833447262155e-02
3.603482501486560824e-02
3.634901098768575922e-01
2.035777025005496010e-02
8.523068531075284060e-02
5.602091548886582034e-03
1.098829515458932954e-02
9.365574220786634929e-02
4.075130282474337916e-03
2.350674619916739289e-02
3.161714110137479883e-02
4.145066689243281366e-01
3.211444013165248856e-02
3.759523580511893448e-02
5.436615627399125905e-02
6.700889358307088317e-02
2.412196596914239488e-01
2.549806614569755797e-02
1.149783079606507830e-01
1.247500725081566869e-01
6.110023582952835847e-02
9.584932870138564501e-03
1.135833082112501849e-02
5.754300834185996708e-03
7.324284311034459649e-02
3.930790436039376806e-02
2.406570560910809356e-03
1.614530163546457064e-02
7.334832077094549825e-03
1.017671896796366882e-02
3.285223406707476479e-01
5.097713665831558882e-02
6.713557258401205152e-03
3.524641602682050678e-02
1.374076629292287667e-02
1.298439906218192275e-01
1.455709076784875676e-02
1.056286955093878460e-01
6.398201058753635317e-01
1.000933986799700803e-01
4.100632876435402613e-02
1.029461671485285348e-02
3.010531507264374226e-02
4.844607806889875690e-01
8.150487767896114413e-03
2.704946291380203385e-02
5.961637871492046596e-03
1.161914751089217386e-02
2.964904880932695344e-02
1.984739940964055580e-02
1.043993658272670058e-02
1.410554168938575950e-02
1.614979367204636904e-02
1.693645459624024130e-02
2.301160383403217605e-03
1.347358115429804493e-02
2.229407910180800784e-02
1.053862598000264494e+00
4.446330711007806524e-02
1.738553174053016764e-02
1.624976617320596228e-02
7.608797547967256492e-01
1.221496542664556213e-02
1.495207415856354867e-02
8.491928658550590078e-03
5.005799059543365459e-01
2.196652919959458217e+00
7.978185608372113588e-03
9.525717522996259012e-02
9.077594823368931309e-02
3.858059997278415199e-02
1.921251824251441268e-02
5.205149979922518190e-03
2.636267700694279459e-02
3.443549172588761254e-02
8.512859528946131737e-02
2.867869838950594108e-01
2.011604479217470043e-02
4.369891630998514603e-03
1.197209453682356595e-01
1.050669418404016064e-01
3.293999944158340076e-01
8.597208292738429958e-02
1.427531872506315573e-02
8.809347191373641250e-02
6.186470199881687754e-02
2.288859355958249520e+00
5.124985505614290324e-03
6.979687991739836998e-03
6.861587793528871673e-03
3.047803365115542631e-02
9.908896551163452054e-03
3.628984246415603021e-01
1.036819636548501691e-02
1.998350668480394221e-01
4.749917325107607530e-02
5.847138913826775003e-02
8.359184454079675308e-03
3.107807367411061783e-01
8.873631298366404380e-03
9.199143614753012288e-02
2.219429566400252241e-02
1.383736143917974060e-01
3.379504916082551325e-02
1.181100390565255204e-01
1.370232921614799280e-02
2.886277593562994875e-02
1.247515639117490471e-01
1.161551299083940503e-02
2.748149286289011325e-02
2.128794722819812163e-02
7.494422931152150413e-02
1.636809396985285714e+00
3.386098958430566047e-02
3.155785413553417740e-02
1.931957645113036304e-01
3.614529614450470024e-02
5.914519043586132785e-01
2.698159123716465518e-02
1.414233660709800916e-02
2.492494012598049369e-01
3.131728358176174773e-03
9.892330911372355928e-02
4.124338856180705393e-01
1.786836858919376575e-03
1.640705469187856216e-02
4.243239945262754567e-03
6.207672899629149144e-02
9.144471039521304134e-03
2.781706903484458798e-03
1.256878024380419512e-01
3.530261088504557665e-02
3.107623090063399776e-03
7.343483862585771516e-02
1.266359011281164015e-01
1.126909426236841538e+00
9.354671284196515446e-03
4.516320693561934885e-01
7.881302811690900009e-03
1.601391941904188321e-01
1.083008889928166463e-01
3.283037820704870317e-03
4.911346212942473144e-03
3.158465419859467910e-02
3.379414599983630169e-02
1.317671642908712151e-02
1.272697345625980692e+00
9.017736336505073960e-03
1.920286207785106610e-03
1.698694425897182914e-03
4.009950160817870451e-02
8.730233478728954485e-03
2.252957777294440841e-02
4.789304673251796873e-01
4.336139445311712991e-03
4.911966023895917438e-02
1.654888670517238591e-01
2.392244853135530071e-03
1.083684464601519272e-02
3.077950084461902880e-01
9.914287992817785375e-03
2.874914075334241564e-03
3.291949508428741039e-02
1.914769601027334900e-01
2.703760363343943873e-01
3.860833630066996119e-02
1.558988589933022265e-02
1.766616194452899288e-02
1.525183173516970678e-02
5.175359786602847650e-02
5.046375424675227789e-03
1.356816218739498661e-02
3.402245731042899402e-02
1.334168055205247998e-02
4.115311322285749272e-03
7.331252238125450515e-02
2.342030334443208697e-02
3.794967985912754693e-02
4.843918002684412250e-02
1.407964607560852803e-03
6.142840321385866810e-03
2.161022439896363723e-01
8.123809495108708437e-03
1.230836439232053242e-02
7.464878979306455165e-02
1.384096768996946558e+00
1.771054035686218074e-03
1.019495591947883195e-02
1.146667796431321273e-01
3.362807521687552481e-02
4.454619267362327356e-02
2.468649038440287689e-03
1.204357105816790119e-01
6.850313932613830148e-02
5.460050969597650579e-03
6.636796635222619312e-02
1.448268651673152996e-01
1.041050202064972702e-01
6.501677408209199059e-03
5.249422564820085783e-03
1.161157152930214265e+00
1.060641598220478724e-02
8.056206507819685392e-03
3.497186465266691191e-02
2.735631639352072673e-03
2.666403069094680847e-02
2.284933410441383761e-02
3.138733052522043893e-03
1.213113433123973739e-01
3.115780553497548427e-02
3.022907655452167566e-02
2.244900451815119800e-03
6.878453456345826056e-02
5.677434185995645227e-02
5.482269200271357862e-02
9.007761971272112630e-03
1.153282477005501683e-01
2.353568794529858899e-02
2.940850236202857335e-02
2.315751929261009728e-02
1.323066157403141041e-02
1.733998502362629202e-01
5.521242040974178034e-02
7.651284309999194233e-03
3.637353936529002206e-03
2.414819327467373003e-03
2.091036334331267954e-01
3.410685746883647396e-02
2.410463669833708827e-02
2.106492635581839190e-01
2.221443326136683227e-03
3.617871775380573918e-02
3.130773946485780335e-01
4.360041017206802219e-03
1.626313771284036147e-01
3.698521907510145257e-02
4.456321384955589174e-03
1.483409829837068839e-03
1.539582072551878410e-03
3.473243222672258226e-03
1.190568306556894808e-02
1.157400839733014469e-01
1.709003589125842326e-01
5.475837898796174531e-03
1.993078245032567711e-03
6.261640750096318653e-02
4.931035632083766856e-02
4.889559422646157921e-02
3.411080285376865556e-02
8.794627976994236818e+00
2.336465536800531526e-02
2.839711595478105598e-03
2.454910676992561394e-02
4.471903534028347921e-02
8.623044810853389489e-03
1.472831622058136336e+00
1.985627175994478591e-02
3.164637160570016317e-02
6.516894789741356497e-02
7.205724270603926229e-02
2.352862318404440670e-02
2.016169423618784928e-01
2.174916623970079080e-02
9.508019740669767517e-01
5.384779691608781310e-02
9.072230678005093196e-01
2.842545130891379473e-02
2.368603973657887329e-03
7.619308998940236936e-03
8.520968760566037525e-03
6.167339237219187503e-02
1.987769417555498297e-01
9.969466770538218045e-03
1.486966522143152872e-03
3.481383187310591737e-02
6.498178109622406926e-03
1.012020393942508062e-02
2.197528913440846221e+00
7.231752729265601698e-02
2.493150156401166898e-02
8.242314208972570388e-02
4.915715686622509212e-02
1.189645654223600857e-01
5.253056964669605006e-02
3.150935899596012835e+00
6.962838217186980046e-03
1.375943781602027849e-01
4.122985073088693553e-01
9.958748550308706496e-03
1.094856314971055650e-01
2.736889562211221594e-01
1.236389257843358153e-01
1.822809258394407538e-03
1.968931386503480849e-03
4.620726104019932771e-03
4.360138090203522637e-02
1.364998014189201803e-02
1.027774162031453060e-02
2.037463016992350877e-03
4.744822100609850934e-02
1.623616850835952474e-01
1.118493661468689115e-01
1.404155620259542672e-02
1.178835325054146399e-01
8.632356726001309821e-02
8.446028186197739041e-02
1.406672129685444979e-02
5.676790628293101708e-03
5.210338783051225546e-03
3.060772366819844784e-02
8.055908425879762524e-03
1.784135452410823969e-02
5.985015858537821865e-02
3.369250032545252800e-03
1.591026014678195884e-03
1.436183888748478405e-03
1.913115927047495668e-02
6.257291210616845734e-02
4.796738462168228211e-03
2.050077553534855324e-01
1.110009857684098045e-02
3.657286855003865494e-02
3.403747137966114250e-02
1.404104341725636099e-02
2.241150499968822332e-02
2.305651307214062404e-02
5.908816942498416880e-03
2.803017830464095764e-02
4.510180684677103126e-03
2.900231964181817362e-02
3.933546837923717482e-02
4.674052718785152299e-02
1.524637721166408055e-02
2.346998705588645984e-02
7.340797435718036945e-02
5.569271842252271343e-01
2.165396259690241867e-02
3.062661016331602593e-01
2.523862738593363533e-03
2.440522989588155695e-02
4.709538009885398668e-02
1.176954649947088205e+00
4.254741486764112429e-02
5.932716754033876688e-02
3.475367698758054236e-02
5.900271034128779131e-03
7.455511882280258136e-03
1.509983531089310015e-02
1.368217764458530550e-02
9.395227550762025315e-03
2.735732244847095557e-03
3.978534303265333916e-02
2.660764081309483983e-02
9.724186091382394648e-02
4.193079783215548917e-02
1.036473371941139601e-02
6.086883549518622843e-03
3.559605743971592379e-02
3.311171249568229703e-03
1.173791365323505892e-02
2.606580267101919843e-03
6.327198282972594512e-02
2.010420313534134196e-01
6.642182944659262567e-02
1.090486594040427672e-02
1.546532778641850851e-03
1.671093707119812588e-01
1.348409306769153895e-02
6.915384001587548957e-02
2.145752717209314486e+00
2.672125789227488071e-03
2.967249311448789950e-02
9.625417645699550773e-02
4.302293378178063954e-02
1.131085459915112529e-01
2.267259996422749668e-01
2.643957674076334585e-02
1.378625471626115373e-01
1.182734569368139310e-02
1.092236701886288019e-01
3.111081224554679454e-03
4.076234509909867562e-03
1.213110452655000171e-02
3.807018063405806507e-02
1.768241938985207554e-02
3.632712406729668442e-01
2.684489737772639828e-02
9.440600255037943922e-02
1.778442730246650172e-01
3.242334548923915798e-03
1.815234438826815733e-01
5.213402540646878969e-02
9.552218474790525812e-03
5.781470316066936732e-01
1.324365839465500502e-02
2.080918394187538517e-02
4.807270159571597895e-02
3.833825632186164123e-01
2.467388672683909143e-02
1.797170169704337753e-02
2.086086251986185407e-03
1.199955483747010970e-02
3.554257709357356854e-01
6.607726272202480988e-01
1.448046142227875366e-02
3.153490148222890671e-02
1.344903007832498332e-01
1.239092474797646171e+00
2.033203022016497052e-01
1.205830822169992253e-02
9.071060641463487076e-03
1.476654854221860986e-03
3.919397558171573009e-03
2.416647016867599224e-02
3.128156162157950254e-02
4.453817264035021817e-03
3.448780397189825375e-02
6.463633239099237926e-01
4.052919778542021095e-02
2.305270749472236244e-02
2.047781989554656179e-02
1.002071078111519895e-02
2.421625095241102671e-02
3.693887724075271134e-02
1.236006171186481289e-01
2.459768611849023345e-01
2.015748610267233121e-02
6.888632164463242072e-03
1.043043272948291911e-01
6.809082371746673530e-03
8.361492342617675433e-02
5.408854516314105076e+00
1.102529841610047287e-02
1.616016331233647782e-03
4.868575113578495900e-02
1.461264919930559125e-01
6.458699598902788511e-03
4.018359712737648408e-03
1.315540874397431448e-01
4.060222807835582766e-03
1.870915097800821547e-01
5.715114872023642836e-03
1.549674921757163842e-02
1.750112378410942620e-03
8.131313838991806320e-02
8.771800776653514153e-02
1.244885100734475537e-02
1.001510775237022810e-01
9.627023002645462846e-02
8.869664592467442488e-02
2.956121455230099199e-02
6.017639481934963092e-02
1.883743014621107933e-03
3.708168518222141816e-03
4.918924579416960458e-03
2.842795448861141702e-02
2.247344252352497483e-03
8.335127165201550170e-02
6.490503831992028294e-02
1.745732368796001910e-01
5.926756564266968258e-03
2.482459067554921781e-02
3.198565453836717254e-02
9.090749559292484253e-03
1.736806587452343134e-02
1.160084316580329428e-02
4.020599588840942928e-01
1.250694626587146585e+00
2.712908153404748612e-02
4.497280025418235426e-03
5.972111727052449061e-03
3.085595613147166291e-03
1.403662422796961989e-02
9.710972483375566178e-01
6.889670724411345315e-02
1.385717118792814846e-02
2.267068871777551051e-02
5.999331542768686007e-03
3.181220152320383687e-01
2.218779295188914175e-02
1.603642805466153065e-02
1.517459435794304756e+00
5.129146541475393395e-01
4.297544019929051828e-02
5.726486341741874458e-02
6.942999592431185751e-03
3.259239108015512393e-02
6.741953426480323461e-03
2.913383504556366077e-01
7.321965639636772716e-01
3.527044544426703454e-01
6.522050542347932779e-03
8.022704459759416595e-03
3.264850620518836965e-03
4.209207145718707466e-03
2.950666374761984345e-02
6.569471644913467134e-01
6.251551671697072599e-02
4.218059565246221054e-03
6.490995011930834890e-02
2.280391658369505414e+00
3.584252150014997917e-02
1.735584747223733494e-03
2.229134750015779876e-01
2.204047479415641858e-02
1.187839506293158348e-02
1.384949292339410394e-02
1.040264166526046717e-02
1.030528581436821259e-02
2.134256920908613603e-02
3.230078579788958626e-01
2.030721178360951618e-02
4.980859560378506079e-02
1.989409468063293995e-01
2.034582168002979988e-02
1.419989350416542562e-01
1.518757746606302222e-02
6.279932875793905502e-03
1.569255012626145224e-02
7.976841693813013778e-02
2.985894873499624763e-02
2.303659520758077287e-03
3.291002442745834533e-01
7.831640000287595424e-03
2.976323053128631657e-01
1.218619046489494151e-01
1.805682560486261343e-02
3.431554971931545517e-02
1.674979532443003627e-02
2.135344833105243950e-02
1.581485325003684651e-03
2.205228421063006126e-03
3.707335432057738689e-02
1.676486407694081221e-03
1.112817821070176016e+00
1.836097450506067250e-02
1.776513130787263015e-02
1.517318311010388372e-03
3.751369789701654994e-02
5.756972551327274035e-01
6.486987372914903432e-03
3.048648663086311883e-02
1.209518673372602694e-02
2.509174825653780194e-02
1.316951452262236921e-01
2.280627130937937508e-01
1.220492934290905856e-02
1.296166196425393435e-01
1.170063699849744482e-02
5.645359763057059346e-03
7.577197990398838734e-02
3.606119554463694220e-03
4.559592972622630164e-02
7.172966287600668345e-02
5.444452679298006359e-01
8.353016406352527581e-03
7.652822467390041350e-02
1.686538819534872530e-02
2.527202228051940835e+00
7.092319877209640744e-01
6.998430933808103660e+00
7.749166784349270642e-02
5.933107943030721185e-03
6.514716750954532842e-02
1.015529413977584068e-02
5.517347645307240506e-03
1.098663345534195424e-01
8.467802630495855146e-03
5.848865828313729032e-02
1.552786776867422181e-03
3.258554800242510208e-01
6.061317043977255958e-03
4.561712335183197055e-03
2.119267158343609292e-01
9.341443610600498326e-01
5.563123126557258102e-02
6.185682673247074881e-01
4.124920939839734485e-02
3.120740128465923635e-02
2.637640189097460904e-03
4.308748356863156131e-02
1.418840819515261413e-02
5.084910023597953854e-01
4.164629872329483375e-03
1.525752640457048726e-01
4.758317403229344635e-03
3.801785704460403439e-03
2.025397410762403150e-01
2.382700140647492533e-03
1.970220377016097466e-02
1.829130345648975406e-02
1.536163993572909172e-03
6.035507969800353312e-01
4.747015312149034313e-03
4.374505843313376829e-02
2.172972906378084837e-02
2.535744813082917992e-01
4.105188097445429396e-03
3.455355699015497106e-02
5.639401700003877915e-02
2.392463810574193828e-01
8.210765165946334876e-02
8.024162244355602380e-02
3.231892386015248336e-02
1.346799645859971251e-01
2.171970420724501916e-02
2.396787230156070814e-02
2.665978797363113481e-02
2.644837220740046610e-02
1.638033471364403262e-02
4.673854572914536848e-02
1.979406111308238195e-03
2.981638476507942823e-02
6.877339372451493626e-02
9.638403371401307873e-02
4.306395593512622466e-01
1.487305626152650717e-01
2.689396153482985774e-01
6.259811405549522978e-02
1.560359374623446508e-03
1.824154581130659619e-02
4.194958447673782787e-02
6.338374007787574149e-02
6.236146465862896573e-03
3.370787395906756773e-02
2.251395358171514368e-03
5.342009032194450224e-02
9.518767580972170572e-02
5.613274188249530727e-01
4.287862529798762076e-03
4.806357241603764763e-02
9.907242760469265816e-03
6.703337932595203330e-02
1.538919793021066920e-02
7.439195206753658474e-03
4.081715787622218830e-03
2.347954808816169608e-03
5.540561164259835171e-03
1.779951865755225737e-01
2.902494508565561012e-03
1.635448242603970148e-01
4.455823317844146425e-01
1.522583621354818909e-02
1.213634060825587169e-02
7.149656445125684469e-03
1.335257017666181996e-02
1.090620597962017185e-01
1.432186315644010804e-02
1.905682935656656252e-01
1.206853940248746142e-02
2.732575398888914629e-03
6.825578928190459069e-03
1.089596949952305188e-01
3.389989027403572108e-01
8.129793880581541454e-03
2.296768917506051000e-01
1.295940605043813254e-01
6.269466677570872948e-02
3.712707562442537409e-03
3.726468991126850004e-03
5.086119883962813594e-03
2.362755796116860818e+00
3.069759761322379266e-01
3.127391181990141038e-03
7.827861452186111665e-03
4.797751802960122103e-02
3.988447093352964073e-02
1.038400281356479660e-01
5.554121022640468724e-02
2.855989472824620456e+00
1.031804582804791842e-01
4.146386226107871310e-03
3.960337034518454646e-02
5.164774621794974985e-02
5.028895162418262066e-01
1.077715684204671488e-02
8.883469558333608254e-03
1.544059720672684710e-01
9.462203908466689656e-03
2.177427231078798639e-02
3.793414117205436056e-03
2.248329425237717560e-01
1.288582409831856568e-01
3.683348450076541492e-02
4.526199603127028376e-02
2.294399820551846700e-02
2.973843077108215532e-03
2.317147172813031550e-02
1.388477429136125429e-01
7.739998791706813319e-02
3.761924578786755152e-02
1.586801369907909348e-02
3.757735093868274090e-01
1.033396512767767866e-01
9.335483969803345591e-03
3.342369195110850844e-01
9.765064289462904723e-02
1.801582842323318440e-03
1.794332496683787720e-02
7.987943162043209533e-03
2.669274504593306500e-03
2.961929982196385980e-02
1.306568991784142764e-01
1.466951369960474427e-01
1.946253678293258238e-02
4.556619556300859492e-02
8.455408724440863222e-02
5.959335131685322001e-02
2.593587259476201057e-01
8.644056616095169288e-02
4.958717034926402555e-03
2.611877565414332664e-02
5.338306552084494117e-01
1.869725845087567015e-03
6.677621122341581561e-02
9.623442317693020609e-02
6.639489339484543062e-02
3.620259535570921616e-01
7.153103758372271470e-02
6.364687768269713421e-03
3.355843224698705496e-02
1.855566842803822170e-01
2.994725735904060077e-03
3.120454538481070780e-02
1.527273057464517692e-02
2.449968946458975280e-03
3.101157954544041945e-02
5.367094390812751636e-02
3.964200305747174469e-02
7.269701891926722004e-02
6.280313124898377619e-02
9.879494625106799433e-02
2.203506199107153063e-01
3.881079078967489271e-01
1.415253373599475138e-02
1.986496372602811755e-01
2.116633388417839545e-01
1.586063369755968608e-02
5.580316871868827577e-02
4.563306987439022522e-03
3.900825880397536683e-03
3.347184675284867877e-02
1.696794968544746984e-01
2.635288171512743527e-01
1.846422225020235772e-02
7.602787553048426239e-03
3.336430493149467047e-01
1.538039451164666227e+00
4.673046109009247606e-02
3.369797492099557146e-01
8.737259461549545803e-01
7.375746599359838535e-03
1.461182586360566527e-01
2.174905487984270594e-02
4.777621092387036861e-02
2.084728618404255857e-03
1.251694442725145850e-01
2.064664997271095648e-02
9.882015166747434506e-03
7.656675961150750075e-03
1.968011141395572053e-02
6.769142221917928172e-03
1.007392993306176210e-02
7.535223066173021844e-02
1.911192959582624223e-02
9.077145235259956313e-02
3.150875230072272548e-01
4.078070385351117988e-01
2.117339767240423998e-02
3.561523896564414149e-02
5.249026070653261405e-02
1.063631663609131313e-02
9.510845933235659300e-03
1.188392448328784434e+00
1.617119326143331938e-03
6.297370154209536164e-01
2.892919297232949064e-02
2.099466720180640303e-02
4.669665954390778140e-03
1.481752817046663173e-01
3.134296664283807432e-02
7.478767435007524500e-02
7.054630643703187209e-03
6.355164937954771096e-03
6.060891328805669866e-03
7.511336017524202976e-03
3.364512449530594664e-03
4.543433731356059414e-03
2.001008441121265510e-02
4.201829995054411071e-03
2.847091444473924624e-03
4.531687695884160927e-02
1.589754264225991254e-01
2.580117550154446548e-01
1.008518783568071120e+00
4.510307713299115118e-02
8.444383861811592326e-03
4.735826898851315699e-03
1.065247159481990530e-02
4.295797407672459663e-03
8.970575764658840490e-02
6.348995123639820243e-03
4.689478219726848640e-01
1.162786728965050503e-02
1.452551441400649901e-01
1.416575518308753855e-02
2.116604329309025589e-01
1.034277664048516981e-01
3.889044619667665348e-01
5.831270903024956404e-03
3.258209356125604805e-02
9.493250888195668979e-01
2.108081541625200350e-03
4.317639820017116561e-03
4.445687854080799389e-02
1.197469714540954772e-01
6.942671257591728762e-02
1.493038668209397193e-02
8.695519888107924866e-02
4.709946270842263125e-03
3.030958908972929855e+00
1.374802059834275836e-01
3.084322709707692373e-03
1.553606119542043015e-02
5.265856373653100830e-03
6.197526505910037897e-03
1.776452756072743238e-03
2.209542586899681041e-02
7.275520053618500516e-02
2.113885651657193207e-02
1.905190676140504445e-03
1.045041576067135859e-02
1.649012316976417166e-03
3.598074193345432437e-02
3.975942669731133937e-03
4.384109403164654362e-01
3.951402095201071545e-03
8.318063345492239247e-01
2.278589464582017957e-02
1.306896214579507561e-02
1.657407841684118907e-02
1.430748227390606087e-02
2.250797576709591061e-02
1.834795115275571903e-02
1.972336949690267714e-03
3.276205100573321982e-02
8.599918464464038903e-02
8.696387390644044757e-03
1.099146966666756167e-02
5.630570876617511933e-02
5.881057612078921699e-03
2.127088545260407901e-02
1.177173670960463686e-01
1.855007726388122891e-01
1.038474169370854794e+00
6.195313271588574755e-02
1.111890463693630988e-02
2.930037830396875487e-02
1.436168070915367245e+00
2.507199244072885486e-03
1.303631476146455415e-01
3.473137881787652370e-01
7.441197193130355547e-02
1.644899242875338778e-03
4.418978689929075054e-01
1.265328586967037934e-02
2.421776798470249084e-02
5.741331078972469054e-02
4.242784753543468734e-01
1.050311770947874312e-01
2.348332323564965643e-02
4.195380473029674748e-03
1.057850715996326747e-02
3.752815454480072643e-02
6.441818564290286098e+00
1.321956031007670909e-02
1.411879236651053353e-02
5.045820498392795256e-02
5.502876274927147315e-03
4.485399024135300686e-03
7.899136201000032942e-02
6.604660489124442035e-02
2.216163255366304999e-02
3.499586865124086899e-01
1.460898140288806879e-01
1.517762954955046871e-03
1.074605713394591669e-02
2.009808318068781810e-02
4.184283996598668620e-02
1.736084371228006212e-02
4.130629369410084017e-02
8.590621880102882607e-03
3.347962496798476822e-02
2.511330925336211287e-02
1.831442425597645807e-02
6.385977534987989819e-03
1.966830531156618829e-03
2.968836562187726364e-03
5.304090268258840890e-01
2.074257079779345120e-02
5.551558328033021072e-02
5.217928376296382398e-02
2.013337307533177509e-02
2.395331723048940431e-01
6.093693496331351739e-03
2.893911742131173668e-03
1.170959348320702309e-01
1.582959417846449904e-02
8.031122199740206580e-02
4.396873475801008069e-01
3.270992411980692682e-01
2.638994154689579263e-02
1.235168904402771453e-02
4.269194472106044302e-01
2.072011938805231809e-02
1.453408876675635168e-02
1.163347361595225976e-02
1.487641847731052723e-03
5.728419257195305203e-01
7.703050553899219721e-02
2.940269653115217333e-02
1.395021518463410437e-01
4.487998535254121395e-03
1.561288654346763005e+00
2.169343734586653277e-02
3.429969556988670624e-03
4.269253768409521539e-03
3.191726328728585783e-03
4.402425219641194730e-03
1.169452828495107406e-02
1.613761149925355999e-03
4.943014034689611341e-03
4.928219485465373806e-03
6.641051881275096547e-02
3.176312571543914165e-02
5.490128166917443778e-03
8.462833492618139219e-01
3.624949658980339967e-02
1.575718018893845296e-03
3.340574897358290340e-03
8.814118955482427853e-02
1.028339779239534693e-02
1.993782636003930964e-02
8.972461254203438832e-03
3.748561679745678749e-02
1.046252301776495530e+00
1.569370179938662027e-02
1.090988521327827115e-02
1.396484410314356328e+00
4.199966168273181616e-02
3.726726909551687783e-02
2.680013144667607317e-01
3.745115926749364998e-02
1.077297376823325159e-01
4.857523546686135646e-02
3.884456068436564075e-02
1.722817655093695621e-03
7.417426794970331284e-03
6.028596638792674961e-02
1.018806170798234462e-01
2.598632219087441356e-03
6.398946808423522370e-01
2.622351115408183553e-01
3.124059776380747749e-02
1.827468210200503332e-03
8.806323043540276868e-03
3.230655311163529303e-02
1.022651111956601050e-02
8.694930520590994361e-01
2.025061412740484026e-02
1.231827312059451986e-02
1.910704955512005851e-02
4.232518567718280590e-03
2.315546843320296765e-03
6.666205525165645913e-03
2.830846307299467179e-02
1.939306602283525499e-02
4.245500868206861789e-01
7.530913093969106020e-01
2.082975079047050086e-03
8.252931778269062546e-02
1.175739531700362508e-02
1.219296404558498775e-02
4.569415595666058427e-03
4.348868124575637657e-03
2.389638422328601783e-02
1.277519344662464973e-01
2.097601112286331601e-02
1.161608948231304672e-02
3.274525464014274023e-01
1.915350959210626147e+00
1.370722610612864177e-02
1.432307754524167823e-03
7.379367323088143436e-03
1.626802588749734491e-01
1.547292860120116041e-02
2.365176296333572070e-01
2.573308015768738591e-03
5.383340701826955406e-03
8.480897815330638023e-01
1.105143090804504291e-01
7.165737809003397407e-03
2.842723478057587044e-02
1.783917645538702496e-02
9.064183790975466337e-02
1.266090102341129453e-01
1.099031269960295057e-02
4.203018597413854529e-01
1.610508906324295639e-03
2.241324962876818910e-03
3.061718095554555319e-02
7.386081483677647830e-01
1.828346962408335802e-02
1.436420240882995206e-02
4.152996407128325268e-02
3.809282996877446648e-01
5.784984188671680669e-03
4.753262025899748777e-02
1.424024990610344484e-03
3.318815626113715694e-02
2.823735392499439160e-03
5.343085390943276558e-02
2.515759704060810745e-03
7.184765628245678992e-02
9.540715067366424898e-03
4.295554668725608261e-02
3.636515569089197181e-02
1.364312177312080460e-02
7.743147233918304950e-01
1.739502623936323711e-01
1.494563538847415995e-01
3.269694120935009475e-03
9.845827256111886611e-03
7.989632167813380814e-01
1.353060342467181099e-01
1.472231681672547532e-01
2.898916082037866163e-03
2.252633842100065509e-01
1.990301611668689880e-02
4.345934822716446960e-02
3.348710482152350010e-01
4.217234939857357201e-01
4.896032713394115297e-03
6.641649989685175295e-03
6.712749636626176575e-02
1.403265110512891614e-02
5.911270095252951773e-02
2.152905334300821982e-01
1.644141827283567281e-01
8.794232627091667573e-03
8.972939836959625826e-02
3.114563327166153858e-03
4.211552989520771506e-01
1.125972297251103676e-01
1.303961240012445344e-01
3.272647325454795982e-03
1.575896726972528597e-02
3.283725256595670244e-02
1.649693973331277652e-01
2.427874746684420548e-01
4.652951772837162631e-02
3.165275800909375659e-03
9.693102400031235188e-02
3.234711170803893521e-03
1.388475523861078774e-02
1.044125458010549193e-02
4.110878132081723368e-01
2.086919343060460522e-02
6.440780806843657974e-03
1.084182176483212273e-02
3.154177049363428992e-02
6.182880395851247934e-02
1.672182490845486313e-01
4.831431885684730164e-03
6.151536523115051780e-02
7.007273810508729550e-02
1.844758249680686704e-02
4.241197632645764271e-03
1.971592162867517092e-03
1.465731217406752822e-02
2.030771694929695698e-02
6.854061079233884912e-03
7.799927210535365085e-02
2.580210786610714815e-03
3.123079092671008153e-02
3.572664027505454559e-02
3.504779076969563589e-02
6.838133609011752545e-02
7.561852917795751708e-03
2.040031044250418396e-02
6.867583214118273827e-02
3.219167057786861009e-03
4.805244595650660228e-02
1.109188164091434309e-01
3.130197425945066558e-02
2.260074401955432851e-03
1.580604750028276329e-02
1.788897194822369405e-02
7.291426711103214664e-02
2.645911076616628416e-02
9.119810916478107710e-02
6.456401692291899655e-03
3.748919642049369696e-03
1.648909730117568626e-02
1.650105598922968209e-01
2.472935789090610972e-02
2.780797789011665522e+00
1.345432257247468344e-01
2.963682525485338004e-02
9.254554410400897199e-03
1.097571224662201653e-02
1.727903458434683348e-01
2.538353399433738167e-01
3.555313596746519367e-01
2.634297059394243717e-02
5.967063912661537371e-03
4.434338895468432212e-02
6.236894329102651152e-02
2.722173345808324291e-03
1.437364340929804529e-02
1.924066764915471628e-01
1.962292952998889381e-02
1.515178338100639120e-03
4.334751741046655171e-02
1.840907014526613769e-03
2.276479381508966504e-01
1.232453210430787538e-01
2.482187145429095437e-02
4.069626990359918040e-01
1.182813844951094845e-01
7.875451759651637060e-03
1.540061270939887261e-01
3.037378547570205190e-03
3.409487582907560349e-02
1.125599365163609290e-02
3.347490952353254778e-02
1.175903207130115508e-02
2.168302948867715796e-01
1.086978380617157763e-01
8.586232592944640502e-03
2.834467759444788196e-02
1.382877480872894693e-02
8.259218775859553108e-02
1.459022367561702699e-02
2.493915068138847779e-01
7.677337536984845702e-03
2.983735737401697202e-02
5.452901256624002012e-03
3.677443917273709971e-03
1.666876093185083729e-01
6.810478077947781060e-03
8.206932811460405930e-02
4.326005134750571940e-02
1.482894580099708426e-01
6.980079269432325206e-02
2.408277335696699939e-03
6.874003594116846055e-03
5.027768300423957060e-01
4.831940807797883292e-02
5.976524087728755236e-02
1.428813678045206259e-01
3.133515665599626715e-02
2.230307176057908791e-01
1.011396975146448135e-02
3.499532485171316654e-02
4.754889579717983678e-03
1.648573280608872258e-03
3.467513684953627690e-02
4.148255355785892551e-01
4.249329930182846327e-02
1.634016380728373768e-02
1.692645947307867549e-01
1.693994728849404323e-03
8.470045191433971110e-02
9.929146051536150153e-03
4.025178258859354874e-02
1.054255843500928255e-02
4.052281187244175659e-02
1.783255021838131282e-01
6.577683411504629818e-02
6.262909265522014629e-03
2.685166431168594658e-01
1.393132924467903322e-03
4.964540615536539025e-01
1.602703837917139607e-01
1.096352156816673279e-01
2.369088288995681996e-02
2.653477217846771097e-02
3.577767535809209254e-02
7.143713228352693845e-02
2.008854740934352089e-03
5.960519987300500963e-03
2.605121113781082385e-03
9.702585888005089282e-03
2.397113716385609883e-01
2.673560236604148946e-02
5.057074580283504178e-02
1.903989290252407901e-02
1.141599576146392486e-02
1.528989297792137519e-02
3.920419807597264050e-02
2.668062399793078715e-02
4.391032863103034450e-02
5.553625642414505154e-02
2.821821683049665144e-02
1.314535073826746808e-02
2.229298675811897112e-02
1.494673122581962645e-02
1.776168653648130813e-01
2.157519275579673074e-02
1.417502231357225806e-01
2.189266358201302862e-03
1.229503397175748733e-02
5.487099068675374038e-03
2.994152648334715699e-03
3.316989519178313844e-03
1.834956380441635010e-03
2.685774600837425100e-03
2.334867273053128911e-02
9.074276182027729565e-02
1.276227112828135987e-02
1.356270983149124310e-02
2.563813978388402703e-03
1.282582000340525274e-01
1.636475314169913257e-03
1.223044459378210685e-01
5.498093519525604732e-03
5.685902519648525222e-02
2.421735299266512542e-01
2.190500900951224128e-01
2.011378177072679352e-01
1.886966362638221040e-01
3.699239992951698641e-02
4.187301596493523959e-01
1.901859939122384560e-02
5.133343043660025529e-03
3.294677204523739633e-02
5.807631077084196396e-03
6.492808738434742155e-01
1.293175488476388385e-02
4.710197964410239163e-02
4.882221290928140389e-01
9.559380014320911778e-03
4.478878376276545503e-01
4.574605543692168708e-02
4.810498043103960120e-01
4.772194971066164026e-02
7.445774138023499022e-02
7.238444349342659095e-03
8.478195551913268735e-02
9.406429332347454250e-03
9.364563604185804913e-03
2.052568804509847383e-02
2.558888963198830899e-02
7.203812795143685332e-02
6.663778054718967614e-02
1.463984337841373884e-01
1.474381519180702552e-02
7.167979469674126691e-02
1.491820631366307381e-01
7.973033834977641954e-01
1.388673628781392111e+00
7.124253256663675149e-01
1.731812918885838187e-02
1.141424237554901355e-02
3.520954123417717185e-01
1.121142851454906206e-02
9.861528225274224235e-03
1.986030919327547509e-02
5.831789306721548750e-03
1.234548021898868031e-02
1.064682939708930069e-02
2.289680462160940955e-02
1.857241717535488834e-01
8.679986942978612507e-03
1.514467625054346234e-01
5.462881216268621054e-02
2.967783766946437835e-02
2.722827268424230299e-02
1.397003237066780368e-01
4.566942327482131914e-01
2.393528281519127082e-02
5.213842138437851936e-01
3.648495635055455655e-02
6.606825853380528246e-02
2.065375449704709085e-02
2.890499953825990953e-02
1.176277152396022589e-02
2.847299586030034232e-02
4.615137784952761703e-03
6.703531393529238436e-02
8.403233396473450828e-03
2.430248457082097996e-02
1.740270531185993466e-02
7.293860930756307370e-02
4.765475924287819742e-01
8.931375623077920933e-03
7.395948238082499307e-03
6.552219638237346405e-03
6.757957356454786790e-01
1.501694972308206116e-02
2.036343429622673035e-02
8.173692477781127619e-02
1.217456676214050647e-02
6.681639606099622382e-03
2.122117958303362112e-02
6.559385536219598280e-03
6.201873726359352981e-03
4.204069349438559200e-03
9.514786404635839495e-03
6.231527758419107624e-03
3.232800518162311926e-02
1.898022473297565496e-03
1.576271638223855909e-01
4.047695017540625662e-03
5.594832182616678827e-03
1.019080513625799878e+00
7.221345151414149122e-01
1.794055537886032545e-02
3.388697864409116745e-02
5.845933273119007650e-03
1.663357635757158004e+00
1.914587605045893134e-02
7.542716016785289829e-03
1.528422586137379545e-02
2.003344467229184467e-02
8.214410997808499135e-03
5.971449757684242632e-02
9.116405227495065489e-02
6.865725205794576125e-02
2.341427241739435505e-01
3.415198670754372983e-03
7.087118642642777425e-03
3.860608906317989503e-02
3.652587801529622036e-02
5.517520552002430634e-01
1.027885475316573163e-02
7.421048810362029791e-02
5.985174958282293151e-02
1.894538841488896397e-02
3.103900466569266270e-02
6.418308449190558429e-01
1.101524152516824423e-02
9.057917753070252043e-02
2.528946929593033355e-01
4.605341012733063510e-02
5.706751447335671745e-01
7.824232296090636793e-03
2.989893765895992178e-02
1.693516477993330452e-02
6.565647837186954286e-03
1.091417001214802229e-01
1.685656013192893543e-01
2.206615214279464277e-03
5.081260320916915207e-02
6.156253188021522382e-03
1.319096708880853133e-02
1.561148141094301223e-03
6.901057143909730685e-02
1.193040157250188082e-01
1.052803244324755361e-01
6.031313456976784143e-02
2.787765299798470320e-01
1.268844553056371893e-01
5.445379795319650329e-01
6.362414898659027873e-01
3.201422538256116362e-02
1.534739628630414458e-03
1.224179965821397958e-01
1.415408020501434478e-03
5.063384573255929472e-03
2.011683924683191904e-01
1.382872955321721824e-02
1.944982331413631360e-01
4.505390923017642962e-03
2.157929452046487145e-02
1.751671193218504174e-02
7.223116754626053571e-02
1.362679886622970349e+00
9.670807891389303357e-02
8.290119859627095508e-03
3.154143932712100574e-03
6.453682875747128733e-01
1.145548523591617858e-02
1.292264662619636677e-02
3.130761578033552147e-03
5.049663123028988281e-03
1.128076059180235097e-02
1.234443007235992186e-02
6.406407881019275143e-03
8.192698194170242032e-02
7.050801555492083317e-01
1.016259083479427172e-01
1.965931888656249904e-02
8.826822889245277901e-03
4.992417079098520477e-02
3.346466492882219784e-02
8.439242216184585088e-02
4.733898172305036067e-01
3.599970295827598782e-02
4.395700102556082678e-02
4.671311129526782568e-03
5.613832171841880159e-03
1.633755968829133862e-03
1.154004200990125031e-02
5.614845536756638521e-03
9.771059711608010012e-02
1.511385617030932280e-03
4.286407430896571613e-02
1.138743424463552895e-02
5.878494757803859327e-03
1.185520658745641831e-01
1.338989918248125605e-02
1.060708563940934296e-01
6.055103636084679247e-02
1.371094922656691251e-01
5.564207429909336262e-03
2.572636271834554123e-01
3.382730113067012462e-02
7.046418579633318378e-03
9.962230350251222166e-02
2.254254204246065180e-02
6.428297404563437789e-03
1.005961933837069777e+00
2.696047082022414165e-01
6.225047900733382891e-03
6.414913421587507825e-02
1.819840296082775866e-01
1.370008211471375123e-02
7.758688876197081599e-03
8.577643107427489894e-03
4.579035286737516940e-03
1.697032484004264846e-02
9.286788610116811227e-02
8.523148125538163034e-02
1.682781678898339836e-02
4.363658195588661012e-03
1.792125595478127539e-02
3.186655656494957051e-02
4.671110914086266663e-01
4.708127720070241079e-02
1.189407199150073653e-02
5.830897685384802548e-02
4.583702021216071697e-03
1.911991338882515490e-02
1.259950717859744385e-01
1.690588002280319843e-02
5.337992756554291868e-02
4.545681059355727860e-01
2.529464811586220035e-03
4.711087864701719169e-03
7.181354741370094691e-03
1.433261921337672384e-01
2.139066755073740916e-02
1.295602259653495444e-02
2.387507595462189623e-03
2.028526057082163658e-01
1.491347836892795847e-02
3.790266801771356806e-03
2.093927174607847219e-02
2.604244288274378677e-03
2.464367765817748052e-02
1.360632497676128594e-01
4.138351966376299651e-02
2.520551333711127957e-03
2.548744162274796388e-02
1.169610765300587163e-01
8.014821977158159694e-02
6.430166659995498191e-02
6.188776041838680436e-02
6.146238506041480643e-02
3.079056757763466712e-03
3.267956056542068444e-01
9.609656638455572886e-02
1.315959663814231760e-02
3.777943111131557563e-01
9.304552937246825944e-03
2.671956891928041131e-02
7.614751551795547954e-03
7.522089707606890996e-02
7.681341799419833666e-03
1.118276598830659080e-01
1.509502255253730996e-01
4.274166174035490262e-03
2.063688412626359797e-02
1.251551619787747704e-01
2.166917536694032941e-03
2.660457628752582737e-03
8.583566511213825551e-03
4.683916129398290468e-03
1.935173014947805898e-03
9.324648473161795126e-02
1.704468544292600529e-02
9.783705746010808862e-03
1.367872731435204881e-01
1.284007673298316332e-01
1.910394982789733187e-01
3.071884298264969046e-02
2.613575297704432560e-02
5.179617894622111363e-02
3.690798984443889163e-03
4.621177392742706162e-03
4.652685307857946755e-03
1.705347310573375897e-03
1.446642740235163815e+00
8.125618816381630083e-02
8.792913325489726262e-02
2.986872082129163330e-02
4.152368682201271199e-02
3.587936941703521732e-01
3.870114507762779238e-02
4.379414067264338940e-03
1.516896328658861801e-02
1.504565395309656259e-02
9.345304380003950639e-02
5.194082719117542463e-02
1.357671190005860402e-02
6.186358028039860152e-02
1.612077630407315443e+00
3.109441698225416384e-01
1.301980064856058661e-01
3.812787032215499833e-02
2.214152317073773968e-02
6.322468722353582482e-01
3.322384760839874190e-02
7.831239668113706975e-02
3.823308051765029417e-03
3.509558908076448880e-02
1.213233798198752877e-01
2.039953371386262967e-02
3.307624063999680536e-02
2.794157235897380409e-01
1.954451085387543322e-02
1.348417481032926912e-01
5.805087987026217276e-03
3.184790412755324554e-03
2.043212660721429458e-02
4.612816533796560425e-01
1.683696946664994809e-02
2.883534317816211379e-03
1.891846427816652092e-03
1.658641942526897003e-03
6.602151445451268433e-03
4.366203567630660975e-02
1.767035420247694069e-02
5.835851635054197656e-02
4.293627308571046700e-03
3.580549894392081461e-02
2.869547138602894509e-02
2.480638457521028642e-02
1.606542105421995825e-02
3.681436147595968517e-02
2.208563324452019958e-02
4.192999618650589122e-02
6.058876679526549111e-03
8.129416302803992023e-02
3.330208369201051975e-03
3.339781353109651327e-03
5.614461481455647329e-03
1.170652239766898327e-02
1.458714718353867068e-01
2.264404742898576683e-01
2.523353466524997923e-01
4.110987751947665914e-02
3.097101521024844817e-01
1.258592298153264621e-02
1.331556576133245857e-02
9.129861310820157339e-02
1.824308699816660009e-02
2.158191897780495708e-02
9.956876586217308644e-02
1.272698538388808309e+00
2.878564063140478524e-01
3.602624367915300673e-03
4.565865782518795102e-02
1.301627109021268602e-01
1.199679390442854043e-01
1.769478249703975922e-02
3.483809072533301018e-03
9.252338828194415221e-01
7.476314678360691801e-02
3.362525280764832453e-02
7.704585059939508124e-03
9.000481510887231584e-02
1.671738477880680557e-02
7.178301469763919383e-03
4.562035579738409896e-01
9.091796474025554131e-03
3.067707735371416264e-02
1.999784506270496642e-02
3.675018860365085460e-02
6.351215488895306516e-02
1.516358409359682899e-02
5.681308733752975237e-02
1.237685275864318091e-01
1.190515237615303798e-02
1.272385561917979413e-01
1.036380356434205008e-02
2.231696284333003696e-02
2.496229766340608575e-03
2.326636231480102863e-03
2.715636593823572351e-02
1.591802739880487190e-03
6.677566639933709552e-03
1.047950797027125472e-02
1.617326838611517128e-03
1.936293862194526580e-02
4.301064181437393996e-01
7.260715767643580176e-02
1.911510487629848598e-02
5.450972924602188324e-03
4.282781061858052796e-02
1.870915015109641810e-01
3.732737969227541835e-02
5.602426441623492744e-03
8.989818846073149156e-03
4.878884658400847729e-02
2.340203830484957961e-02
3.984707749192752634e-03
1.107185361325694117e+00
9.514207230384992553e-03
1.003575903433300137e-01
1.013685785721637478e+00
2.490745299183248773e-02
1.518144201582322939e-01
7.398314789612451398e-03
1.489592985900444644e+00
9.150244942739397050e-03
8.946181231973990289e-02
7.478522300336469530e-02
1.419104356023376950e-02
3.258062312203471173e-02
9.008812605791037542e-02
1.800145065382683165e-03
5.663762826747964496e-02
6.406977269224223108e-03
3.408766594308999288e-03
3.824360409110252879e-02
1.998417590353329665e-02
9.674763351333295902e-02
4.489702351460785751e-02
1.564981653269051087e-01
3.341224753542951786e-01
1.013954795158114319e-01
3.597922055801818647e-02
1.796588391127567907e-01
4.150788173845263995e-01
5.818154844895167578e-03
2.845984769616936340e-03
4.796745836381883718e-03
2.139947317015496002e-03
5.586032620148520533e-02
1.423739391783398200e-01
4.355322453354545757e-03
1.936042366652896696e-01
4.673963685525477259e-03
1.374094567507893327e-01
1.635173688794808067e+00
3.484006656932110008e-02
5.128927948994620872e-02
1.114873616802996084e-02
1.610028797954563863e-03
2.132030358298072359e-01
3.035457114582577540e-02
6.416313203074168747e-01
2.838039387866102270e-02
2.109840813489298125e-02
1.598243502285973117e-02
5.359752523901089027e-01
9.859862002165256309e-03
6.999649240754213242e-01
8.765295954309783311e-02
1.366135642153519687e-02
1.032644945069976020e-02
3.364046834113293069e-03
5.977539563983860077e-03
1.425311405936380976e-02
4.447476462400465694e-03
6.874198655538228502e-03
3.840820593945521669e-03
7.224841627922182763e-01
2.362289510462652758e-02
5.125788754506750526e-03
9.915091761829775488e-03
4.779091587581676959e-02
7.049829406130920205e-03
2.087839336225108273e-03
1.861572454712080195e-03
1.807342218345511786e-02
2.175558689543676330e-02
1.785996956398678281e-01
1.006453598699376256e-01
3.160482089712533804e-02
1.284126208016460151e-02
5.242883256292282107e-02
1.712303594033848936e-02
8.794608300064696293e-02
1.561900941144441814e-02
1.456822837152075721e-03
3.797122482757016651e-03
1.249990172573880488e-02
5.418870919840873719e-03
2.190762344617848065e-02
2.383539089966253688e-02
3.047648414304359732e-01
3.881905428567742657e-03
3.719293668799598940e-02
3.766647655504609116e-01
3.051013822244060154e-03
2.348901814459956536e-02
1.704471813920997031e-02
5.215087473057710560e-02
8.441924006203421760e-02
3.412049558410955395e-03
6.620676808201965413e-02
2.851082127556937851e-02
4.284071376195072028e-02
3.537069189627582988e-01
1.099476732426336173e-02
1.742705038425324537e-01
3.744834165693648742e-02
1.448827131249343037e+00
1.458806732868213156e-03
3.130227263709723373e-01
2.512715501400857379e-02
5.370357242238741474e-02
1.542515109758603453e-02
4.544407534859614371e-03
3.465670392884855761e-02
1.920413556608821255e-03
3.172787509865965250e-03
1.705682284412440852e-02
9.282644669783761057e-03
1.362607800468112196e-01
3.134638200906074146e-01
3.344397738375453483e-02
5.251118964211939216e-02
3.939971497738385953e-01
9.611272263721248529e-03
4.454009793111242121e-01
5.390395958235278534e-03
1.549710394218997978e-01
5.181860380369043492e-03
1.486979203420231085e-02
1.628574956740057311e-02
5.543312645204364481e-02
6.790846953320445710e-03
2.550651948787965861e-02
4.531929896173149397e-02
4.095143426568634455e-03
6.853006648746793293e-03
2.493343378810122801e-01
3.015432296515224448e-03
1.027731270924272036e-02
9.463348479000746605e-02
3.766193668057215161e-03
7.365832305893400128e-03
2.091071395378732434e-01
8.056352102499617432e-03
1.965194171748856425e-03
2.511533685509564212e-02
8.184522295589205521e-02
7.039955087603279316e-02
6.643794231293546557e-03
3.325449088233396744e-02
1.150482845688464290e-02
3.658074573612875302e-02
2.351728502971020887e-02
7.389779116760956945e-02
5.527461353884734023e-03
1.638477043311218351e-01
3.761453608572395968e-02
2.192521375048551990e-01
9.890138968036369382e-01
8.807095489156932869e-03
2.416262747709662095e-01
4.093660834538956905e+00
1.103467920747955994e-02
4.952217007307834623e-02
4.839340766284400651e-03
3.123926629626436538e-02
2.050117175534940939e-01
2.348218202797580992e-02
2.128290642111414221e-01
1.159897471750101147e-02
1.259656477592366319e-02
2.090145561977037672e-03
4.914847231978551785e-03
1.170269689738895336e-01
2.288550020963366627e-01
7.697502850799698218e-03
9.992531031743941486e-03
5.910517338409239096e-01
2.110437429772211645e-02
2.678421718245790339e-01
8.347078962419691647e-03
9.334506570670657311e-02
3.382377365008958775e-02
2.621227840176431484e-02
2.860641427129929915e-02
1.427658645911363683e-02
2.271169124492006919e+00
3.028026661093222334e-03
9.581677237850262652e-02
8.106342064653630775e-02
7.378818528914184161e-02
6.697256149052836782e-02
7.717768524956689080e-02
2.637192747604311799e-02
5.666915621018003835e-02
3.187197412731353121e-03
7.082685644740566167e-02
6.973077717275232533e-03
9.566157395758631554e-02
3.365368378453784809e-02
5.230780745313405589e-03
3.958764945645899536e-01
4.288984536766944633e-02
2.898558220411263323e-03
3.363161146320687439e-02
2.269591698899338025e-02
1.172826836913264809e-01
4.624022820205205171e-03
4.702413546821133938e-02
5.999084098199662929e-01
2.695833063569227570e-02
4.046796417980155769e-02
1.098316830640840534e-02
5.081248732573624416e-01
5.315585440143013457e-03
2.495993112732135429e-03
7.892372384734792634e-01
5.936198309605070049e-03
9.350566798601937443e-03
3.950508013985671446e-02
5.631149120743647596e-02
2.535008383743305588e-02
5.417306311450821935e-03
6.406119053552031262e-02
2.649925735944685858e-03
3.957074844758503261e-03
7.908036555678955581e-01
4.514438931963981640e-03
5.552159291668396120e-03
2.601177089151975874e-01
2.307770496478033645e-02
7.645900648157444301e-02
1.412618478127804049e-02
1.061001996535479441e-02
2.023061374006807078e-01
8.124264166140039711e-02
9.579880796332559956e-02
7.199445141488131084e-02
7.318297098361116644e-03
1.442302958007904423e-02
2.970211492208379295e-02
4.865186812667128546e-02
7.399761429452358930e-02
3.404127556663804066e-01
2.696969525989590527e-02
1.143260296202297105e-01
1.144530370397355695e-01
4.124535572273810985e-02
7.226109284571248167e-03
1.216167635155128088e-02
2.079638465963570826e-02
2.096226707206279294e-02
8.811678440597286999e-01
6.091197048784958296e-03
2.882315056935354503e-01
3.221441401974061564e-02
2.423866784354188064e-02
4.536295102313093845e-03
5.782449073617246249e-02
2.922981678614484657e+00
2.232801572283403535e-02
7.545112918529058021e-02
5.678398923448605556e-02
4.972704421538052810e-01
9.627406676366738469e-03
2.486469022895012107e-02
6.581494023223960488e-02
1.046306062940410841e-02
1.002608605634658367e-02
1.062375965109236230e-02
5.367720598411042376e-03
5.410292985631511876e-03
2.384295218579141895e-01
3.084596706106016578e-02
5.472125243539802467e-03
1.037075755481753174e-02
1.921106547845212106e-02
4.564864465670750299e-03
5.264152654910853220e-03
9.343412749158418185e-03
7.136161163605901636e-02
1.358865063587737787e-01
1.550714263636384337e-02
1.022496856859382922e-02
2.536791045280245571e-02
4.629939297693422967e-02
1.071236865290844421e-02
5.147467849969464826e-01
4.474896086208283476e-03
4.558045056712652088e-03
2.847034601843699900e-02
1.123665464951712351e-01
9.991939951202828338e-03
1.063804341107829343e-01
1.458466925452392600e-02
2.062434956557185894e-01
3.517010020573834404e-03
4.152899666986971383e-02
2.296218304770635855e-03
1.811568216746847065e-02
1.012169248164520793e-02
1.008965315952767006e-01
4.023061980308991620e-02
3.535532085196126800e-02
2.771335637077246977e-02
3.575959560536896061e-03
9.400507927166080677e-03
1.094433036219971678e-02
4.927608492259021727e-03
3.843759130587925399e-01
7.667052875130518641e-02
3.482974766843623948e-01
4.236702221704505972e-02
4.055537106548186277e-02
8.297963424556376380e-03
2.508050687574370219e-03
2.237722214489029360e-01
1.855721863436155666e-02
8.334953332250556735e-02
6.657990275745628503e-03
5.818508751484150962e-03
6.129167888674715708e-02
1.566310087181045294e-02
4.881683572090945999e-02
6.100932071646583688e-02
1.116199928983564738e-02
5.369596193360717112e-02
2.537970991589334150e-03
2.954558936746203533e-03
9.903067183184841027e-02
9.610261526243348007e-02
1.915980204467067913e-03
7.693334412533792133e-02
8.975564632754610972e-02
7.614063311149721347e-03
2.290985019612764018e-01
6.538215955497857917e-03
2.800256077782123931e-01
5.306227259329687751e-02
2.232220286084040661e-01
1.572288725461033721e-03
5.455905342160500930e-03
5.985485374595208609e-03
2.205057200639874704e-02
1.173459703243404512e-01
3.384780873469567242e-02
6.910141059380373041e-02
8.579466652159936299e-03
5.110195149365347467e-01
8.338055050224517720e-03
9.233428932869760727e-03
8.810384552842304151e-02
3.240815597599203124e-02
5.464231454199070664e-02
1.681610884003561721e-02
1.560539522397739153e-02
2.451517697212718828e-03
3.213393139454186892e-02
5.196606719341841096e-02
2.922753958053170373e-03
5.042546864408739213e-03
2.147683246593326892e-02
9.365149300357722764e-03
1.804426396112859474e-02
4.633555564195578069e-02
1.821849351238228124e-02
5.526837019502945925e-01
3.187483292194370765e-03
1.712298317105511889e-03
1.479510550299555126e-03
4.393561793926140102e-02
9.245752208324053978e-02
2.567210693814409375e-02
4.190094576294460180e-03
4.878938204355116881e-02
2.261948514026355939e-03
5.244231470373924425e-02
4.329855158715482655e-01
4.081844963327848491e-02
4.429657418334716906e-02
1.661874050287917570e-01
4.224518415679597710e-02
1.433853219064113935e-02
5.913702155524377946e-02
2.276306466937492654e-03
1.970134052846137310e-02
9.852339464580481612e-03
8.870673150140973018e-02
1.064783118946533991e-01
2.372255119837248395e-03
1.212662883818876602e-01
1.793337124925549475e-02
5.630901705611848079e-02
1.190339512344811140e-01
1.623618106102651905e-03
8.535665031342079545e-02
9.740167315162763170e-03
3.030849748971136542e-02
5.676531548025119667e-02
5.052054357236668292e-02
1.556741258174063232e-03
2.510131053555312436e-02
9.328380904605708748e-03
7.712847657410921987e-02
3.350874867014987102e-02
1.199097509371112834e-02
3.907219220832890139e-03
1.046309414656540308e-02
2.921713199788450455e-02
9.134330499246296614e-03
1.069067902341372042e-02
2.681356268628397321e-02
1.252095265825746984e-01
6.339036756553442439e-03
4.757029902591359584e-03
3.394360259103418875e-01
1.071669124409914235e-02
1.745437150489553184e-03
1.801378385377304728e-02
1.894896732227420166e-01
1.782431348686421696e-02
4.839898905583861835e-03
1.814577187340475350e-01
7.901326217689836826e-03
5.141747784410074379e-02
2.899098487322449014e-01
1.559523329353419349e-02
1.064428219853302826e-02
6.680535765761616042e-03
6.271555339445292199e-02
2.478853505377784025e-02
2.055278442691712282e-01
2.948493079028316130e-02
1.365906300175139844e-02
5.336596213347548703e-03
3.178288481291327572e-02
4.151212141107325504e-01
2.165575380181401777e-02
5.274913831475721571e-01
4.303583639655734344e-02
5.832681811942506435e-03
7.323788807806277945e-02
7.199497548969821005e-03
7.768088235692485743e-02
3.942223791935819781e-03
5.722172488921228872e-01
1.005048246352800191e-02
1.139061708856610629e-02
1.565147965610493366e-02
3.112365664629444546e-03
1.750022830831780493e-03
2.122177226716018966e-02
2.718648921112239436e-01
3.210242554729486174e-03
1.648231011990293204e-01
5.248175753743490254e-03
8.726467921567682140e-02
2.227591463271927710e-02
1.241467457078377842e-02
5.358873218634549462e-02
7.800037757859450138e-02
2.932085813146304565e-01
1.180344826777957185e-01
1.351546373815062096e-01
1.485903906248575157e-01
3.613598248679997238e-02
1.408570464818587314e-03
1.522939042476144714e-02
8.786389859715965436e-03
9.964201249491310211e-03
2.404220292031927220e-01
1.321856657421738301e-01
1.000195383189589782e+00
1.858168453817410706e-02
3.296770913866071441e-03
2.843021691756948965e-01
2.722957327205728986e-02
3.806717424779421793e-02
2.590596168799172080e-02
2.028548876392674907e-02
8.356482966760901687e-02
3.235764570262644052e-02
3.850884011141017527e-02
4.835751709222346068e-02
4.536823506305306432e-03
1.088221338618105237e-02
1.241580065315236736e-01
1.024344890697944169e-02
9.055646656022670049e-02
7.039290871065306820e-02
1.935376172387661686e-01
4.110239110302376514e-02
6.758987688572970498e-02
2.138053134657318111e-02
2.039051234195326245e-01
3.309890503054877531e-01
6.348012033227451271e-03
1.091854783308927601e-01
4.721661406965276253e-01
1.210206677521137586e-01
9.524502394700343211e-02
1.596507994767751640e-02
2.453162403864539778e-02
1.341584490411189441e-02
3.631894205894474204e-01
6.639325006411157803e-02
5.186645645371997793e-01
1.158750236214169116e-01
6.041775698966876662e-03
4.539871677147416275e-03
1.854566301964266509e-03
3.675984302407739324e-02
4.167029548412840012e-02
9.084167278982838156e-02
1.078014211224881912e-02
5.507168794047292114e-03
1.864630632977997424e-03
7.851139581507408927e-02
5.387799853532951322e-02
3.887622545874467022e-03
3.646412822083761746e-02
2.686137785557770816e-02
1.424091320920567103e-02
8.193608102463639797e-03
6.860781148335849677e-02
4.826363565524119034e-03
5.835742345740063675e-01
2.693257841012018303e-02
1.859789006355852883e-02
2.214552949257687225e-02
3.150353505590092196e-03
1.953810710153370059e-02
9.293384652268633916e-02
4.263240876770102439e-02
4.482566885509279425e-02
4.077117138368294147e-02
1.399656610157228587e-01
4.734241442766785185e-03
6.798142273402889291e-02
2.744311187700488111e-02
2.143000078659756252e-02
1.906466537372588366e-01
6.588018248671365790e-03
7.876954328175718445e-02
1.912137188730412413e-02
4.607262143469785520e-03
7.842706467818196803e-01
3.831866865535955846e-02
4.914860761585169296e-02
2.259524755806320562e-01
6.921413901739815154e-03
7.962237119469134719e-03
1.556453055572040445e-01
9.085919563382590172e-03
6.236710026585424310e-02
5.681899470381310095e-03
4.886613948754786260e-03
1.588154106743975679e-03
4.860569376709164557e-02
1.453701736526945981e-02
1.827560111360816419e+00
2.846521340509258202e-01
2.232202353682091831e-03
2.891888712201014320e-03
4.205308689967160278e-03
1.130509811570837991e-02
6.491457983440984680e-02
1.801713149480211988e-03
6.545812570709030886e-02
9.321856587569600505e-03
1.629789225678428544e-01
8.261129330299306003e-03
7.124751311986848856e-01
2.637940275061680540e-03
6.418576892469810002e-02
1.192647355074877118e-02
2.876363161045563555e+00
6.000627138876591521e-02
1.418391933068536073e-02
4.738787702086160424e-03
5.336779731561065027e-02
2.232712803441879845e-03
3.597588541654852395e-02
2.119456995863877070e-03
5.953791517674186101e-02
3.650320598370431630e-02
3.906333443308360187e-02
8.060921096075828254e-03
9.817321419578100006e-01
3.209407713373640166e-03
8.006301600258210194e-02
3.490581034333359919e-03
8.048920445932920137e-03
1.691341757094016185e-01
4.617935683150908334e-03
6.927022472421065502e-03
1.705232156006954505e-02
2.161970316445093188e-01
1.995532404970277451e-01
2.691907477403953503e-03
7.813889264403908741e-02
6.776536784579290096e-02
2.788894538938052267e-02
1.245923397525907673e-02
3.959515056842527470e-02
3.238368705588148821e-02
9.344279917187071904e-02
7.885778771293984468e-02
1.565277773408182624e-02
3.939676666751208978e-01
5.343923203742361946e-03
5.581560586857535824e-03
1.272337157788105098e-02
2.630512814179674849e-02
1.005360568308380151e-02
1.816622400680901195e-01
1.610736105091717385e-02
5.492557129189352960e-02
3.500027007478211161e+00
8.997147025321823310e-01
3.276217021061771817e+00
1.823123148895227155e-03
1.570534639241150554e+00
6.921206269868030760e-03
3.232573087255109084e-02
5.047024823841829433e-02
4.125530051735263291e-03
1.144558216909462856e-01
3.165423269824529928e-01
8.849727375754293801e-01
4.799820939934761749e-02
2.605896792636929957e-03
5.788027680695759583e-03
6.650213067061026828e-02
2.779332889539127063e-02
4.185733575566895626e-01
1.838849024371552385e-02
4.532835498144187347e-02
1.007491838044778480e-02
6.112454484142874900e-03
1.941865804564020803e-01
8.605664333889085499e-03
6.510749034891051557e-02
7.755526059180234411e-02
8.166407040439931098e-02
6.860196531978379579e-03
2.365833088012183894e-01
3.756501279123740811e-03
8.613850593679298062e-02
2.520804489552198602e-01
1.164565477910787898e-02
2.341337643908230487e-02
2.336295658351599316e-02
1.386777447011096898e-01
2.019061565928864876e+00
1.523608196260431424e-02
1.048115887120771618e-02
4.657085102667329890e-02
1.412242497828402991e-02
4.114056317442609141e-03
3.662279781029802173e-02
8.707856195591955756e-03
4.247666695814709265e-02
4.625001332443447188e-02
1.563442967401145259e-02
6.457792628777323136e-03
2.576394899129704277e-02
5.212699072633059094e-02
6.406826679754824561e-01
1.736372084727285216e-03
2.486830139956159452e-02
1.472124798481270480e-01
1.858679930301552000e-02
1.279859756649864323e-02
5.283614180745403038e-02
6.202647084669784573e-03
3.045234111334365126e-02
4.079574551375355837e-03
3.607275712687330223e-03
2.238722651727621457e-02
1.495392239929584088e-01
1.737938936399536106e-03
1.413638178074744234e-03
1.984356745903347596e-01
1.973247933490404789e-03
2.825258498628036626e-03
1.757649274177902621e-03
4.557884374518980652e-01
1.135353492747497375e-02
4.877805469203705217e-03
1.848061358073973537e-01
2.804286856160498678e-02
1.976392228069026938e-02
1.951338541419731509e+00
3.905635976254365899e-02
4.909290134235467368e-02
2.459539424845332695e-02
3.300930272128708154e-01
4.458170088666249531e-02
6.286894540500828459e-03
4.964278110152738066e-02
1.131963031639176415e-02
2.673617638241084643e-03
3.479318373727591229e-01
2.081777490121415053e-01
1.585766873856362877e-02
8.345884416457624924e-03
4.079995515633547815e-02
3.050357623521357010e-03
1.118109268707827286e-02
3.075451345240050594e-01
1.273536921051388222e-02
2.030295213791329934e-01
1.600121269831060511e+00
4.236604471917325421e-02
2.211868386576149731e-02
4.325546381637295108e-03
1.279061513920875387e-02
4.018238079849083960e-02
1.300336107237893939e-02
2.013357644642273930e-02
1.477779405744530095e-01
2.819509252397765786e-02
8.084840888187511121e-01
1.733128846146695171e-02
1.259886415398861134e-02
3.014049049547551928e-01
2.632008672145710534e-02
4.220381271409783669e-02
9.670365072309576870e-01
1.377047542997040519e-01
5.531758428490223672e-03
4.096268599902056114e-03
3.979958932692227030e-02
2.901153938414739730e-02
2.062694553708847855e-02
1.041598229429090486e-02
6.254639062054915231e-03
6.619249022102112467e-02
5.782705383862195292e-02
8.986576956307350261e-02
6.226822902130538240e-02
4.163625967240285053e-02
6.798900536095453528e-02
3.537646974492615337e-01
1.322350791459951491e+00
1.747801190173549346e-01
1.552037480254448917e-02
2.726303199053419814e-03
1.221787621866273106e-02
3.007881689442725576e-03
1.983546078994675652e-02
1.290035039577234512e-02
1.389692126868587868e-02
1.227961599984830121e+00
3.037550137962155127e-03
4.033400343623849693e-02
8.992321626546696811e-02
1.390998433826837744e-01
5.182016348468122813e-02
1.896976175317241064e-03
1.314248476787721435e-02
1.389732430917715519e-02
3.473404331676661211e-02
1.648953307992908068e-01
4.754989576857234120e-03
1.187457420308928729e-02
2.049413117119768240e-03
2.967372568036963018e-02
2.835072088880524199e-01
2.802670766196546301e-02
9.871375259402345032e-03
5.367042559421231381e-03
2.762822042401169229e-03
6.833033106666987211e-02
3.765177514780571055e-02
1.077893854059357517e-02
2.854683517322783356e-03
6.465687443489405439e-02
1.399386485473383679e-01
5.926699999864944168e-02
6.018326464119199554e-02
1.630876273781385957e-02
8.429395976989073960e-03
1.461780026128937753e-02
2.730889095429271940e-01
3.830196878545936209e-03
4.785025218429245913e-02
8.311075011670237059e-03
7.208193636844668906e-03
6.374514638091109298e+00
7.871260855589699498e-03
1.663023220271282465e-01
2.406246133538765819e-01
9.683171792175017389e-02
1.304301403064065702e-02
1.460516120833785280e-03
1.197620173372873631e-02
9.551844509592641308e-02
7.780650134927683675e-03
2.752716472700454664e-02
4.266036658575674857e-03
1.728727050721992967e-02
1.323786560632856379e-01
4.905307096128792670e-03
5.437203411384459173e-01
7.609029674067604998e-02
1.456632530080450294e-01
7.246200274256472951e-02
4.004760338311825173e-03
2.039811612541064800e-02
2.498456174171060848e-03
1.000696075122489370e+00
7.803624866369169855e-01
1.544410291169742155e-01
1.405332997646175641e-01
4.036794657768329186e-03
7.555687982544473033e-03
1.260702936083800060e-02
4.848315297283575104e-03
1.742991200519999201e-02
8.361791935925197081e-03
4.134357455975470191e-02
1.667057547472007017e-01
1.929168379917516486e-03
2.585079962702727541e-03
1.785904945587766524e-01
3.198691302111028936e-03
3.630732012605875775e-02
1.532683129165256361e-03
3.810586615687211205e-03
8.262772139693667084e-01
1.670152835177504463e-03
5.989314531440335931e-02
5.035172111840436303e-03
3.886169567670206410e-02
9.159843066098763420e-02
1.979532006994243719e-03
6.410307175669396340e-01
1.599075723429982951e-03
5.929470383370742670e-02
6.047312085271312580e-03
4.056434121015059339e-03
9.368845165265941854e-02
1.396932186411156962e-01
1.120373669431776464e-01
1.067391908584498436e-02
5.223710839337708522e-01
2.623318803495872098e-02
1.076249544184444164e-02
1.004118501426303350e-01
2.551606890536634586e-01
7.384475214983541105e-03
2.348283926015980096e-03
1.454050977212193174e-01
5.125656002881588680e-02
4.222546624841013729e-01
2.717671366830685109e-01
1.173905449564829118e+00
1.434279952968976844e-03
3.878943162186440207e-03
6.082555209575396526e-02
2.380812658665010934e-03
2.060595868763803740e-02
3.307279179246825924e-03
1.318050638302530574e-02
5.041930954744181653e-02
1.973573218778879729e-02
1.204922303046011695e-01
9.287622217609456388e-02
2.481604636727443441e-03
2.256281384678327395e+00
3.010948024251322921e-02
5.952218844305669915e-02
1.234953087204122661e-02
1.648355047146412081e-02
6.196201496100058742e-02
8.002647996269842551e-03
5.887447547137458770e-02
2.836205897295158290e-02
3.266161780847749441e-01
6.614381322217045486e-03
6.166514186715006396e-01
1.572674161587726740e-03
3.142811545034900900e-01
2.228425931195371704e-03
3.890259087647990333e-02
8.259391253403901290e-02
1.546599039923561569e-02
3.051066415655956376e-01
1.327204802936072237e-01
1.772786673883461339e-01
1.753305581558762746e-02
3.299490908265766131e-02
2.192448029222703737e-02
1.875869505960557973e-02
6.833009918390620108e-02
4.256756540104936204e-02
1.077096040217706205e-02
1.199295673244079458e-02
3.104814423184411136e-03
5.068500108908063906e-02
8.649434587543334413e-03
1.394957542711125209e-01
1.616468006044445627e+00
7.822343625579135373e-02
8.636274543040242321e-03
2.550590105114093620e-02
1.625780492017813925e-02
5.201858128082124944e-02
7.629260192190052969e-02
3.399908387254405723e-02
6.150261043849154959e-03
1.945307382531726026e-02
6.765844553893671405e-03
4.927139971306703121e-03
4.174889235249614194e-01
3.315696526031354785e-01
2.023815146676747473e-02
1.236224934108331314e-02
2.030025834094749404e-01
2.740281227129933144e-03
5.719147369651256252e-02
1.279298015015458978e-01
6.501435429987909020e-02
8.042270160898316173e-03
1.267383883064002181e-01
7.433551147381300787e-03
1.953432419375542711e-02
3.479766770343994953e-01
3.654682219793667017e-03
1.252301242412730831e-01
4.711645259324262133e-03
1.196798684158900845e-02
3.035883193962226993e-03
6.575053836585791067e-03
2.297415223088350791e-02
3.317825047939575861e-03
5.519019779977986720e-03
1.718943443763786272e+00
8.573480285079830565e-02
8.951331283758270918e-02
3.034916446474734963e-02
5.801672060516346180e-02
3.350520897341360566e-03
4.432007096832827307e-03
4.542483580548628205e-03
7.450935639912551443e-03
2.569783780346589497e-01
3.344786343972467896e-03
2.092136226702752139e-03
1.604691887923072194e-03
1.780705969394588695e-02
4.678003664666033345e-02
1.884527366884821975e-01
3.415195055307288906e-03
1.357421196255256986e-02
6.755308090567067880e-02
6.986960877475422160e-01
4.218957308887725383e-02
7.257131069605406506e-03
1.251848638628011989e-01
3.295065513327543466e-03
1.197434998773250492e-01
1.197769545281961001e+00
7.654500475289220153e-03
2.411414605521378790e-02
4.168143069501964448e-02
1.272828608662987526e-01
2.427785205160723058e-03
2.235030285518808946e-01
7.378741994239079380e-03
4.316905341572310588e-03
2.516344493336331478e+00
2.033084276103797050e-02
6.085312542029461952e-03
2.614065071129760987e-03
1.381821129861401237e-02
3.842511638648369449e-02
1.021129321356007702e-01
8.499394412556648959e-01
1.138491940980037587e-01
1.036888460660735298e-02
1.206497657476222202e-02
3.210232120295979791e-02
2.459380745421634040e-02
1.180175506936438461e-02
1.918287742405873700e-02
3.090188021098854917e-02
2.392205827470606991e-02
3.319791893189475568e-02
5.662989038976020545e-03
1.839098694267319034e-01
1.440531885601298301e-02
3.253341805371227080e-01
1.048429723862924073e-01
4.833013125950805788e-01
1.886408041300455252e-02
3.259206843163389711e-02
1.526732985637330349e-02
4.815540575051514144e-02
1.581198205954079117e-02
3.426050971433274722e-02
8.725399757118923461e-02
2.509293664637324631e-02
8.441542592189234945e-03
2.459090870111514237e-03
8.531257913976784957e-02
7.214096501208661083e-02
6.044527657641282636e-03
1.114335642394825854e-02
8.528912015380918366e-03
4.190060599783155225e-03
1.161043994625218373e-01
5.998603802888751065e-03
4.145885131932351524e-03
6.144859674231904767e-02
3.051038313499291471e-02
2.371891568285147342e-03
2.725817654833880832e-01
1.593501853642173647e-03
8.241389906718379205e-03
1.518584488565854172e-02
5.338851725035183987e-02
6.590510269921205123e-03
3.724218864364271190e-03
4.600209755107682874e-02
5.238155757165095794e-03
3.337590376544259663e-02
2.025571179265765187e-01
8.801286536350408363e-02
2.936966881677946506e-02
4.976707866869457819e-02
2.644168014097344477e-01
9.166612810556591662e-03
2.293495438036647904e-01
3.767078831537664773e-03
6.916858675713502547e-02
1.821125519618539690e-02
2.220641949702044631e-03
2.113998997499717467e-02
1.925456122140691007e-01
9.555575387716724878e-02
4.699024384820965454e-03
6.771043844846450638e-03
1.950527623261441449e-03
9.426252910844346022e-02
9.021440043304138415e-03
3.623072914855182246e-03
1.051105300088587408e-02
5.427410736067494849e-03
1.636136979447138928e-01
1.204278716885547225e-02
1.852752139806852771e-02
1.165054149265410191e-02
2.499279392341397302e-03
1.099039215418817599e-02
7.754154026890493212e-02
1.158208642900220020e-02
2.843947884494308492e-02
2.288437891974242147e-02
4.813805532131490428e-01
1.356372016731927088e-01
2.172506799503109813e-03
3.377284414546669750e-02
5.317144756775627618e-03
6.815118627310569055e-01
1.516931480081265375e-02
1.397306173896250073e-02
1.160490089693446969e-01
7.952267369670731889e-02
3.963264174840470222e+00
1.244783711980890217e-01
3.541662254123479486e-02
5.411438236179927364e-03
4.662168549249565835e-02
7.187100614742612803e-02
8.671525465568710733e-02
9.671129310346573624e-03
1.551815040091209311e-02
1.294484305766989592e-02
1.681785235346772434e-01
3.879088461562333334e-01
6.300061360040280778e-02
1.898301190173256048e-01
1.975854633596642040e-01
3.206553690083106117e-02
9.445392873549622592e-02
1.052127015148030496e-02
3.721435976698060904e-03
1.933089495223905274e-02
9.770203585629039233e-02
6.088408642731893416e-02
3.016204299588242169e-02
3.770072244172135156e-01
6.343209451850080616e-02
8.685446458283305748e-01
1.758930054888331596e-01
1.722281649556978156e-01
2.965871438833670923e-03
2.228725963124465401e-02
9.478800183449851563e-03
4.215231092582768513e-01
1.071384120795159517e-02
4.036692008465641912e+00
1.409763394162259764e-02
7.138318086319893341e-02
1.203297009095732201e-01
3.874608255674262015e-03
4.632590369747683484e-02
5.163479594615839885e-02
1.631496589910244209e-03
8.037569675992835283e-02
7.693750743308068810e-03
8.837005919096366791e-01
3.595865395071612750e-03
4.373743418280320872e-01
1.969656924423091593e-01
2.922174055471638346e-02
1.278730964759059938e-02
3.520744396110628283e-01
9.480848446101557137e-02
1.393617614652214176e-01
2.839681462406503168e-02
1.643265732715632399e-03
8.467625833257181461e-03
5.905098109265642659e-03
2.267847686323509748e-01
6.154184739049397244e-03
5.068279101440651552e-02
1.523022517341090371e-02
3.218221904578802417e-02
1.865552957224091146e-02
2.848373547628927499e-02
1.101444249509234835e-02
1.449711163434237553e-02
8.694128731940040100e-02
2.960279594379973747e-03
3.254213077320237610e-03
1.119996410123911407e-02
1.761769537787190310e-01
6.432112792225336273e-02
3.045627400478813709e-02
3.079939353116501605e-02
6.388546411710787146e-03
5.887614431072023258e-02
8.943170106452240364e-02
6.725474542521364153e-03
8.771215934047726925e-02
9.746002080524356417e-03
6.945480691547659680e-01
2.012467273093316786e-02
1.958437257595836700e-02
4.470574923585351156e-03
1.867790590672197271e-01
7.918339129427246631e-03
8.050880557334900711e-01
6.613205403890425917e-03
6.809232909346579071e-03
8.475261039259621154e-03
2.565596209137971113e-03
1.839595397245393990e-02
4.649787841140413935e-02
2.730906528640291916e-02
3.436317484742477946e-02
3.469436687383202766e-01
1.566565974289983558e-03
1.006153514667375293e-02
6.402706201790686613e-02
7.046249298842184594e-02
6.254225842500329979e-02
1.897957983355504086e-02
4.532682553076065185e-02
6.185046585342623970e-02
1.242237839636783636e-01
3.683266781432784076e-02
1.366792561230278924e-02
4.251238148064486952e-03
5.023298156567885218e-03
1.058111690677401295e-01
3.428480872573900773e-01
7.004887146525571318e+00
4.777186576300998522e-02
1.154397917485002444e-02
7.785054687798371731e-01
1.960062692499432713e-02
1.421635822909120384e+00
3.577604107178717491e-02
4.428009453575599934e-03
2.692630469267310450e-02
2.343708349032338090e-03
3.711455628473891988e-01
1.835621604642261734e-02
4.677515365815047843e-02
3.064405542359268653e-01
4.004179494801556050e-02
4.609978392871203479e-01
6.748380568242964839e-02
9.978981326419928896e-03
2.733236658714823138e-03
2.062257413548672647e-01
2.896553710516307743e-03
1.819982198261678799e-02
1.002671245620931462e+00
1.614553783589281260e-03
3.056929835268015674e-03
2.639543063305210303e-03
3.414755191235932519e-01
8.617678459331963234e-03
6.683638679141862098e-03
6.111625005178357613e-03
1.863660990899076442e-01
1.682369644274709919e-01
2.257185866036770603e-03
4.928338488082398272e-03
3.726186679811414187e-02
8.419063134948229221e-02
4.102419425144687194e-03
3.051715386055430246e-01
1.564198663970479908e+00
2.677749908465407516e-02
1.072611367940340052e-02
4.193635969548701985e-03
9.397037341636768626e-02
2.564473842646170301e-02
3.084387182232992478e-02
5.337494168119591952e-03
6.184111255249165329e-02
4.882538647459355036e-02
2.520173568548445334e-02
8.588203321197617202e-01
3.064370034722733657e-03
7.206554639219837910e-02
1.437195060674084368e-01
7.768045075139486944e-01
1.453900897738084116e-03
4.581392661630373855e-03
4.442892314348372285e-01
6.608555573566214821e-03
4.664197723138544666e-02
1.174971688261803801e-02
1.837549154534770567e-03
9.639092871794083250e-03
2.291475676190645946e-02
8.474771360373178908e-01
7.507618917235318878e-02
1.195871001535337708e-01
8.900052986634581220e-01
2.387496159561061648e-02
6.261411491816924746e-02
2.217890246078805475e-03
1.370727357015798405e-02
7.241646767611036387e-03
2.878418442512564041e-02
3.028077363652258505e-02
1.989750824866502177e-01
1.393806985886465455e-01
1.743015608886403986e-02
2.696171141662263154e-02
1.621152849801503091e-03
5.470490425340514273e-02
6.109946036516806719e-03
4.934477153190591076e-02
1.122838904105685418e-02
1.517484848484576022e-02
5.305512022620534861e-03
8.749201290975998357e-03
7.063965377471233265e-02
5.322639871073845536e-03
7.689734046698699921e-02
3.268276678806640856e-01
5.466953742323424348e-02
2.435273355765696802e-03
4.498018528676669958e-02
2.223224820137354729e-01
1.039999973860916693e-02
2.321379289011924266e-02
6.358941953469264378e-03
6.417309571689286951e-01
9.312398101531007069e-03
6.731989598438035127e-01
3.402462154010791728e-03
8.426391637628782849e-02
3.563073749101268797e-03
1.062419656199067308e-01
1.627962309689938714e-01
2.763775214096109763e-03
7.695395652761841121e-02
2.399351648709747639e-02
1.787564327203540818e-02
2.238955847018581302e+00
1.293260869006377517e-02
4.849251168763062808e-02
9.636809948113543925e-03
3.450376476640841170e-03
8.958828239148226846e-02
3.622072558784519836e-02
2.408388301680883942e-02
1.628084912599521428e-02
2.397985299528883341e-02
5.420299664165384966e-03
7.560015137252251889e-03
2.333207901930675447e-03
1.132624939330783426e-02
4.796233181469973170e-03
2.128363567067251966e-03
4.408434129217494307e-02
9.597625682289198101e-01
3.117601170589508475e-01
5.868228441326839295e-03
9.282892929284629335e-03
2.069017054044454129e-01
5.987870269085578123e-02
8.893444048033162519e-02
1.114393353170948092e-01
4.723476602111502387e-02
3.546325266571552226e-01
3.335093417493093654e-02
3.503686394341031397e-03
4.458536645369376786e-03
3.431484973731372401e-01
4.138048403778210593e-01
2.394325012625848903e-02
6.077099396770459239e-02
1.901133941687030426e-02
2.138533909890694487e-02
3.979563575362470712e-02
1.051219872714587306e-01
2.056002402534412837e-03
1.821324096459422948e-02
6.854712171767880086e-03
2.530175117274297870e-03
7.225178524427720850e-02
4.747635114779643305e-03
6.782527950921224402e-02
7.571662810364780324e-03
1.089918270165590453e-01
5.819686185177433413e-02
3.107550750039825629e-02
6.472993167504605475e-03
1.723162562100335679e-02
3.733406505792528918e-02
1.042947353224000194e-02
1.823520269787552370e-02
1.668499382466116440e-02
4.251335936814003569e-01
3.827725551341145116e-01
2.481007489332300725e-03
1.341076885179641291e-02
2.424019016494994849e-01
7.692038275509280321e-03
2.811031470633311435e-02
7.040126037785270074e-02
1.950799288024871944e-02
3.777850445393631830e-03
1.732945776233195123e-01
2.432301574185567403e-02
6.903379079658798767e-02
9.052521581561560199e-03
1.566381799311756390e-02
3.026821906822390468e-02
1.460520176350045204e-02
1.718444389746201202e-03
1.202559642638834775e-02
1.279244300034439348e-02
4.916650365572682209e-03
4.502938412397466950e-02
1.785211978998721763e-02
4.451346949618165474e-03
1.439524824124059762e-03
2.619844346831111115e-01
1.045613666944407993e-01
8.160728507651125729e-02
3.047675748749268179e-02
1.205029409231805487e-01
3.695142397204873030e-02
1.918392177733652115e-02
1.884700247388418131e-03
1.101098178096398053e-02
6.918642987964952057e-03
1.569195484208164293e-01
1.531173139260447957e+00
3.219045399516595046e-02
6.599659196328523658e-02
2.630238272233785257e-01
3.095546186179213288e-01
3.650207071936253239e-02
5.978188167213666082e-02
7.004149837625382562e-03
1.570981628561600712e-03
2.722122338816548748e+00
6.341464839710028722e-03
4.382474351527086004e-02
6.657363642256483582e-02
1.354896305543896833e-02
1.005787310303258610e-02
1.910800250307204476e-02
2.251336653591929325e-03
1.328244843930357633e-01
3.610492528410702562e-01
4.710319995443562786e-03
2.721671347582768283e-02
3.296877136944427467e-02
1.932234000405397278e-02
3.246477759344535557e-02
8.097467538370043544e-03
4.957927008341628805e-01
9.262088398940541978e-03
2.068920467207265371e-02
1.777295974137445972e-02
4.781488138071308958e-02
6.307948015863747669e-03
4.524748471623631085e-03
6.248513935593794956e-03
1.873386507827972487e-03
3.062356746223701687e-01
6.709204560031992171e-02
5.321651454604710285e-02
1.702494812013802261e-03
2.852590982929775233e-03
8.040889325471888005e-02
3.210229493760820632e-03
3.606568898227718867e-03
3.787383934363115073e-02
8.407388208310087943e-03
7.688734989260709307e-02
7.873774364671648485e-01
1.901595716760932919e-01
5.837808923463027044e-01
2.877621448052092995e-02
5.903093665640890553e-01
4.423481690515001508e-01
2.514294430383158807e-01
4.839710006194096990e-03
2.568557435791153989e-03
1.602365702558925008e-03
9.699938714389887487e-03
5.776937892663128182e-02
4.199101888818732725e-02
4.316393930839466930e-02
3.203437521697081181e-01
3.293951471664011837e-02
4.370716200348934849e-02
1.692037334188566944e-01
2.961710878941297143e-01
1.963529524514717045e-02
1.313917179387326210e-02
2.171156066446771060e-01
6.706222527250320364e-02
8.941612054778469432e-02
2.880907172629314575e-02
2.312104088306907515e-02
1.185651643068396689e-02
9.069400533443155998e-03
1.663591845087658561e-02
5.811747294883902182e-01
1.567640420704917437e-01
1.785885201044051449e-02
1.250448011774846491e-01
4.545854667155245325e-03
9.123664276065598933e-02
6.489554408601397317e-03
8.195816986554619113e-03
4.558944743045693915e-02
6.318827151145202381e-02
1.413742865442730590e-01
1.800871978922216968e-02
1.546903081105417341e-02
8.664769483409587303e-02
5.238447373900803616e-02
2.993559936160067238e-03
2.482663152433933762e-02
5.875778847435277896e-01
3.122404833868726998e-02
2.219594849681886736e-02
8.680586204690771829e-03
6.228522819261913743e-03
4.441166550533037077e-02
3.125418197969657974e-02
1.209559649192006647e+00
4.998643656326413887e-02
6.708344817069056276e-02
2.705056382104319927e-03
4.899508985981843034e-02
6.690998142964312348e-03
6.920617344848735072e-03
2.510651860966228721e-01
6.326389252289961462e-03
4.905851875154929563e-03
2.681449031285976226e-01
2.408491192059764030e-02
8.193831532498351278e-01
1.254893069725571825e-02
3.568105437588137141e-02
3.852172869570222747e-03
1.854347866875831821e-02
4.877842537408353524e-02
1.006242392721506951e-01
3.347864645477445500e-02
1.824795603226873116e-03
3.139960334397904340e-01
2.247483043395328769e-03
4.221248807632005905e-03
1.600350411684789073e-02
1.897790837562387256e-01
1.236779638172322976e-02
1.743646827892184016e-03
1.298562462929407982e-02
3.355039515639798298e-01
1.965182521194528201e-02
1.078076688763501823e-02
5.291474979940951305e-03
8.293442781944871528e-03
2.241776492211698321e-02
6.585952850017141591e-01
3.466511955048084959e-02
9.262699023912003560e-03
1.344709847898641411e-02
3.973873769619858110e-02
2.465839024957501222e-02
2.041993423074998371e-01
1.587364792862709997e-02
5.000552522302807029e-02
2.720787004290547983e-02
1.978314564300768241e-01
1.292871875490382745e-02
2.070513197166226949e+00
8.601486889808668268e-02
1.715861685796785455e-02
7.332902835801876143e-03
4.998662223122805892e-03
5.119094768139743033e-03
7.479447449824645766e-02
9.423552769943824292e-02
2.174799396787784334e-01
1.529647522011787827e-03
3.155605654426101719e-02
3.767856359417669915e-02
9.236747712962511958e-03
1.045168535436032803e-01
8.543454780737147480e-03
6.788145984694157753e-02
1.927808340006914936e-02
4.106149990571031361e-03
3.319035544869118701e-03
4.546260644183328203e+00
2.042342858331998995e-02
1.149924136079927550e-01
1.143959420952726791e-02
3.908925978347600749e-02
2.749123671714495676e-01
2.789550745033437737e-02
2.307856444764572190e-01
1.562561749819399437e-01
5.014393556220002324e-02
8.922360574061115324e-02
2.668115606662957266e-03
2.148554264647807230e-02
5.171871563373633095e-03
1.199162269731527709e-02
2.110006178149522946e-02
1.186541760569460868e-02
6.960326053944499991e-01
7.166214716540445645e-03
2.972886205611439681e-01
7.931570437258972373e-01
2.837568379939510443e-02
2.722528101197227782e-03
7.314215763454973152e-02
6.872649316603509674e-03
1.367009035297033631e-02
2.246099016679673765e-01
2.730098089317846768e-03
3.800900393121297433e-02
1.418566802176520758e+00
1.730303387324817754e-02
1.104192029282742918e-02
2.771819913315168304e-02
9.609302161255668662e-02
7.631439067702495971e-02
3.012908016339765210e-02
5.191621564198682995e-03
1.374405018114612485e-02
4.065374871137451135e-02
1.435533097534272447e-03
2.266123248094813192e-02
2.497354855416791461e-02
4.398150543497109273e-03
3.702725332473085981e-03
8.669272023224604967e-03
6.062005520639867501e-02
3.059980375913398404e-03
4.469483161285651290e-03
1.858490058206160866e-02
2.643154376419987617e-03
5.329440418174660743e-02
8.633050351475419701e-03
1.015447268923005096e-02
1.031954018529241020e-02
1.569577157891879557e-02
2.043529050021390681e-02
2.190289832691481864e-01
6.583240494564703178e-03
5.580636099886687393e-03
1.048775202263134920e+00
2.550336271302933860e-02
4.847279331032986090e-03
3.717397914264799347e-02
8.408179397897035390e-01
6.125282375901298058e-03
1.714843299765059226e-01
4.380973955553545962e-01
2.422367704241215614e-02
8.903408148224972729e-01
9.381114058927385313e-02
5.982031394911822494e-03
3.469970126542447630e-01
9.359395190068653045e-03
7.183089209014797798e-03
7.281152297178715427e-02
5.748075240263843255e-02
6.568142201351639259e-03
2.596150233318852626e-02
5.098050959315712088e-02
1.556218620812464815e-02
3.523796819297939087e-02
4.706202757673290903e-03
3.345077490519171842e-03
1.323909632889943011e-01
1.345703831155459662e+00
3.779265530939142359e-02
1.138166028255642032e-01
4.157355830268873176e-02
1.462551501376014307e-01
2.038981481866815881e-01
1.677014451844034346e-02
6.369486606106772135e-03
3.188561260279084569e-02
2.505045946637431964e-01
5.384085383236690558e-02
6.320505973915733350e-03
2.778466263638312284e-01
1.671598907912975884e-01
4.713711860151582889e-02
5.581564581869726677e-03
1.220557302627003037e-02
8.103796558378905529e-03
1.242748834443668099e-02
3.810857814571025348e-01
2.051998410058317734e-01
2.189378221066937691e-01
1.940526514226401100e-02
4.376654942466825376e-02
3.340257915635681113e-03
1.228263761321290032e-01
1.704097181843166296e-03
5.118756035330375154e-01
2.220039906194229765e-02
1.530705864316274844e-03
1.109743232367594729e-01
9.171080000073404681e-02
7.570275423251551436e-03
2.345801090485729462e-02
1.724885979947842971e-02
2.993824659924628206e-01
1.851391144617055978e-02
9.379513481242479633e-02
3.605313336312368760e-03
2.341768389233216813e-02
9.919889246670576810e-02
5.790260616626361281e-03
8.078862302562238584e-01
2.257831750813592969e-02
3.495849994334451760e-02
6.928960612979125078e-02
4.515446388100682884e-02
1.243904459354265635e+00
2.454544741139076669e-02
4.486228700084389787e-01
4.323482237749261964e-02
7.350936156603188505e-03
1.781655067865750008e-01
1.572132701884087769e-01
2.465967624604975886e-02
8.976343796787876472e-03
9.385498331080342760e-03
4.182273997296888368e-02
2.657886475502176105e-02
2.082552042533854508e-01
7.155498181742583341e-01
2.447076704669841341e-02
2.603975151534991539e-02
3.148447861109481827e-01
1.410557242807702547e-03
1.311986250462758852e-01
2.221614027207724149e-03
1.653021817001286073e-02
7.119444802293395727e-03
4.020383034656261137e-03
2.829499817382267850e-03
4.238041548846080246e-03
1.351102444087772664e-02
2.469481491565506115e-01
3.224733228196743906e-02
3.100229949677271030e-02
2.093295831385001693e-01
1.488166911976620925e-03
1.450935142823216346e-02
4.451848886276067729e-03
3.684652171636500217e-03
2.640899847549182250e-03
2.013917094399965413e-02
1.719251472574855610e-01
3.317108558809075958e-01
8.978966630120704950e-02
1.661147055159916119e-01
4.321985430456532634e-02
6.147859656780664886e-03
7.780288941125365620e-02
8.543392936230891077e-02
2.442153176509715140e-01
2.373297535807747730e-02
1.668114069943608946e-02
7.997723176547892610e-03
2.853930135492845355e-01
2.284439406953356518e-03
2.144778377322884566e-01
8.718204740817228626e-02
3.397128326336716353e-01
1.181596571431030446e-01
9.104226333373414970e-02
2.285340744564066592e-02
8.073659644298568638e-01
1.133085957189978489e-02
5.238658962438503819e-01
5.971300808350660239e-01
1.889430385986312078e-01
2.364558216961590645e-02
1.132783807473323467e-01
4.632790164081510703e-02
3.948930172078705947e-02
1.592469685227705309e-03
1.907553691084830361e-01
1.003854598538537687e-02
1.122723002398859915e-01
5.266201615091218279e-03
1.135149183064132705e+00
1.428711348825404022e-02
5.852342471353291081e-02
4.512960310137056896e-02
1.368864756497613078e-01
8.517522024580496953e-03
2.223137313558094883e-03
3.825980128768277817e-03
4.711078667326752678e-02
2.260576044621470382e-01
8.554121591307403683e-03
4.151337601975815285e-03
8.278021222445948457e-02
6.817483742203411801e-01
1.541070469297720069e-01
6.782506282718472890e-02
7.934402245740667520e-03
1.598066528780048567e-01
2.829266351329243461e-03
4.442385008516980816e-01
1.230266800020027654e-02
2.424955221348163922e-02
4.750453087542521463e-02
1.505809475092676234e-03
1.502458877083565200e-03
5.677348081916535651e-03
2.956078834298901670e-03
1.848516167321408860e-02
1.770440509657989284e-02
3.818761735536380097e+00
1.542340908982265356e-02
3.837741193231066980e-03
3.850784484549278630e-02
1.185390605656226337e-01
3.118101033161685062e-02
6.552608943786694326e-03
1.007449709355204837e-01
2.723332862141086830e-02
1.622304240377533393e-03
1.626446889773491833e-02
3.012373322984018918e-03
3.363965962971235402e-02
4.631172853515083503e-03
3.487062504659492988e-03
1.772607420873459350e-02
3.818314527001177350e+00
9.617539609282167723e-03
1.785311648795664952e-02
7.039917217667162642e-03
1.178877252486556365e-02
3.479562490598479135e-02
7.111688388838689236e-03
2.332458981374103610e-02
6.478030833336329009e-02
8.884226084698924886e-02
1.776107988656393799e-01
6.681033930455689829e-01
4.180034498649101704e-02
1.272566812870263409e+00
1.303309354097619499e+00
1.615888250949826677e-03
2.709737095286594843e-02
2.356619834702355920e-02
1.368701175038305740e-01
3.207449934152942911e-02
1.107831363793356991e-02
7.900647229280613471e-02
1.555956342541245097e-01
1.728483086587073725e-03
1.653746108648089649e-03
5.148736107162113496e-03
5.354257030398285044e-02
1.838275622818420210e-03
5.828649707306861327e-02
1.759600694297499754e-02
2.268384837400184706e-01
9.190981533374528167e-01
3.482466390479906776e-02
5.043658313083967948e-03
2.625538811449255883e-02
7.309325953333518922e-02
4.589501183712531990e-02
3.356511752942002713e-02
1.045889263631785519e-02
1.119195777665789142e-02
1.732654477999639574e-03
1.764848861996065957e-03
3.490700523908387559e-02
1.893074728329580819e-02
5.814507795343583363e-02
2.412968849702066057e-02
3.914632100931969734e-03
3.749568744950371180e-02
5.217424025923655950e-02
4.285038194239182419e-02
4.373439807546001222e-03
5.514804603565993252e-02
1.572809730029445848e-03
4.670353979037210612e-01
1.987881821827976528e-02
2.029468739273573852e-02
9.547466526777242946e-02
1.099488686923323112e-02
2.665719893381165648e-02
1.209767779081423467e-02
7.940593716955837711e-03
1.393392158491951228e-02
1.167001701377185618e+00
4.395064810827351010e-02
9.928196232564944976e-03
2.531809007598603500e+00
4.287577664275571063e-03
1.995201109923332161e-01
1.612268637519520716e-03
3.364666960332859252e-02
1.904205456982185560e-02
1.792459575056713555e-03
5.695838681964369987e-02
5.432706281668327371e-03
2.987025951312245915e-03
7.166053167742886254e-02
1.362164659306152811e-02
5.935689525003872910e-03
2.388524553732569999e-01
9.356134665096124334e-03
8.089416825185846704e-02
1.218423606549947323e-02
1.191551446713096096e-01
6.380353569294505700e-03
1.563358634329702415e-02
1.172663185084558968e-02
9.596393582149152779e-02
4.157202949958868632e-01
1.593807395253140149e-02
2.046300535915929891e-02
1.002660365737634701e-01
2.285224653760032504e-02
2.429629077896903327e-02
3.919300289148711786e-02
4.215794799776009447e-03
2.836399165662299715e-03
1.360634255004384008e-01
3.675972216194837994e-02
1.469497201429570236e-02
4.523372453174865498e-02
2.408719514895400760e-02
4.756698515483781704e-03
1.499753675023035582e-02
5.478255458837903713e-02
1.028144988626602807e-01
5.784927707620794030e-02
5.274879003732854121e-01
3.335326592482976832e-02
5.816329809659562255e-02
1.645271954104467974e-03
5.841261717399707232e-01
1.866376352799424196e-02
2.791850307486877167e-02
2.158686462946521611e-01
1.675782945178799777e-01
5.258862631911808139e-01
5.083502314449225498e-03
1.485141041336347778e-02
5.636900795854743462e-02
1.175889288993035853e-02
6.334397041348711899e-02
1.625465729862988346e-02
4.862084809471698549e-02
2.070861137335152646e-01
3.871818446421107507e-02
2.457144803561173499e-02
5.438080630962848459e-03
3.188759463085227147e-02
4.696289328553768239e-02
5.499715646388877999e-02
5.991741989131786628e-02
4.072055034920242234e-01
2.188650403132777131e-02
1.408111966377827845e-02
4.896747135806752034e-03
3.456992778708765750e-03
3.962058511333669403e-02
1.322591711995313793e-02
1.952961628821008955e-03
2.671221725557883925e-02
1.335288665234945528e-02
1.327759824860028082e-01
1.409124273024399410e-01
1.421639729520002803e-02
4.045300211715641137e-02
3.484434272796996593e-03
3.016875598132609439e-03
2.374582043698337530e-01
2.961868559879955384e-02
2.972537043406301913e-03
2.148490955848112935e-02
1.059285950968975008e-02
7.775056913439514807e-03
2.400064017991772498e-03
6.587007779122745245e-03
5.165755133966698498e-01
1.274319991044347844e-01
1.556459645741845206e-02
2.918687130241418015e-02
9.969318753707309688e-03
2.549050506013154083e-01
1.696499145610968996e-03
9.828493841009720844e-03
1.051948839956036788e-02
1.389420952184617503e-02
4.044861085479941123e-03
4.030545132657842311e-02
1.038312613253037087e-01
2.721758311380352569e-02
2.549506732201809248e-02
6.487362653914184596e-02
6.165573896631847822e-02
1.112317260504951284e-02
2.116765045364360151e-02
2.232741673425658879e-03
1.043200075020531137e-02
1.514955377846070698e-02
4.386069254775414733e-02
5.925239182631612422e+00
7.410614072180340961e-02
8.517154366390477724e-03
5.159586350791397491e-01
3.554075168816293595e-01
1.008960606588101168e-02
1.592188369132229608e+00
6.428148049388215934e-02
1.997610148813812325e-03
3.441334904736475728e-03
2.210211951596332269e-01
1.335262221401660974e-02
5.266669566362353755e-02
1.277787896134210260e-02
6.690205343841532093e-02
5.344018260694316513e-01
7.297488750128623691e-02
1.314320024499698522e-02
1.985830883430641514e-01
1.527300571439256472e-03
3.792463385607942189e-02
3.441159034439563585e-02
2.784833497376856815e-01
8.356801629285226518e-02
2.070570390320012819e-02
1.025098622488395811e-01
2.591751317078827901e-02
9.776518179263132824e-02
6.398563756777275735e-03
8.232257486968355686e-02
6.384403443712478865e-02
5.827307055901242983e-02
1.342196598882765095e-02
1.195944139414021994e-02
1.347254068830983087e+00
1.708017604004484769e-01
1.849024452772351362e-02
2.155070134920127750e-02
2.649620294141659480e-03
4.294361649310802186e-03
2.248001532283147308e-01
2.460631751710173551e-02
4.870558163154430770e-02
2.440973718561177952e-01
2.923778741018043248e-02
4.500342248185390526e-02
1.561138456540672736e-01
2.364499963209537679e-03
3.605494435651362267e-02
8.810548017302406720e-02
2.513932902855776086e-01
3.922194317238827596e-03
2.172420581012269591e-01
2.981763099496529887e-02
3.907967739132939961e-02
6.599356225905578244e-02
1.695987390323640612e-02
4.636037390042576332e-03
8.505655930379591931e-03
5.214516216292975903e-01
3.488398730824721072e-01
3.497929516385468451e-01
7.142936676880900192e-03
6.539423656217597559e-03
2.521316394309175771e-02
3.745584203911732357e-02
9.753107996750182140e-02
1.485845782224441969e-01
7.487940459940468918e-02
3.795983822002642338e-02
4.964565760660289567e-02
3.788281428684685953e-03
2.838588758129079181e-02
3.031088087516796148e-01
9.723070858407992234e-02
2.355386923375858959e-03
5.967749600932084619e-02
7.477713810782860536e-03
2.180048233594163443e-01
1.601160129511918634e-02
3.542340841223538903e-03
1.570432947934426518e-02
2.838410200579427264e-02
1.143924524488742871e-02
1.215067785525527320e-02
1.422169469669621288e-02
3.311293076001679547e-01
1.874088305683829225e-01
3.818298575361229324e-02
5.446346921527053797e-02
8.464618954159131015e-02
3.193203646327937850e-01
7.109388386690015937e-02
3.843000322826228918e-03
1.187790821935915536e-01
1.441424849911734744e-02
3.676535401247009449e-03
1.545765240231886661e+00
2.522046678039471107e-02
3.018474512609332222e-02
3.955439140837466519e-03
3.563011230445590205e-01
4.640639527311833656e-02
9.622541854595803579e-02
5.567762425769670794e-03
8.638498623602617124e-03
8.383258334089080388e-03
1.917146721004582277e-01
1.175692157431283830e-01
2.206181630782862169e-01
1.453674780040175862e-01
4.351285328672366282e-02
2.037802844378210163e-03
4.788374850925683837e-03
4.712016448191041866e-03
3.798643959063568564e-03
2.404589191547711405e-02
2.451927562658031291e-03
1.270891182698996036e-01
1.002780699977476667e-02
2.452148735874925753e-02
6.493261506499326159e-03
3.052497858647482826e-02
8.355350674426338664e-02
5.015992381937882730e-03
3.745069807299020778e-03
4.689116686575638820e-02
3.961551900111919683e-03
2.067880137199494817e-01
2.633047901950825564e-03
3.054792587427157882e-03
6.435251981449638045e-03
1.604527258073537707e-03
1.103127221138346492e+00
3.104464512266901788e-01
1.405588419769545835e-02
1.243099047323470430e-02
4.662339417230412786e-02
5.174814692996508869e-01
2.845567590687421954e-03
2.906329535858345747e-02
1.741097990961845809e+00
1.706677889619185318e-01
1.745556783714520251e-03
4.129394102258716892e-02
1.167032275445173961e-01
1.611589265599797371e-01
6.505487112003156824e-02
3.193557384027534418e-02
6.827998538702850784e-02
1.444097659486163858e-02
1.746451691120384508e-01
1.134515598904948727e-02
1.859650942226041131e-02
8.878850567997649545e-02
3.170993927363765195e-03
2.944053491730710959e-01
7.626046214823820057e-02
9.941655662336187915e-02
3.751031550165759842e-01
4.983009676679157063e-01
1.371102834250731255e-02
5.887263250981813328e-02
1.505123894035269305e-01
3.090063074359934020e-02
2.181052346910898609e-02
3.438944440972241945e-01
3.678087684122220008e-02
8.285047607024985383e-02
3.176628008190683639e-02
2.934313028198794887e-02
1.594106228522184088e-01
2.302697232790730797e-01
4.879770843711011934e-03
1.269639491751330673e-01
1.300311225937134801e-02
1.794357506857993390e-01
1.073578026690860839e-02
1.547292669609460570e-03
3.017583446319011594e-03
7.006070545114830538e-03
2.663068662629934635e-03
4.652180488745519434e-03
4.554480941193829110e-03
2.971973161653678266e-02
5.765494280735404820e-01
1.995850213443851884e-02
3.401128851476712539e-02
4.101922541553603210e-03
4.501726987406253280e-03
2.497556813815691307e-02
2.107414342530501087e-03
5.817760048427201430e-03
1.286575278585133375e-01
1.449335584833364408e-02
5.049310530270677971e-02
8.609466773479805893e-03
2.224195019871257617e-01
5.212645222396350420e-01
3.810684494407094725e-02
5.158116569723894540e-02
1.883207784577509538e-03
4.648355674301397900e-02
1.046651757606829602e-01
2.238826798735184601e-02
2.154590438654887738e-02
3.357597172064805124e-02
1.005901569466315787e-02
8.756827624691903011e-01
2.304637849598442818e-03
1.784902977539988556e-02
2.264418628419981663e-02
8.025008631520050839e-01
4.271581907752820817e-03
3.088321878612120333e-03
4.694974124723322144e-03
5.380126397095126578e-03
7.080157460591519035e-03
6.974292592941988556e-02
6.465309939889886115e-01
1.455914685476075165e-01
3.117965619058211957e-02
6.731114818074373715e-03
1.587316896761896065e-02
2.408755094047565146e-02
1.369676680263355317e-01
7.650873174687040923e-02
3.812766404796094633e-03
1.262644392082117872e-01
1.566314639584016465e-03
4.437027156754237700e-02
2.835544881383388408e-02
5.487215479765619741e-03
2.166474241750321675e-02
4.223054215813018542e-02
2.942341108204762912e-01
9.164267957321688141e-02
3.000205454614195966e-01
3.043061351754114408e-02
6.042215295174960948e-02
6.975520859900547280e-03
8.500089209383231842e-03
2.162495533151509008e-03
1.567124341419657771e-02
6.815821620264057856e-02
2.721799536605530243e-02
8.261131399112425083e-03
1.103814001293080133e-01
1.040268674633233192e-01
2.063555935885034442e-01
2.541714984404097252e-02
2.695176475136725758e-01
1.229466021084379690e-01
2.343016047385902342e-02
1.305249557896019375e-01
2.346868223622660884e-02
3.381835731322477279e-02
7.381245436595020373e-03
1.117751847899559059e-02
1.424686196698927987e-02
2.404724767580665272e-03
1.372307484485419393e-01
3.048610795065499063e-02
4.006435691029883173e-02
2.670273572753911490e-03
3.456918055537736706e-02
7.139188822153494894e-03
1.884428407633721991e-01
4.895639429842305219e-03
1.125844661891833021e-01
2.982439642411910743e-02
2.050326459362461773e-01
1.692400556757684901e-02
7.013684293023186855e-01
2.717532876592071781e-02
3.550290990879807485e-01
1.640521185344657323e-02
6.092653448502641234e-03
9.040572915993445868e-02
1.780801356285752896e-02
4.929104638924089107e-03
2.117302905135525631e-02
2.229369785730202780e-01
6.779674937532672585e-01
1.089784401782416812e-01
1.435216045640096095e-03
2.091745627498257931e-02
7.741284712501670696e-03
2.203073302257537933e-02
7.169145813912194964e-02
2.000179892255837116e-02
2.111214093686442084e-02
3.682820834862250703e-02
4.189465436459916675e-03
6.145493266387988540e-02
1.589183873122631749e-02
1.291740135674435686e-01
8.520799923891989730e-03
2.264071185327586923e-03
2.769784245448735915e-01
2.544651379489536527e-02
8.648321176548182110e-02
2.546166099121598397e-03
4.086165573736836309e-01
9.463129742777193210e-02
7.714387761646775664e-03
3.543661218324341711e-03
2.959259961044581888e-01
3.022395537223240836e-02
3.936916985363204252e-02
8.856728031711093296e-02
2.962143269398003625e-02
1.551788975439606167e-03
1.491956879371670430e+00
8.316235610855570934e-03
3.103835691725069859e-02
5.113838969419536307e-01
4.761163654255422956e-02
3.313183877541304306e-02
3.825266005463395270e-03
1.873388654893505664e-03
4.963971460821427206e-02
2.068613494344707926e-01
9.991198801828651832e-02
2.318249965498969320e-02
5.415120512298614991e-02
1.369533943199643423e-02
7.139747982664465531e-02
1.943759829080344559e-01
2.240873697870857453e-02
3.226419907014782540e-02
2.146343224111401868e-02
3.736288281862591362e-03
2.945418433418175302e-02
4.571289982279744951e-02
6.329962457233981876e-01
1.439390108855009842e-01
3.257557988118269833e-03
5.009696632182714104e-02
3.923486011878899588e-02
4.765101722570957987e-01
3.898794880985412964e-02
1.439122709499609815e-03
6.541569238355186833e-03
5.180818911334624799e-01
2.022985873787459810e-02
9.576024345707635083e-03
2.034363470090244375e-01
1.470987848318787983e-01
2.954291427886600666e-02
7.914314768150030113e-03
8.066381647683822376e-01
1.444246591728937934e-01
2.486126883468408461e-02
1.583803248396682076e-03
3.632245938519863913e-03
8.408170219703713089e-03
2.914751667784162836e-01
2.024156341324603758e+00
4.207850238882131916e-02
9.621231523455356371e-03
1.835768291633826377e-01
6.003415944955824146e-02
1.896467661130472881e-01
1.018749507967508627e+00
7.759167874216796323e-02
1.435245841108684535e-02
8.487733048652135182e-03
1.956985406852001230e-01
5.557539182858202420e-02
1.692619642891163290e-03
4.742772236078356823e-02
6.433991288765715799e-01
6.294889766308918444e-02
1.293519077326853346e-02
5.290953418148119924e-02
1.884612742863140886e-02
7.508958907202627729e-03
5.642999051518640119e-01
1.134472998650943448e-02
9.654812346974805948e-02
2.398102000070418960e-01
3.499173386619131715e-02
1.978764833623966601e-02
4.286597589574364653e-03
2.034061722176303544e+00
2.083355247898198148e-01
1.730989493961136438e-01
1.287681844209291430e-02
3.002801314997223525e-02
1.799176273669984005e-01
1.085612908681626188e+00
9.665955510858257119e-03
2.104379136788823643e-02
8.964438064323788924e-02
1.759671353176352942e-03
1.829801050751526589e-02
3.860872150587613821e-02
2.368752188176002915e-02
2.363262378183021539e+00
3.000729168692162913e-02
6.692035901675189198e-03
1.970460035643530755e-02
1.690378753568155768e-03
1.541146084253478508e-02
1.357917917596367374e-01
2.249651069858281394e-01
2.465009014140147336e-01
6.466809160432946887e-03
3.013576048921171036e-01
3.124151255893102275e-01
5.310405717083991478e-02
6.763093531757532473e-01
1.029488837625062124e-02
8.878747314663038015e-03
2.285192110616263671e-03
2.568104720227292609e-03
1.811793023139128198e-02
3.621718853528254622e-01
1.633968828419847183e-02
3.012751587694950141e-03
2.083185859389285674e-02
1.345067665297735963e-02
6.699777152943955927e-02
1.759505735511015341e-03
4.488783721690908085e-02
9.087150894465578777e-02
4.230542296641841976e-02
8.554895367144790819e-02
3.725295624310532433e-02
3.673589837882212938e-03
2.498625181617547819e-01
1.551333739182785519e-02
4.983725249797342147e-03
1.775442033740887438e-01
2.817665067005190593e-01
7.042851432762969877e-02
4.708119037670945722e-02
4.042132518568056776e-01
1.375391590146631156e-02
3.557010880093904037e-02
3.330190600973385179e-02
2.769646936239594445e-02
3.058488241177063395e-03
1.462001360406322004e+00
6.283063438565818400e-03
2.152583713609160232e-02
9.080879949264521189e-02
5.823277336311694086e-01
1.457137004888087520e-02
2.070442004825460980e-02
1.478421117721020160e-02
2.284002993994069166e-03
2.303887713165434295e-02
7.636099201203141312e-03
1.512233285879038651e-02
3.156960309826820771e-02
4.069257887728464085e-02
4.838786911008749470e-02
1.791596692769089061e-01
8.696497311554808943e-03
4.427511080990171460e-02
2.704229186893799541e-01
1.463394487998297307e-02
2.000004981904309267e-02
3.589375836770419825e-02
5.015871705812606149e-03
1.431494688229644652e+00
1.093566808171703847e-02
1.146991304662806424e-02
1.302286588739425335e-02
1.425977588091305488e-02
9.203093933456583942e-02
2.014250244117351818e-01
1.971708383249484373e-02
1.470988271587482243e-01
7.415048383228452222e-02
1.299312642464960435e-02
8.863152814432794652e-03
1.575405430697753573e-01
8.022162790645935571e-02
5.785132470983907205e-02
1.673388771966172195e-02
5.694268172273003747e-02
2.025580415756905381e-03
1.589765434416155971e-03
2.166668707822726886e-02
9.374591825159372949e-03
1.493828768395848508e-02
2.585105277087174080e-01
2.813514853119782888e-01
1.355675146702899070e-02
3.518232173906688572e-03
6.187524987270273114e-01
3.808691626375147049e-02
3.320657025228815860e-03
1.674615038749189752e-02
5.584163198477536116e-03
1.714142014631105104e-02
8.067766498586089602e-03
9.872828656844791217e-02
1.364131270491763526e-01
2.252373340346435493e-01
3.459851222383678732e-02
9.289569736625465091e-02
1.674404010970952442e-02
3.115362662001465791e-02
2.354156077686253290e-01
5.187703942971680915e-01
4.603906889196944519e-02
2.576081735314398463e-02
6.447513094299032327e-03
2.606115470578619295e-02
1.484602317360000749e-02
9.640318014723790047e-03
5.850983936030521027e-02
2.994599718718454540e+00
4.532378646530098656e-03
2.230597276068078255e-02
1.257029914169775255e-02
9.538952002199030389e-02
4.167697814015574459e-02
1.526898002671521481e-02
2.458724269321145919e-02
5.114101902102580199e-02
8.810954629785741968e-03
3.285926384122517946e-02
8.069918076897995493e-03
3.249161001249099758e-03
8.947626327621690384e-03
7.679664040186125196e-02
5.498718281204704149e-03
4.644204581814881938e-01
1.577534951112407047e-01
2.843398705118056063e-02
1.155286010929974794e-02
2.602822543775463182e-01
9.836055488736386229e-03
1.526930691585326027e-03
2.363183471225439175e-02
2.776876826097385287e-01
5.526553905818781809e-02
2.503963721370246198e-02
3.821836508951740458e-02
4.147120005452496067e-02
1.543727889292620947e-01
7.585342797421039396e-02
1.921780020044146914e-02
2.407521110454235308e-03
8.012661853605375362e-02
1.162075343360668284e-02
1.234225958312853005e-01
4.282574826064998452e-02
6.272601645141011317e-02
4.821988074583621886e-02
3.899095818931524321e-02
6.629245227621630501e-03
7.617838397535993747e-03
2.004087339472848117e-01
2.066618889468216716e-02
1.049328556504519096e-02
8.032163378483256344e-02
2.493602595267872899e-03
5.488933855983370302e-02
7.738290425475953249e-01
3.272996001424584994e-02
8.964499459369884571e-02
1.351730609043155090e-02
1.656096200304899360e-02
1.171375474574737202e-01
2.176400563386951016e-03
3.547459146063366292e-02
2.545566696552936312e-02
1.933840686936474972e-03
1.285370074935044127e-01
1.222450297248910654e-02
5.304458228358475969e-03
2.080759604632509419e-01
5.053562049750524171e-03
5.602567039100116997e-01
1.743048245103839128e-02
3.813725656021036553e-02
4.448782917725770808e-02
1.261620260057146337e-01
3.457995398678712085e-02
1.334710782079719382e-01
2.479200117748503809e-02
1.268880563685491625e-01
7.398328179392428018e-03
4.492417592713480734e-01
6.299910401826265549e-02
2.823167681888247293e-01
3.054778053399974380e-02
5.801668128072563248e-03
3.994751064870647461e-01
7.673657419676149782e-01
1.242985942020287254e-01
7.706618077583828885e-01
1.641461725151775464e-01
5.436155806134661435e-03
6.707911400637032659e-03
8.476960170381515891e-02
7.512540312805852938e-02
1.130127747009464223e-02
1.656158294891595800e-02
1.988429936791445522e-03
4.575818706083966195e-03
4.256610355645697868e-02
1.068618614691000529e-02
1.659540045603154212e-02
1.260229014230623661e-02
1.455673604873049080e-02
1.434144780444633269e-02
1.482972882721429091e-03
1.880713765910995428e-01
1.307472894540109322e-02
1.178959646673132244e-01
4.627179984448189648e-02
3.099116745022776898e-01
2.593763143305263807e-01
1.237398433692469407e-02
6.793513521247149245e-02
2.691701049668874801e-01
2.077892573280035009e-03
1.901990484876008025e-01
4.079843508482472805e-03
2.805900236073325948e-01
1.692300184790818812e-02
2.895377720213106187e-02
1.847463730238385528e-03
3.973773691294007343e-02
1.345541745357786527e-02
3.483028410645094275e-01
5.531730595929663929e-02
1.399385015934003218e-01
1.394759119770018832e-02
1.499855347500235990e-02
5.570015353601456831e-02
7.593609223673764674e+00
8.045501778934281700e-03
4.696889550286576648e-02
1.159340275493794120e-02
1.322648777013331611e-01
1.808814923759334906e-02
1.858037244381702258e-02
2.299413131668436722e-03
6.581433996661473218e-02
1.405370220520192137e-03
7.845864942552792029e-03
4.399246872636521956e-03
7.826911365023720216e-03
5.968518083844593508e-02
7.661143993350690365e-03
2.219851347466290370e-01
1.786250351676259632e-02
1.125934178872942670e-01
1.566540875718591685e-02
1.952178281334623292e-03
1.558568137428969439e-03
1.256019773065131795e-01
2.059994673934968379e-01
1.084779829006311258e-01
1.057898234309444935e-02
1.402506117472364366e-02
1.974854693213572848e-02
9.438595328953391581e-03
7.546144846642634761e-03
1.030936866258517215e+00
2.375583109783260729e-03
1.417133350717190987e-01
4.735797712301440671e-02
6.081188326652824105e-03
1.360770190152947243e-02
4.574082148675009257e-02
1.536548200853086500e-02
1.419047141082972925e-02
4.114730945328432671e-02
3.441093688497401989e-03
1.511645790750662799e-01
1.308129823594095242e-01
5.620427481492769155e-03
2.417675651235905998e-01
1.885820322162383711e-01
2.067191165923007879e-03
8.131551910535268768e-02
3.485914065551418139e-01
4.570119743226716373e-03
4.911277977030386634e-03
3.949116463542141631e-01
6.702116518362004338e-02
8.387405470859216755e-03
3.081334902466448256e-01
3.655853939275678643e-02
2.435418899867693859e-02
4.430329402234452554e-03
1.548886189103909281e-02
3.571172014222817603e-02
5.192469214668432587e-01
4.036193405562515935e-02
4.671836889126661924e-02
2.273148273090506294e-02
6.791402166642977745e-02
4.716415563972013031e-03
4.639432438911784973e-02
6.367078164477422975e-02
9.612036577448938510e-03
1.282112511073980887e-01
1.719402765953079518e-02
1.019041823696373306e-02
1.375094705018194488e-02
1.609838948988644436e-01
1.865426147075280663e-02
6.272219756263604576e-03
3.240255733770300989e-02
6.658455399655170692e-03
4.517688515863067800e-02
3.928467173328951123e-01
5.077352454491866271e-03
3.965057127865195992e-03
2.820802788074473766e-02
2.428581008106146105e-02
1.085332239123809085e-02
2.742290288344132951e-03
3.741781177764419430e-02
7.539988252351166598e-02
3.829467232260374155e-03
5.281958112765172686e-02
1.740955100526933108e-03
1.618340131700459362e-03
2.782187610355281102e-02
8.845537092459016676e-03
1.351076711896014027e-02
7.085210204352669974e-03
3.954415168985211948e-02
1.626153149141813673e-03
1.438450537898133558e-03
5.135420561759067130e-03
1.032786086849097618e-01
2.409552353316757323e+00
8.269267146336840499e-03
5.557330399220654013e-03
8.463110633640174435e-03
1.671148062357616024e-02
1.980621613791770565e-03
1.950825460077928175e-01
1.161815001557271743e-02
8.899363450603978154e-03
5.841391785408567988e-02
2.064522786618017136e-02
2.011237861579382846e-03
1.411198247694673835e-01
4.254652253604065092e-03
6.820760741240039504e-01
2.015291168049707926e-01
7.470025694362583679e-02
1.765420152119970016e-03
2.469267272213403544e-03
1.168534348515394700e-01
3.025183971646057315e-03
3.598697131721506626e-02
5.262031210763944838e-03
3.431695872156922400e-01
1.891896239584783335e-03
3.260950658605412666e-01
1.955430648299090815e-02
5.558730836959058230e-02
2.052054790606789858e-01
2.271791233223673101e-02
2.779195181957920535e-02
9.873911167231742836e-02
1.565100243080740777e-02
7.763249838259871083e-03
1.273561772155307366e-02
1.486439891251571277e+00
2.063989883354439558e-01
6.894628858659494763e-02
3.496193010103377206e-03
3.468957017288821221e-01
1.099160118281799214e-01
5.734051507309514961e-02
1.454915555874157496e-02
2.149096445407890077e-01
2.297080845826902085e-01
1.450424768332440710e-02
1.847530734053867973e-01
1.149672795444120210e-01
5.262898088674426766e+00
4.439913680490860035e-03
2.037672082716917438e-02
2.499319691446106884e-01
1.675519075358079465e-03
3.666292037679846471e-03
5.619501285378793176e-02
2.557997059133191795e-02
6.093410369125160098e-02
1.248088351348191488e-02
3.711710496033371505e-03
1.357880823685824780e-02
2.481991692972840367e-03
5.007078845088377972e-02
4.131111336976821258e-03
8.254592366207524901e-02
1.631576812021879805e-02
1.781234609945845510e-02
1.300020171427767116e-02
1.990167624692510406e-01
2.680118620902408044e-02
3.939237535326411965e-01
1.480235878184096854e-02
1.877393191628514563e-02
4.400814099751726993e-01
7.097186564907309592e-02
5.073976506193814684e-01
5.000797801238184709e-02
2.926411081762347616e-03
4.127524387103319314e-02
2.494678577056403668e-01
5.396973135333385345e-03
3.559613340794192012e-03
3.382512208796248365e-02
5.563053231752545201e-03
1.698178315863709820e-01
6.919672143525727737e-02
2.029844944275022156e-01
1.415766765520671752e-02
1.596096767785704562e-03
2.973309425021503777e-02
2.774283499471496932e-03
3.532023524602639908e-01
2.292929669644878932e-01
6.691674406839437025e-03
8.426722223486570601e-03
7.323172964811044613e-03
3.951432649805395325e-01
4.998641040459363416e-01
1.664319041068874211e-02
4.343861134911162179e-03
2.774031255073922467e-02
1.883372224782103865e-02
2.851657445507587568e-02
4.312356184254344249e-02
2.940850704735258336e-01
1.915117255357729198e-01
6.953984929249668046e-02
8.445354874176184967e-03
6.151946093515545805e-02
9.431947918105822171e-02
6.397588839058927779e-02
8.990522601047222506e-02
2.607053887350557417e-03
3.269034453105101878e-02
7.427095372227594111e-03
5.012421035858697499e-02
1.872566128103772543e-02
4.067909322318487980e-02
4.108065660926239239e-03
6.743002579198016655e-02
1.302294571620877563e-02
2.333620495643364337e-02
4.200514161849617345e+00
1.578587876691786010e-03
1.046274842093430218e-02
2.280976620634947178e-03
4.867803904560052963e-02
7.624104616685144220e-02
5.000069730892357095e-02
4.259043744294269129e-02
1.713367220945772804e-02
3.420628257547808811e-03
1.198537649854413828e-01
2.785052018510399130e-02
3.780948890153855713e-01
3.307446761575569445e-03
4.715584114941204219e-03
2.898967645785771596e-02
4.127087976378288753e-02
5.253572520123017328e-03
4.494652394073331281e-03
1.408236053500132312e-02
3.835500348738480891e-01
9.250296481588279537e-03
1.033556336882140644e-02
9.940834876432869116e-02
3.181470900045649253e-02
1.599267544272017349e-03
3.912731645613556214e-02
1.158753585587340318e+00
4.181532939470897214e-01
1.853192141161025611e-02
1.288580454034922093e-02
3.087715760540165992e-03
2.427636318235506033e-02
9.467085317240889891e-03
3.285075710923864196e-03
4.921176412193184468e-01
3.060272612890428401e-01
3.269895284337160247e-03
2.074138335589454513e-02
5.700306614967382002e-02
3.571988440182159719e-02
1.639065719413279696e-03
9.041477926262225795e-02
4.787196983465749622e-01
4.039565806595702746e+00
1.122676241838072714e-02
1.568585116686185485e-02
2.364491259633294280e-03
4.234733457874414325e-02
7.587300721448897098e-03
1.789100950347991548e-01
1.055564044131717255e-01
6.517080045024725710e-02
1.302236732257463711e-02
5.416015838634403307e-02
3.641842166911615775e-01
6.105831783632278791e-03
1.615939764970513587e-02
2.860059317835794146e-01
2.074690272247519361e-03
9.899449101183267763e-02
9.359477815202575310e-03
1.482915617338371461e-01
4.623681612482214397e-03
9.930777555916208907e-03
7.237194166782869031e-02
8.529619437166172657e-01
6.003792949616143515e-01
2.093884019059003010e-01
1.869792969299736984e-02
6.776623655146579717e-02
4.560882388220202990e-03
1.298409521543961338e-02
2.904592105790108555e-02
3.738721708642536549e-03
2.165495991586325556e-03
5.268920673544294844e-03
1.284239365492727269e-02
2.662140591676079651e-02
7.265949633104479277e-02
2.314041312232682224e-01
1.932115027812737751e-02
1.187673423905262829e-02
3.024870695046929514e-01
2.107895157247947626e-01
2.592684158278095452e-02
7.392693052632121065e-02
3.572741373482723332e-02
7.133169723989976618e-02
6.461405270397104807e-03
1.176288049470670671e+00
2.449909398568059227e-01
1.297839858918910794e-01
5.494432710220764626e-01
6.635720775723709559e-03
1.656311765158507629e-02
3.089773109492323644e-01
1.854621343629048735e-01
1.007265671247685873e-01
2.591753046425025048e-02
3.967040324586464800e-02
5.206294726674804557e-02
2.078174386140936841e-03
2.238328085758380451e-02
1.136954997471356470e-02
1.025708541150814196e-01
1.147625863536303956e-02
3.905793749486977107e-03
5.870048844822915723e-02
6.904647426784122667e-03
6.248141310822970251e-02
4.065765239790843262e-03
1.113086898058006508e-01
6.750693409529044675e-03
1.993684727341864249e-01
1.247710289477435737e-02
9.621020779151648328e-02
8.552237875379416210e-02
1.805071679019737071e-02
9.046363618748552715e-02
5.076263113626602874e-02
3.621291997595754153e-01
1.756412544155427566e-02
1.552433948806168085e-01
1.916274724101609678e-02
1.151923964680506146e-02
2.717967554439780845e-02
2.494182849949729552e-01
2.530343794142703717e-01
2.726881351824153032e-01
2.089265325550363275e-02
6.099983114094680303e-01
8.308316480724241282e-03
3.736213819391717619e-03
1.213567041625566167e-01
5.978317875641317621e-03
3.155954217620641870e-03
4.817179124014850378e-02
1.184485646289857447e-02
2.030643968976993813e-02
3.103956602995643597e-03
7.041840056114982704e-02
6.572195858594082063e-02
1.598934013135902832e-01
2.997618906297329789e-03
7.276069651597148746e-02
1.470507890265575768e-01
1.016174887564727687e-02
9.253990733975692162e-02
6.534332246026861024e-02
2.615558748870673578e-02
7.856288598407933782e-03
9.344718943273959411e-02
2.815996045449776219e-01
2.712960050004964516e-03
2.363453776412853188e-02
1.312430732757763514e-02
2.587082430914820416e-02
2.902813954630230689e-02
1.096189153644082197e-02
3.181717993725751564e-02
5.350554617969619474e-03
1.314420931263534931e-01
5.796608353757487682e-03
2.881801135805894809e-01
1.066212388688517719e-02
8.963257408390063602e-03
8.765420501202598746e-01
6.837692342528842726e-01
4.815234274674289744e-02
3.258993546635437499e-01
5.945503090755726271e-03
4.561888203160151950e-03
2.833300422032338228e-01
1.511391212135146205e-03
3.773030736029571452e-02
1.160583198762706741e-02
4.806173209313260863e-02
1.890923964262871126e-01
2.170940327525407512e-02
2.764341773167368257e-03
2.603926257979574665e-02
5.707942579787472770e-02
6.424647877005337793e-02
4.700543607175579341e-02
3.662668262780994013e-03
4.213114376303928564e-03
1.296272221121165247e-01
3.467670248794174626e-02
7.837349145605933959e-03
1.021297262669561105e-02
1.184179203488486092e-02
3.090466941193248385e-02
3.289340941264354279e-01
9.235096235993290811e-03
1.666390589984387965e-02
1.458065078389277633e-03
3.078542848045852376e-03
1.605548412587871551e-02
2.251142884547498862e-02
1.118429058753719722e-02
5.018333157639901822e-03
8.470634590077697965e-03
6.075503770697345818e-01
1.287607827694649092e-02
1.521307982395077307e-02
2.247721370725480269e-02
2.490255915572785195e-02
2.080982350899683031e-01
1.244711469971457145e-02
1.222586752228676556e-02
1.652356850712794201e-01
1.124910953730848956e-01
1.195736403771960506e-02
1.465868723129173101e-01
6.310121656848946547e-02
1.748885806366725082e-01
9.453495547084736494e-02
2.619701874156126278e-02
3.169292719167748212e-02
4.601367922611499656e-03
4.754513277427649572e-03
5.672819009531383447e-03
5.737661562272733384e-03
8.005954554026757652e-03
3.222839327302869181e-03
2.149826773594424451e-02
2.340624268349620341e-01
8.506406313284955445e-01
5.172856079123588913e-02
3.585363651194704154e-02
1.375253848498191600e-01
6.837091815158778951e-01
1.366543777450998309e+00
3.623197462401803876e-02
2.867120234841767368e-01
3.295274453232223399e-02
2.408033541975371922e-02
1.005900123822084380e-02
5.173517994838239265e-02
1.303801678616386961e-02
4.820481586322704522e-03
1.425210609553215907e-02
7.737335082805901591e-03
2.122714790506781933e-03
1.603527193518661242e-01
8.747108111492457594e-03
2.037360586015987685e-02
1.357190706911784173e-01
6.473627794617291265e-03
2.012934039078593737e-02
2.088371343522676254e-02
1.884471808065340745e-03
6.240455176996890022e-03
1.662188565288003897e-03
5.698679603976367775e-02
3.479204883491319178e-01
2.110168759376534683e-02
2.777595425276521007e-02
2.707065294936349033e-03
1.369740101526191640e-02
5.801417342647406938e-01
1.598126884744015958e-02
2.588506748706820987e-02
3.895862708821224308e-03
7.126667902526162904e-03
2.505703119753774355e-02
2.666327888527337663e-03
4.179570808933415899e-02
5.107152654583076330e-03
3.550804936004185119e+00
2.630427549309513266e-02
2.998652802782415458e-02
4.040375301268933628e-02
8.756784294375981326e-02
2.809246254614654673e-02
9.028183161920881605e-02
3.125282897884177485e-02
3.130610161330831670e-02
2.188082629008272165e-03
5.804935919310780235e-02
7.874017894717159904e-02
3.433330881100931653e-01
3.179279093425597252e-02
6.568484034742582377e-03
7.140091588625543939e-02
4.305260819066786954e-02
2.085737694793909636e-01
1.442935854963773787e-02
8.696625068480468013e-02
7.910421905525112304e-03
6.827049614320430428e-03
3.756559147588071912e-02
9.937023982254473628e-03
1.591858142736000264e-02
3.528373842619440537e-01
3.605611142237021092e-03
1.008131479751550375e+00
4.021934516519427849e-02
6.537926045522102214e-02
2.667701630928705561e-02
2.243797035310188537e-01
6.672373253004524329e-01
8.700274988873879511e-03
1.259439246986912564e-01
1.072960312749069445e-01
9.841418245909909837e-03
6.960541774894088429e-02
8.343409308648835898e-02
1.186143526945875049e-01
5.271195283823616046e-02
6.683704098072252089e-03
2.895744936128560876e-02
8.352906729158508098e-03
2.342737648210929061e-03
1.635381374905424054e-02
2.327068320564336726e-02
5.254862277600222398e-02
4.510312512305521618e-03
1.316779319443231976e-02
8.297951566386295441e-02
2.107437079111744438e-02
3.141427889289267333e-02
5.919838967613380576e-02
1.526470815989334302e-03
1.367328703569138312e-02
1.425487255380905871e-01
1.033378537691052035e-01
1.513846452879279714e-01
6.401275453275470095e-01
5.858105478783807996e-02
5.103270696835988940e-02
3.935520859817572686e-03
7.830269764951229561e-02
2.381731546077111260e-03
1.351134368981689315e-02
1.492348389753812565e-01
2.008931663168513626e-01
6.265973601021809780e-02
8.133569631922156484e-02
1.704589549758680489e+00
1.591723965063144564e-01
1.483646499866475912e-02
4.111603282574886192e-02
1.027573018613022263e-02
4.402522145903183803e-01
3.868971644168119339e-01
2.019572177056612287e-03
1.548546160996116649e-03
3.624887457684741916e-03
1.278193249940798026e-01
1.936206606970485022e-01
9.981075447271538226e-03
2.042876200626878372e-02
1.010489537750487027e-02
1.485308539034202180e-01
1.044224269847684496e-02
7.113237441588243955e-03
4.464658576536271323e-02
8.118466435515252211e-02
1.536850238660211476e-01
1.620493071768365836e-02
2.773756194519554352e-01
1.321320485769846356e-02
1.514893633841070354e-03
2.492970442906838544e-02
4.091416550405029690e-02
1.138448280696766068e-02
2.970353109925545285e-02
2.388466818958696197e-02
5.186971317857523855e-01
1.975523496508929319e-02
1.135735877736699338e-02
1.223863743584841790e-01
6.950623946666946162e-01
7.734236153247935341e-01
4.655890710831015779e-03
2.894787166808907020e-01
2.885050469571604978e-02
1.253614082348926927e-02
5.175924137736718361e-02
2.103716148808192798e+00
1.431945443023069642e-01
4.958546752941620644e-02
3.165290809497686014e-02
1.274396733561219443e-02
1.290110131248903280e-02
1.337840925468936244e-02
8.748512859662839133e-03
1.082170987573908075e-02
2.613593807028682589e-02
1.707973553420737839e-02
5.287632733998217510e-02
1.663738250095366661e-02
8.772262884430725993e-03
2.654520522695074519e-02
9.267206118931124725e-02
6.640732112328474532e-03
6.297849778178610247e-02
7.263433587997586427e-02
1.549765275401592847e-03
6.176475240262566807e-02
3.260629374325887259e-02
1.023564351512316950e+00
8.949775539354400955e-01
1.844990445082983141e-02
1.694737941240949397e-01
4.086461487041098857e-03
2.629918166070610921e-02
1.341339574926980228e-02
2.371947504685404107e-01
9.020615795999967212e-02
2.006152481227767639e-02
2.782437480627217297e-01
1.501792331259891797e-02
2.118425236470928077e-03
1.181965326002167201e-02
5.230991653093546197e-03
4.994428849874943399e-03
5.681570167980689624e-03
1.507052291519771769e-01
1.552495840013599394e-02
1.332694830024653720e+00
4.418236847546686344e-03
2.798924451540027794e-02
2.397048141308721816e-03
2.868038566314444482e-02
2.294631742566627039e-02
8.640448400917179889e-03
4.422925236406849980e-01
5.227001903488573409e-02
5.140068193513687156e-01
1.404593214111885110e-03
1.007782387052234135e-02
7.256732355199510542e-03
3.635236773778742058e-03
1.179838055392984017e-02
1.058721031451148598e-01
1.335419214665228664e-02
1.028752703320054973e-01
2.890976605290958637e-02
5.217845655326508458e-01
9.319821162284253058e-02
6.220056020161665589e-03
4.554733215649939271e-02
1.623695166599789172e-02
1.728334918525396358e-03
7.767079155797469714e-02
1.058249597900403835e-02
5.977055495063390150e-02
9.467808245923503216e-03
1.479884842083774854e-01
5.150450698596977656e-02
2.261961860890809514e-02
5.531588535790517985e-02
2.438441504831789612e-03
6.098806060756412767e-02
3.674613301861421460e-02
2.721369036479226455e-02
8.292214033628841907e-02
1.111797693321866370e-02
1.354765080831296480e-02
1.387625868704690235e-01
2.665376767170609534e-02
3.456966060080634163e-03
4.417966882117581318e-02
3.082595908805008285e-03
6.793114865682017278e-01
1.451867342408300239e-02
3.503880312150138843e-01
2.848233368772282170e-02
1.910287926890435681e-02
6.839936533794149960e-03
1.030235175776776126e-02
3.703856989712726866e-03
3.350624135098656531e-01
1.877688774551478481e-03
4.500354349762866919e-03
2.289979384732861167e-02
8.676276673500167222e-03
7.911396513240834261e-02
1.125571824687704968e-02
2.246744578559371486e-01
3.711664720671418310e-02
7.007202316398256081e-02
1.369988504951789345e-02
8.914567148166992541e-03
1.938162291143887273e-01
3.934205766832728907e-02
3.510285871063289348e-02
5.377373912946550177e-02
1.301259567517308868e-01
9.452951911175359878e-02
5.237851596623487038e-02
5.600280032831083353e-03
3.377896878199877079e-02
3.025545027871309398e-02
2.562765213289102360e-03
3.051969623317442228e-03
1.590223875883822302e+00
5.038403610036652491e-01
5.153612304346335583e-03
1.355130655859310140e+00
8.180301343038633155e-02
6.253553030863674700e-02
1.751828859026079543e+00
1.033944578751929896e-02
3.671372976323476062e-02
1.276579830758383521e-02
3.454763402091457370e-03
1.822120832335023116e-02
5.920957357121254400e-02
2.082045524186675219e-03
2.581923138937882167e-01
5.620879071246175779e-02
2.876586094179018303e-03
6.882463553101549891e-01
4.319800002374322989e-02
7.012296043819418040e-03
2.950603791139555336e-03
9.034525352619346764e-03
2.631663821368287332e-02
8.223858224601898401e-03
1.177987257825130647e-02
3.058004907995296243e-02
1.413996346451765307e+00
5.658554333024892052e-03
2.196015504091431217e-02
3.459071884196019547e-02
1.836995453895933286e-02
1.036796704025928426e-02
2.576507327940885834e-03
1.407718082870253185e-02
2.458342826308831247e-02
1.556428546532298042e-03
3.448526941490633324e-01
1.790350041033936593e-02
2.129918916963917941e-01
1.133796564371137433e-02
3.290726722070828891e-02
8.110396301414636924e-03
4.217941113091428808e-03
9.614823746685612071e-02
1.692545779944041873e-01
8.811499003256364343e-03
4.828417870030876635e-01
5.975386883822478845e-01
6.947286598684876413e-01
1.567784411642047029e-02
5.056722621086397196e-03
9.191958923411477911e-02
3.586249424568700023e-02
9.586118431585409147e-03
1.303265272341321002e-02
4.641532443082415499e-02
3.305260241081726252e-02
1.330489502480129982e-01
2.516725797314328314e-02
4.991899115287193149e-03
4.753171727669653485e-02
8.808161958051383689e-01
1.390519505497641445e-02
1.294077740094382728e-02
2.172009165495330033e-02
3.574467932751807658e-03
7.769566009425483977e-02
2.555539703666561552e-02
2.299361294743075199e-02
2.776387892919343278e-02
6.937310631909446301e-02
1.107737326863679067e-01
1.254486946817507942e-01
1.176305737151595032e-01
5.929688780664419540e-02
5.603465635756164041e-03
5.116441114186152071e-03
2.610592466787844956e-01
3.612689964122322434e-02
6.049199450896269870e-03
1.230673268312564156e-01
5.596843535878974762e-01
2.012366116355394918e-01
1.379821297464684238e-01
1.412277808963768779e-03
1.331841970972298672e-02
6.195230462651249263e-03
4.340564686351379257e-03
3.597221057729046434e-01
2.176568221608202527e-02
2.110851549935294502e-01
4.597599181950155420e-03
2.412976555874890659e-03
5.256452319282471641e-02
4.990876743255625581e-01
2.911909833525034436e-02
5.137909235307009520e-02
1.180461133730879297e-01
2.178255744256507587e-02
1.861755923055233297e-02
1.667928318410591748e+00
1.602635404240678602e-02
2.036221627439233767e-03
1.915797536461994743e-01
1.362223056497786043e-02
7.023185545994615336e-03
3.456420655329195402e-03
1.823497775331545459e-02
6.956206727563904457e-02
7.533630855827076755e-02
4.377584545369512907e-03
4.719625048648829618e-02
3.679149974792078615e-02
4.853583417251932514e-03
1.021933546617534438e-02
4.505860863300473751e-01
8.776987101407448394e-03
5.100212437466716126e-02
1.797767464843443019e-01
2.588437350109953558e-02
4.594391103200661797e-01
2.432712943676786921e+00
1.058493391721809090e-02
3.118591060207770438e-01
1.251643259671856266e-02
8.024869672131401677e-02
7.492487869332707315e-03
5.066612816944596025e-03
1.163463265149228092e-02
7.817436787040132895e-02
2.374657960878214652e-02
8.161247701484122818e-02
3.919282950645116420e-02
6.588566526939117207e-02
4.030055924799270106e-01
2.571923447423451678e-02
2.227528066742246737e-01
2.808561160494840378e-02
4.227438505690418041e-02
3.783929981803384190e-02
1.211896230539826619e-02
2.854579405416909996e-03
2.827500631505586726e-01
2.090022086672527202e-03
1.997907941620018918e-02
4.438533894329341201e-03
1.428796726814019532e-03
1.610608651023497651e-01
2.076544532405487017e-02
6.679184954460960277e+00
5.468122815741198739e-01
1.608619129379465842e-03
2.479031291204229492e-01
3.898576279577406489e-02
6.536177639920629293e-03
3.339265916795434996e-02
1.424566918949693190e-03
1.639870749112500026e-02
1.389408857619744931e-03
3.873058524198608188e-02
3.931133615298614860e-03
8.404078389746262590e-02
1.708948483847168298e-02
3.984387628926874814e-02
2.170936221487632534e-03
6.044075374032004816e-02
4.587765096631216122e-02
3.236384927489374935e-03
1.648916947028385496e-02
3.161548432973116697e-03
1.475716621362030932e-02
3.307963472680094941e-01
7.053611184157293490e-02
1.743091379689526155e-01
1.779181743558942014e-02
1.690340114821716833e-03
5.326942641954011265e-02
1.482043303223365416e-02
3.288517912256703341e-02
1.531412454322191637e-03
1.379492204285198698e-01
2.154449128661728788e-02
1.237459552845345673e-02
9.152066066049264759e-01
2.233647410123187904e-02
4.625073032139410262e-02
3.079627725592505305e-01
1.427759889989614006e+00
2.283467259646291825e-01
1.436758411262343844e-03
5.505447813678899377e-02
1.689768544673416958e-02
6.063099889023172429e-01
8.885197914030355804e-03
4.128841780393264355e-02
1.432645610972835010e-03
7.975683625956817013e-02
4.203054753794520371e-02
2.533830112891764449e-02
6.806811366009531995e-03
5.198584713959546015e-03
5.576666693650195183e-02
2.016099601574535161e+00
1.249827178566448982e+00
1.299666428442418364e-01
7.239966521151519618e-02
4.628097722691069948e-02
2.818885732302256128e-02
3.939400536933351793e-02
1.064108058135524310e-01
3.485239370721686103e-01
6.165761094553141169e-02
6.383966277172424819e-01
3.991984133846569055e-02
4.074544167401103478e-02
7.642932808925798592e-03
2.600035565702768503e-01
8.308699272629281249e-03
6.124133202155158662e-01
2.369611507115139404e-02
1.073536957050437030e-01
3.336693622567761530e-02
4.853865168456918122e-02
3.368747070737648230e-01
2.694764896198115559e-02
1.108234511219568889e-02
4.671772405868003519e-03
2.721498278504765750e-02
3.801254135954819091e-01
1.346281892887618223e-02
2.853802679596370920e-02
1.065466304422158124e-02
4.434279916884064088e-01
4.436684666325398270e-03
5.316652163067476788e-01
2.741371373564509880e-03
1.399564125920366442e-01
5.058436851539397511e-03
1.245875149331991324e-02
1.293855646461494237e-02
9.878571198820318422e-02
1.997631027248069069e-01
1.014369075584545116e-01
1.406290243645818422e-02
1.495606928684467540e-02
3.189032592572287050e-02
2.349723052124028360e-03
3.035842943191330127e-03
1.138697522868015177e-01
9.891990118908558505e-02
4.764048523391748585e-02
4.528131611760300747e-03
1.437340228797781734e-02
5.304339663301516072e-03
1.693615505369449048e-01
1.446550740549935529e-02
5.642933236049595125e-02
9.817392901597137012e-02
1.964059315043577367e-03
8.078883637768431714e-02
3.121517067226964315e-01
1.058739453054074742e-01
1.068492735428723389e-01
3.010455239629449085e-03
4.470447362323005935e-02
5.322980008930855433e-02
1.891256505868467164e-01
2.117491997609367502e-02
2.986974610782055714e-02
1.560267171756826027e-02
6.935135175921683728e-03
2.566101185240704519e-01
2.801374640911137859e-01
7.677831890089678590e-03
1.104496140740438871e-02
2.059161383923570690e-02
8.257052735127824727e-02
4.545108740330900537e-02
5.481381802691507460e-02
4.371337884063216522e-02
3.188664898497941408e-02
6.654866604043947406e-03
1.333248287766678093e-02
2.015424419703467918e-01
1.384866673502862799e-01
1.197879495422285445e-01
1.505358428706286000e-01
3.223486175350274291e-02
4.469398457904612959e-02
7.321957182680727261e-02
3.580368877479055828e-02
2.450072309165928289e-02
5.694163884440137657e-01
1.320224311063964914e-02
2.222443362577317810e-02
1.049051152137262521e+00
3.044987237976127820e-03
4.322613378885969415e-01
1.723386995175147512e-02
1.415519622354357264e-02
7.598685236922853720e-03
5.643925346180642469e-03
2.817056763956608811e-02
1.259061400391818519e-02
1.304979849506180123e-01
1.202295726629632085e-02
1.183668671974814728e-02
7.437482115614874913e-03
3.501002323892242040e-03
1.607794402652968913e-01
2.647135879817845427e-02
8.718108045871787726e-02
6.181928998857447732e-01
1.108237037405342129e-02
1.735817504701881375e-03
2.972793371163209297e-01
2.815008219541112813e-02
1.449704068381329038e-03
2.183026229258942408e+00
4.711752428429319406e-02
4.390189370696969545e-02
3.139016953081980726e-02
1.299994662909305203e-02
2.544826938445580826e-03
1.338383079124022372e-02
5.624245921121277109e-02
1.516759174123666516e-02
3.439916666984407095e-02
5.929417198386696675e-02
1.507363294029322870e-03
1.240182645323823808e-02
1.796066204698521396e-03
2.417076405838108552e-03
7.006673071798287522e-03
2.885955775699871939e+00
1.192183442148542390e-02
4.444408407290558610e-02
3.953703431382789117e-03
1.776307770018657750e-03
9.207451245573186963e-03
1.541598920681977181e-01
5.137239619653802269e-02
1.810036908523628488e-02
3.337102711127938864e-03
1.486142408756953304e-01
1.693471620498409116e-02
1.867095703028079368e-02
1.337678234302115410e-01
7.295660933913374405e-03
3.653915497568453130e+00
4.661800714554303199e-02
8.602904360235037740e-03
1.309807429783292794e-02
1.305379617546225945e-01
6.671139712266281087e-03
4.787202562809839135e-02
8.460075743208601493e-03
1.354449232997666286e+00
5.512427911226438493e-01
5.144484571025201465e-03
5.329479886154855905e-03
5.007694128867586081e-02
2.116231390745807253e-02
6.175738417527365520e-02
4.406079808839811346e-02
1.059968748721549364e-01
4.127103770152813073e-03
1.039670625226964996e-02
2.344128438796135028e-02
4.802683739215339413e-03
2.063202629698383458e-02
1.706112804859750282e-02
1.982097631170151031e-01
4.578346643929691318e-03
7.465628902668913769e-02
3.005374696625567454e-03
5.156926713823527519e-01
1.042075966424063638e-02
3.243876955521057120e-02
2.917749203987555009e-03
6.217761578324895386e-03
3.694821725877587681e-03
1.212253407152656393e-01
1.643501318279726479e-03
1.660479947370152457e-03
2.264319565319172431e-03
3.073887777993256597e-03
9.374022487933062961e-03
4.362213844117353301e-02
1.357870690476957118e-02
1.272453776729873080e-02
3.076123575531362203e-02
3.581230968656409774e-03
1.803608254845194825e-01
3.958044797971355111e-02
2.545769166736482503e-03
2.256504298289780785e-03
3.295936141477393000e-01
3.052084167483764543e-01
3.665990798344440083e-01
2.499315222830828659e-02
1.241822112537867111e-02
4.626445725832439293e-01
7.170741812288224104e-02
6.001073256821498961e-03
5.479836441933515039e-03
2.020777366051593193e-01
3.115243833080519678e-02
2.505368220376567520e-02
6.145634965545791056e-02
5.324341713472396931e-01
2.868964632910750434e-02
1.085011375029179027e-02
1.033414881165515414e-02
3.355538594799988006e-02
6.606075122780054321e-02
5.583185016758941688e-02
8.371694778950323351e-03
2.727006318721756847e-02
4.258353813805131338e+00
5.099701631459981066e-02
1.450670836898532504e-03
1.955949505488600859e-01
4.924447615256707933e-02
4.745057742453141075e-02
5.476344339028935138e-02
8.166357278935751363e-02
8.545159802363082313e-03
5.359764992543763693e-03
1.164988270760015411e-02
1.334180691127893059e-01
1.500497443191781410e-01
5.901808053632620621e-02
5.499763954524225507e-02
1.735711758949803202e-02
2.091411226102956461e-02
3.539882599084888393e-02
1.829399917191385644e-02
2.797452871955360965e-01
2.269221157664809974e-01
3.459295089984088141e-03
1.069445397221455291e-01
8.530072901005733219e-03
3.477386927437364772e-02
4.586194320196800012e-02
8.820017849779078489e-02
3.048785642432097487e-02
5.618788243923583149e-03
5.129665627578364542e-03
8.214783516689609655e-02
2.130078447659257759e-02
2.435788309215308756e-02
2.618429874344629493e-03
4.849401832568797643e-02
2.075530233688441251e-02
6.657644231422442729e-03
6.123579164860917801e-02
8.141579697417683503e-01
1.912104066856623874e-01
1.022704668230357654e-02
4.280992304771426282e-02
1.493956432898664935e-02
9.366693573291945754e-03
4.526701133795998921e-02
2.337591288260258693e-01
1.827835035585988699e+00
3.091303941339773945e-02
5.945623216033206655e-03
5.262636614445434860e-03
4.207716552973207388e-03
5.439135120815813407e-02
4.541674543842593725e-01
3.261176851000842092e-01
2.441211139002475161e-01
1.039323259507750341e-01
1.482578466286954555e-02
1.064937979915707850e-01
1.099040091965412191e+00
4.748072300464005989e-03
6.254737354502383495e-02
2.487921508650904959e-03
6.147548209152590148e-01
2.467909258845195700e-02
8.546135325859223475e-02
1.352752712037419702e-01
8.922626237264233776e-03
4.984056575140229095e-02
4.618600725352443870e-02
2.367275724064146596e-03
3.103294345141102001e-02
8.098978044174587332e-03
6.908693159679908657e-02
2.492749265732706887e-01
8.952890766240560391e-03
3.539607779705142981e-02
5.466726217009570954e-01
1.705274813931926051e-02
2.001280071159652636e-03
1.817858990122955820e-02
8.675165993481223636e-02
4.533416759753201505e-03
5.979946760914477411e-01
1.310648337141205433e+00
1.304572311362893824e-02
2.096944730404958629e-03
8.307451858709399839e-02
2.018428887834322338e-01
1.069080156999606818e-01
5.975937116981595854e-02
2.859259233517584889e-02
3.365004002326539845e-01
2.135866629283611484e-02
5.191904815746279517e-02
1.883447163691797377e-01
3.220297037124025818e-02
8.244433210181539851e-02
7.036146057468519593e-03
2.684093981861311318e-01
1.900910864457285021e-02
8.240977737160570804e-02
1.232587972390777713e-02
3.002192998225499537e-03
3.876082612531562832e-01
1.390354980545694188e-02
5.632258577607376221e-03
2.118849724127694345e-03
1.548519787474184105e-03
6.432829878788078916e-03
4.739329967287271572e-03
1.005548699794286439e-02
2.709369095819914169e-02
4.465489675217630509e-03
5.194715420642325582e-03
5.473627197268605971e-03
1.177179344002797640e-01
7.531438130435816336e-02
4.177094069593177694e-02
1.584347582287214812e-02
3.091779972021172634e-02
1.136406173078186900e-02
5.317765913247621962e-03
1.525083857550361445e-02
6.398739078241930112e-02
8.732178295353501540e-02
5.817986562599578027e-02
3.080498494197542181e-02
3.725843237421980980e+00
2.180217778643641496e-02
3.425779670474022459e-02
9.616448748495463883e-02
3.635374369987917631e-02
2.070242247412842733e-03
9.764755715951041470e-03
3.758032260020772401e-03
2.560826232128335204e-03
1.181739533633012901e-01
3.413156909353157187e-02
3.951466284465328382e-02
1.992733537880424666e-03
2.178972676196868838e-03
2.008603648182541446e-02
3.118799741200710407e-02
1.915380592257889120e-02
1.090413030519059023e-01
1.288995627874335581e-01
9.662625226025882419e-02
1.497995136104334629e-03
1.015608342951239244e-02
2.814564525696057126e-02
2.710462242950989475e-02
2.323961364804208451e-02
1.210698802050163940e-02
5.053019417576856687e-02
1.027286186589987729e-02
1.497001437024821080e-01
1.189927564659325893e-01
3.100001352910133554e-02
1.759424884070939429e-02
1.318674928635153905e-02
5.164132066445711877e-02
2.224100326347645644e-03
5.953557018652848309e-02
4.131439970935053135e-02
6.493236075380837136e-01
2.604828624738190698e-02
2.341714597455936062e-02
5.928180900623461133e-03
3.489308000235748913e-02
3.522627813025500099e-02
1.921725285802331484e-01
5.994366762853886067e-03
1.681094916791749938e+00
1.265106193592322945e-02
5.737925528010005133e-03
6.511454288021738535e-01
1.183363489167926913e-01
5.305320135635339246e-02
1.435899085439822954e-02
1.218020840169651252e-02
2.620340354058286678e-03
5.933065961042225389e-01
5.965721089692029855e-01
1.925169387545812294e-01
1.244693835414339006e-01
2.525885418752092937e-01
1.267292143860998532e-01
6.874003881373901004e-02
4.364044788146793571e-03
4.408570398998885587e-01
4.562882149517862723e-02
2.404242444492207462e-02
2.981531520434693161e-01
2.754954497924657231e-03
2.081672226212274435e-01
4.479322177190692145e-02
4.137436292177150941e-03
5.053682649069485971e-02
1.322704120017987976e-02
2.731624433483153536e-01
8.559382241165364169e-02
1.839064060875793185e-03
8.691306423553775418e-02
3.309493179078173974e-02
2.138557579452436339e-02
2.160264891170498441e-02
1.933562322235584108e-01
5.714595640350809969e-02
1.898913251621510206e-03
3.226265160535140425e-02
1.601990999478788286e-02
9.567919218058983447e-03
6.694919372398912619e-03
1.143370599004649851e-02
4.626366811590838617e-03
9.967290266219348549e-01
8.664034263253923562e-01
1.322795136520620030e-02
6.062867322878958375e-03
4.066782837822138230e-01
5.478733726822421213e-01
1.478788231449682800e-01
4.722423645831238387e-02
2.410208251805318058e-02
4.425147546430664713e-02
2.042650273347672296e-01
1.167946242248567822e-02
7.677388387980292606e-02
3.460622751912266395e-03
4.331218749770888998e-03
6.683133028765337290e-03
8.007328125910420299e-03
4.613935156863702147e-03
1.522206874479012893e-02
1.012223988648413946e-02
1.623741632685120687e-02
3.008256226224080652e-03
2.761250914668548703e-02
7.050048512982359794e-01
1.185604987141313515e-01
2.553224452754418103e-02
9.633222542469413452e-03
7.436404054969542043e-02
4.175545479669592885e-01
4.789434166719676658e-03
6.646350661767641207e-03
6.915257486503179063e-02
3.885477956502991076e-02
5.101288797705492636e-03
1.685868629537889962e-02
1.317787925094473893e-02
1.426737499799224981e-03
5.009917090399868683e-02
9.821904862360210375e-03
2.952180324024435143e-02
1.266132382670448128e-02
1.603235032928280179e-01
9.560897590206858532e-02
2.380145153850610554e-02
3.776430212337280462e-02
2.567373478460842091e-03
7.816428067633152121e-02
8.640100171803137552e-02
9.903351780569044638e-03
1.311832389840910662e-01
1.558068838868734846e-02
4.609165181333722133e-02
6.128768653257733040e-02
4.271055580530650625e-03
3.136995195569618287e-03
2.171946003328632802e-02
2.669511416650754282e-02
3.383763889770689814e-02
4.453936770686104697e-03
3.737451384479908989e-02
1.740776345711807921e-02
6.106298844559557848e-01
8.418609800794041309e-02
2.285366041253471259e-02
1.269902955034800558e-02
2.743940837666582200e-02
7.676146717860341528e-01
1.361684871477591291e-02
6.284579012661457853e-02
5.317811920997497430e-03
1.061755336117682080e-01
1.125895551610023304e-02
4.565583117676742103e-02
4.503042875410949962e-03
1.583710968235947647e-01
5.220718800953308980e-01
9.916662867584769350e-03
9.540079159749971505e-02
1.577318073281088751e-01
9.195862483289378442e-02
1.448153998289746294e-02
6.241137256571948483e-02
4.043019738661078222e+00
2.369924393172614607e+00
2.439252908620176685e-01
8.130709182404773430e-03
1.177056349302256673e-02
7.693916164275508424e-03
2.619134852161640603e-02
1.095385364183869142e-01
2.321350510223006876e-03
7.714568441340186045e-01
9.388912214122762182e-03
9.732905814737283223e-02
3.674686123827358014e-02
7.259114091462024257e-03
3.797064291385381703e-03
2.358913282000827949e-01
1.884834287047289836e+00
4.399593214951013492e-02
1.081024679788721576e-01
1.691584359524139325e+00
4.186218667506798330e-03
4.119617375769173487e-03
6.969818649523752685e-02
1.492339458205460198e-03
7.101695673597573089e-02
9.629312868758196572e-03
6.668613757785356311e-02
5.464582187214236247e-02
2.139441773811763259e-01
2.208400197217167630e-03
6.300037052438649254e-02
1.319487976113957808e-02
3.934942854435110465e-02
3.225829666472128654e-01
1.655269459479925820e-02
1.069497051662353718e-02
3.833501971716659403e-03
2.011715131723121851e-03
3.546156399409808313e-02
7.610648103671524556e-02
3.646958904542249753e-03
1.172563921144422899e-01
1.566756072069119430e-03
2.491899487017279133e-02
1.189725988110574423e-01
4.820000800009797276e-02
9.992084405185108764e-01
2.520538609259709208e-03
1.779594883145342588e-01
2.939773793350809045e-02
4.498293139776590038e-02
3.822826699111319705e-03
3.003512414241764628e-01
1.028638190360400273e-01
3.156077529099749618e-02
2.476213112925292059e-02
7.636670999571536278e+00
3.734377761609915941e-02
1.700027130463454064e-02
1.929478067454591050e+00
1.098648152941075415e-02
8.623936370978933785e-02
1.202922168578780641e-02
2.082989596668015642e-01
6.088016870745716763e-03
2.152169487198387320e-03
3.638623765283573869e-02
1.371689848224260655e-01
1.250352844288756538e-01
1.081481748155571215e-01
2.897073754575280394e-02
1.513104438269373755e-02
2.866323817546179709e-01
3.964962345970859253e-02
9.933118658552713559e-03
5.952681231819330343e-02
4.131742767170321629e-01
1.964076277838287463e-03
3.213224251101398556e-03
1.879690148274815523e-02
5.664942383641663470e-02
2.193537240101559385e-02
2.931790701124952769e-01
3.095585346594062828e-02
1.028535389960148760e-01
5.093644309367544309e-01
1.454013858609947991e-03
1.378413813215096165e-02
1.636631646557271114e-02
1.953876334703650020e-01
4.274272731729121533e-02
4.003072061622535947e-03
1.281642596571016257e-01
3.561961272722047843e-03
9.897623049405991635e-02
9.509896121071880273e-03
3.843109865466003833e-02
3.275015291597372161e-03
4.364184007297173401e-03
1.807144096147401957e-02
4.003085381811705146e-01
2.577766854267110053e-01
5.833128287685346823e-03
2.614936757504725175e-03
2.112609116905980224e-03
2.236988420850886776e-03
5.100976888011609506e-02
2.146263922446509098e-02
3.337532012514311114e-02
6.973406431893049671e-03
2.227453948316925059e-01
5.728611474844901019e-03
4.238122697228119962e-01
5.185857446342824126e-03
1.859565769390745249e-01
4.016372042908972206e-03
1.697370314179135267e-02
1.992877413943565379e-01
1.815078997427415491e-02
2.289073233850731724e-03
4.445865063744737777e-01
2.593507913189129453e-03
3.728648367239772218e-03
2.724468225187865952e-02
6.808124610532892418e-02
1.250872395361166678e+00
4.364927624189548355e-03
1.743750924974041938e+00
1.198681305328134182e-02
8.941680491376949313e-02
3.796053392923099627e-03
1.965678579179693571e-03
5.670246238486098371e-03
2.412423611911269916e-02
1.102881368491725744e-01
3.774102358638352639e-01
2.410634431395143606e-01
1.098760892547324952e-01
4.461676258827048693e-03
1.885587969131140990e-02
3.202181303468512596e-02
2.882436603958784538e-01
1.367010852813540546e-02
1.148259222782292005e-02
2.577895094369317755e-02
5.254834878055256869e-03
1.562834533281211857e-01
3.452834132756547880e-02
5.808186411553581396e-02
1.691658847867018867e-01
6.722915607462126054e-03
4.628695042321637892e-03
5.880026756874167093e-01
1.077682455371292355e-02
2.538048111942011603e-02
3.786194726279996925e-02
4.408425738740733707e-02
8.265271559743068985e-02
5.205023516845375120e-02
2.279116584961781572e-02
7.927912397638980924e-01
4.780995672605196055e-03
1.516605065130163972e-02
2.953800796838224746e-02
1.353249384668243384e-02
2.766067367971353132e-03
3.029392389315579449e-03
6.594820611412370581e-02
1.423940317351175822e-02
1.738455682742262587e-02
9.796451219269412813e-02
2.634647460141720590e-02
6.935640360547208616e-02
1.776830312609102513e+00
3.797689150407379532e-02
5.773714390358154064e-02
6.817509051520238839e-02
1.411090720378168316e-02
2.451274362016654749e-03
1.846001409977228794e-02
1.482569405218217692e-03
2.001695884923206936e-01
4.096871412387666223e-02
1.025788464077039344e-02
2.160228929320590768e-02
3.694119866417117353e-03
2.903653286889614771e-01
6.028797618063711991e-03
5.449831310483117530e-01
7.565133228984854963e-01
4.968321568835495222e-02
2.018147801488077986e-02
2.141681560160439424e-01
6.449805844507322528e-02
1.466770244807036891e-03
3.775405221727892464e-03
2.435573646733868725e-01
4.514604320870968003e-03
5.296935534643349569e-02
1.634259366058801732e-02
5.264423942853817956e-02
4.219004736046762759e-03
1.130274740099595637e-01
8.071160931634232399e-03
2.223788382658839838e-02
3.627899476384087440e-02
6.938261633370216772e-03
2.073153501334106530e-01
1.434409428511415445e-02
6.160481842919889039e-02
3.685012400652781447e-03
5.135860686170756056e-02
2.945918573446459909e-02
6.244706864361518339e-02
3.943405743704957514e-03
1.415954997111917191e+00
6.748205022895013838e-02
1.071898782957073082e-02
1.915124241926204410e-02
1.303884841930640255e-02
2.734138905391768608e-03
1.927448383528039544e-02
1.726564767014406310e-01
2.614184889554132390e-02
2.971353189874815365e-02
2.359809020988669175e-03
1.165426967603483237e-02
5.065238667026289443e-01
1.508246599675655726e-02
2.149721821638333683e-02
4.372336248853377245e-03
1.438970082265299093e-02
1.397619298146525598e-03
1.616050726070349108e-01
5.926822213207715018e-02
4.364019306444998081e-03
4.724773933219811317e-01
1.516550599829203649e-01
8.469538349748215178e-03
5.714951942261529139e-01
5.097764828901621970e-01
1.053451657325665466e-02
2.689963597031941669e-02
1.092771973512983441e-01
5.525709941984942308e-02
1.747925525383136891e-01
1.217470952713148487e-02
5.260286160481734974e-03
6.653949090704153191e-02
2.215794873243625285e-01
3.399460513844452386e-02
4.920926459397867436e-01
5.542615190229908256e-02
2.087555296128499882e-01
6.664754306411373452e-01
2.273741016399333792e-01
1.523071993467069347e-02
4.348248978268733772e-02
3.332945887541691188e-02
1.052426420528261575e-02
9.702946552746309627e-02
1.614632843910924175e-03
3.506193588633858826e-02
3.507408967586147369e-02
8.713532272367811859e-02
3.036464205923689388e-02
1.211924300982069463e-02
6.189691744025545804e-03
2.387787226348106195e-01
3.556124625244493770e-02
8.119474874224902328e-03
2.930941353245121450e-02
4.061740172892492479e-02
1.327522701922971005e-01
2.566872395141892374e-02
1.041171040614487370e-01
7.064711887061757567e-01
2.660703598799848187e-03
4.215449925335922748e-02
8.072471989217734969e-03
1.749622745373874411e-01
4.507305558866882972e-02
2.631093726183661094e-03
2.060974165987064510e-03
1.073171511657512386e-02
2.807160089598615890e-02
7.222788133622419504e-03
3.788877025983932844e-03
4.257404089403320907e-03
9.137673733398113743e-03
1.685176660887123812e-01
2.568766127056615334e-02
1.657704950070973751e-02
2.774948247387290946e-03
3.483039435111047466e-02
8.805995106892793023e-02
1.248077809172204455e-02
2.258183814160793362e-02
5.244382994198596402e-03
6.170517752229024572e-02
5.071273028895784823e-02
1.775221431895983581e-01
3.915916011115017081e-02
3.369434278456222981e-02
2.004029949602449678e-03
2.751440377406878107e-02
1.464556599011518183e-02
2.940646919288223988e-03
8.625263546186220584e-03
1.476314863243109428e-03
4.476757150228025117e-01
1.151492369229531326e-01
3.720154002084695086e-03
2.847875077303903268e-02
3.958884040309685465e-02
1.664291593442241129e-03
1.396924045290324767e-01
1.492602322490347577e-01
4.285186795272414861e-01
3.081469372811507582e-02
5.451640658445648484e-03
1.319253190096155749e-02
1.306446922804692379e-01
1.999135205397912021e-02
2.980780263964694088e-02
5.923330173563232451e-03
1.474112076156255599e-02
3.681963012698977623e-03
1.582356360293391828e-01
4.520813287414011256e-03
4.582234635658925803e-03
3.768609915202571908e-02
3.760384014367683381e-02
3.726824719965535909e-02
1.808033606037015920e-02
5.960108308389160114e-02
5.694538190346175310e-02
2.947918610926563571e-02
5.708719607711151139e-02
3.403336390955680191e-01
5.612464724356457102e-02
1.725007826192639093e-01
4.951060018817135533e-02
2.946653428138248931e-01
1.824932519510912357e-02
5.725496834273120783e-02
2.244999002387313217e-02
2.960966451499153634e-02
5.298770727433468018e-03
8.491589933211989363e-03
4.221113511844532332e-03
3.401210181974322760e-03
9.099490271752798398e-02
1.441700363351453795e+00
5.695744012445488197e-03
5.706480674850658748e-03
1.091016096997600993e-01
4.679954871411070964e-03
1.510066255102504862e-01
1.299146348416151120e-01
1.631074331676547057e-02
1.468268891013003660e-02
1.560645667024983686e-03
5.124100541003403370e-02
2.009520557325137902e-01
1.003524139385411351e-01
5.960399343629922166e-03
4.630954668310101607e-01
1.309141930392751230e-01
2.432044086706869074e-03
3.500206703997348328e-03
5.518206634473151601e-02
1.690181634042370040e-01
2.856071428030114157e-01
1.205511969213597309e-02
4.394438228209032182e-01
3.436656679913239337e-02
1.383501800726336106e-01
1.254420016755839438e-02
8.893208308369130247e-03
2.501331755978905211e-02
6.430791291282370557e-03
3.505691711533387434e-02
2.711620051195533232e-02
3.277590223588061624e-02
1.419100409577806528e-03
4.799898477184580403e-03
4.566605654495104437e-03
2.208293586993418656e-01
4.187700864658969180e-02
3.237880548957353111e-02
2.892648653215508792e-01
1.545887453559544877e-01
2.758344527714669259e-02
4.435134035881758280e-02
4.270083831223786888e-03
2.575286468818932875e-02
8.862872888718079101e-02
1.425726312641256016e-02
5.422875784784254166e-02
2.364040161788012462e-01
2.278136356906025062e-01
2.933004654645523721e-02
1.824643936334500657e-02
3.435186497476529210e-02
1.090405284200995049e-02
7.002951412836938561e-02
5.251190036946974324e-03
1.090528023674409708e+00
2.995140371200961660e-01
4.632023571060254509e-03
7.278543731177992970e-02
9.034622492846859643e-02
1.787235275298245220e-03
8.522421543880508155e-02
1.903326931458005147e-02
2.954988650936977712e-01
3.956611384482934535e-02
4.726962423492454130e-02
5.893480334819257288e-02
3.490030473117485682e-02
1.798220899406478487e-02
9.367015979853476892e-02
6.079689030818910545e-02
1.092117836872496389e-01
2.700318041301142790e-03
3.741772194822839959e-01
4.163710563596355330e-02
2.834466495094521699e-02
5.037547861531058713e-01
2.962991699478094432e-02
2.106913339040875077e-01
1.042865588685851393e-02
7.255932251678412492e-02
1.897918695551622514e-01
9.081898137591606218e-03
4.413802891705150278e-01
4.336770735373187552e-02
1.978510408719157468e-02
1.337233094979778103e-01
2.575934789455903203e-03
1.977310667146480946e-02
1.734469813489949441e-01
2.700515835485437499e-01
2.757367326126648754e-02
3.571403474815102591e-02
2.512071913957997227e-03
3.798366491811747125e-02
2.969294828413041043e-01
4.212718846440155658e-03
1.584792254085234595e-02
1.820932458760236572e-01
6.685172282958784518e-02
7.824012577287563219e-03
1.404526446934222308e-02
5.578906425677267536e-03
4.410903039949033433e-01
4.185705311032537901e-03
3.113890235708284271e-01
6.713444637216865046e-03
7.652938902957679736e-03
1.028057655517873939e-02
4.472919226862185488e-02
7.319380045848353777e-01
9.325373651289459512e-03
3.270316372592624310e-02
2.323049917478606924e-02
9.426598754952086531e-03
1.725341426488563937e-02
3.390732337643510147e-02
2.425052818270629143e-02
1.880120098683654359e-02
7.490813025078089937e-02
2.997371879574503017e-01
3.069412466295976666e-02
1.338499139013373494e-02
1.853409803398746447e-02
3.905503205853766598e-03
1.417302268413464343e-02
1.538542967027630055e-02
1.452751320097420964e-03
1.064697930348871419e-02
1.151616236560375379e-02
7.735300256352684381e-03
3.168385116111255284e-01
6.000575018560515977e-02
6.110964719096954878e-02
1.313607021217533699e+00
1.091852037910734513e-01
1.532933057090013484e+00
1.286752629357381661e+00
4.703485169044209491e-02
5.374145831529351935e-02
4.844838136094402857e-03
1.573967830717238389e-03
1.148565473705632188e-02
1.398180820073350109e-03
2.023932292341027589e-02
2.937856937202358663e-03
9.339647270764817044e-02
2.800612863621354531e-02
2.920714710800870195e-02
1.609389700751556740e-02
8.405555164375038205e-03
3.055738594573287857e-03
1.352826555078355877e-02
9.026978649483873018e-02
3.230930823930208695e-02
2.793742938745502613e-02
1.426315229181608635e-03
1.386053867887414998e-02
3.098093213134892054e-02
2.721389725775601176e-02
6.258729377448117234e-03
1.167927475207210797e-01
5.736645798890380177e-02
1.538528170752570812e-01
1.518980137966823712e-02
6.780921868666842101e-02
1.947440113599195333e-01
5.260719977336714842e-02
1.200369665670374120e-01
4.748353952945354173e-02
1.910279005682745043e-02
1.569682714783839084e-02
3.169786551278017811e-02
2.980845231933611506e-01
1.968023190230277879e-03
5.797143546031523903e-02
1.505734406905987312e-03
6.898598086370477667e-02
4.487281014528833600e-02
1.838671786359230608e-03
7.793122899182990115e-02
2.798842276768246512e-02
4.765930357401056139e-02
2.154822735933836081e-02
5.982168109030568809e-02
5.162174456292798093e-03
1.739116347788299474e-02
8.096822956240760233e-03
4.126272865206056378e-03
1.898769664376514111e-03
1.958006163629846114e-02
5.550353116754269678e-02
1.839036073498078990e-03
7.222875470908106908e-03
5.012526916636561580e-02
1.590828767820514078e-01
1.067705413966752309e-01
7.324349692808962420e-02
1.045038695572198389e-01
2.064243404072768195e-03
4.464720075300503827e-02
3.976795518863871122e-03
2.895325599228508184e-01
8.285675524123918903e-03
1.096542075330240486e-02
1.744956201785599278e-02
6.078779107499853174e-01
9.374009966179822767e-03
2.265740473866572312e-03
2.397590987333744761e-02
8.513766895352833930e-02
1.728266034718297095e-01
2.563770543623166698e-01
7.199896043067642581e-02
5.314299950524801336e-02
2.804857866800346544e-01
1.380674527847886197e-02
1.391604931777539605e-02
3.792380523350681987e+00
3.700160795865583552e-01
1.038104782198340903e+00
1.522742556503195845e-03
1.109919398043377609e-02
1.098662349609214051e-01
6.403597397821848836e-02
2.673173692920441380e-01
1.135495581073406174e-01
2.461425420968707201e+00
5.130826096592948637e-01
2.040451418146624341e-02
1.587885532805827574e-02
3.970638517346638911e-03
3.347123546496363344e-01
1.127721430689799520e-01
5.057843473138572132e-02
2.496498599212462755e-02
9.326638224368260024e-03
5.790018240679543904e-02
4.584298189491832487e-02
3.815043793823128665e-02
1.749560742212064729e-02
5.217994167432971064e-02
1.074719363059646771e+00
4.350028646225074375e-02
2.411715491813972226e-02
4.343766287673423050e-03
2.437318647082218487e-02
6.893564466153813408e-02
9.371787626940589200e-02
9.498076437894782328e-03
1.345152670194391109e-02
3.716720277410932947e-03
1.009536682031780819e+00
3.026454786416661255e-02
1.663408583912473135e-02
4.736774667543201291e-03
5.914072290511027813e-03
1.640154536307195099e-01
1.988819194679564833e-02
9.071506867844005007e-02
5.728885970022627033e-02
1.295548319650448033e-01
5.758786404132631986e-03
3.513050910514709663e-02
2.365273932414682125e-03
7.235645529571003987e-02
4.891738980132788808e-03
6.505934132600899034e-02
7.454273249375364951e-02
4.174514955929356334e-03
1.641472065747403338e-03
3.308432803925396432e-02
1.384894007633638915e-02
1.713488364556772087e-02
1.002172656929562269e-02
3.192448758555935934e-02
9.879308272495453125e-03
3.919675597530349054e-02
1.699418598762063859e-01
2.760007833804056787e-01
2.504886089890699316e-02
7.328187489211986094e-02
2.118681140849868957e-03
1.965642056585379105e-01
1.428122177488213573e-01
3.107778914017706590e-02
3.279039170726787966e-01
1.529783592869349285e-02
7.571886099275309222e-03
5.045639408915967294e-01
4.498880277883111206e-02
5.449455101636735237e-03
3.764578754622217166e-02
4.863787368054371674e-02
3.999369387398599707e-01
6.161960916672128974e-01
2.828366705877837992e-02
5.126187733779510175e-02
2.398673949697001026e-02
3.360072514515727738e-03
7.554564553446327380e-02
1.847041807154922374e-02
4.757022628077569454e-02
4.820824455802904529e-01
1.715696260842210163e+00
8.322043268511158942e-03
5.681427904974990506e-01
2.735745087532927000e-01
1.531327934681309816e-02
9.178699192596906364e-01
2.469354948630111957e-01
4.518330625179231563e-02
2.621104791048126104e-01
7.127775023913161812e-02
1.415194866004555740e-02
1.378144740630159008e-02
5.281124030833295874e-02
2.949458196312730943e-02
1.372431260985713768e-02
7.142912395546721638e-02
4.268000790188052236e-03
2.922562053491505746e-02
4.660268073643700909e-03
8.724110741113862977e-01
2.011075168502067523e-02
1.771296946039139231e-01
5.040874120242884969e-03
7.044082079691336151e-01
1.462044355798618744e-01
3.355815309409231582e-03
6.507215730101072702e-03
5.780310446784025016e-03
1.287568277582334109e-01
1.982367012690712804e-01
5.544620382079247685e-03
1.326283577156419854e-02
2.557862643352719345e-03
9.772840326811011932e-03
2.084769367759673267e-02
1.612117756344444708e-01
2.324345325277408104e-03
2.420773629610981081e-02
6.409349216265677190e-03
3.637553620516956882e-02
2.274837361432090893e-02
1.004931061257832020e-01
1.645909158379487217e-02
1.598026666991558126e-02
1.972648010550658526e+00
7.563527366323247354e-03
4.261898570268821823e-03
1.598175800175496292e-02
2.274668259568912276e+00
4.231074566139430004e-01
1.722401753520667878e-01
1.789689241769736039e-02
4.889495711020376556e-02
1.599667216420610702e-02
8.841765280841527852e-02
3.515504491793784714e-02
6.445550833139845892e-02
2.641499978074257279e-02
2.188834479785609858e-03
1.922956654378353558e-03
1.728737729885861454e-02
1.459547779422064873e-01
1.039439832475294867e-01
4.829587199417835312e-03
8.111100451736261152e-02
7.926962038149177464e-03
