9.906127678333238595e-01
5.769479127804080232e-01
7.107626885619745538e-01
4.523634242262761784e-01
3.688926732416789811e+00
5.180204121062494949e+00
2.841528854384578473e+00
2.790025583743361626e+00
4.110804292879509880e+00
4.059532933113095821e-01
4.241947958742699143e+00
2.998209574640336328e+00
3.612987078726395684e-01
1.399199418474019074e+00
9.486273211585439569e+00
8.013073921391156151e-01
2.305893623474065013e+00
6.232895357260574976e-01
6.086993287406082587e+00
9.181097459667951100e+00
5.670095163081043665e-01
1.262844167975565757e+00
1.620344982963965119e+00
7.059009421141598795e-01
4.584058148056259219e-01
2.212862546691741095e+00
5.412435765900957207e+00
7.139895450920763498e-01
6.024669711713409592e-01
2.613681363677787584e+00
1.636899541087774246e+00
8.770120848124645097e-01
5.552338478750310502e-01
1.037481863155509609e+00
1.894285340565101228e+00
3.468318054822082441e+00
5.262129773310002534e+00
2.786449572034018995e+00
2.295401389473390008e+00
4.562559292134184541e-01
6.090262438159022018e+00
1.044629830650721347e+00
8.495420822038148856e+00
6.733249977567149491e-01
2.829051701874468527e+00
8.933176004665067671e-01
1.659573888058847757e+00
4.088087781385841168e+00
2.523726450670648713e+00
1.580431605062356804e+00
1.581174652281896797e+00
2.058490431562739253e+00
3.314259723468391261e+00
4.550360090628985943e-01
1.498742392849761407e+00
3.094214514368168523e+00
6.493051672067406965e-01
2.702045745336856708e+00
9.270554653158233904e+00
5.887647896873092757e-01
6.314010699914106572e-01
1.776462265188839762e+00
3.260442429032849976e+00
1.929850859530903406e+00
6.141271182342069590e-01
9.549225659964639235e+00
7.833641979501352104e+00
1.780864535964470363e+00
6.132930600593565762e-01
5.383345885641892536e-01
3.041512108173629159e+00
1.016377536392824021e+00
5.592143624740117502e+00
1.757511913523934988e+00
3.146291067256054674e+00
7.037075004463817507e+00
1.014370470093034493e+00
1.219107808444829688e+00
5.137278262762656755e-01
4.985088021167768169e+00
8.543676709740271491e+00
7.713060287902450129e-01
5.495054678972103313e-01
6.507106657868775290e-01
5.385067949040013957e+00
6.710357713858549067e-01
1.658366887807341428e+00
2.089141059634197717e+00
2.835908468722772469e+00
1.866096015296430988e+00
8.596839147430781480e+00
2.654413605728870973e+00
1.241316432387115531e+00
6.735686248401394627e-01
2.600575191030710442e+00
3.111249160710955586e+00
1.890014873766700854e+00
5.130865758010624278e-01
1.742013774390115843e+00
9.485718730866842918e+00
9.714704216416741644e+00
1.080747802977020111e+00
9.378432416119170112e-01
1.923973732324523622e+00
7.405888281587544864e-01
8.745599330743768718e+00
6.406421858081338350e+00
1.933972794500554038e+00
1.366714280165538087e+00
8.985559937187439505e-01
7.320040437053566329e+00
3.695317069951144617e+00
5.027824127882922767e+00
6.478200953268548057e-01
3.878583291255033871e-01
4.729336699505443775e+00
5.099182064417310256e-01
6.629901931977668639e+00
6.489702117092486233e-01
7.426311694113461925e+00
5.051530458960257208e-01
3.173764271165759432e+00
4.068514514673364779e+00
3.557264631409553512e+00
5.433452987081628383e-01
5.076923839812101491e+00
1.253614249485450305e+00
3.130355830558915642e+00
3.842840593977677077e+00
9.141296423687835793e-01
6.725644286837137997e+00
5.944127597654598638e+00
6.497550589919721675e-01
2.928067824495608207e+00
7.986913173964739210e-01
2.305451163803121872e+00
3.876518824898177451e-01
8.943850510594177905e-01
1.576769370833582595e+00
3.946459958073813112e+00
2.623801453119161131e+00
4.474922882548129976e+00
1.382637726399687850e+00
3.891390724984725713e-01
4.260190539915802432e+00
1.523711895376103520e+00
3.950654959454829473e+00
2.250601714487759697e+00
6.310900563485574821e+00
1.932485725525769471e+00
3.760129357541146522e-01
9.234027817648038372e-01
2.840007458054384593e+00
3.404928573334359054e+00
8.540815990664125223e+00
5.386800151776975909e-01
3.838674872165127372e+00
2.926541898074132231e+00
7.812237481682503537e-01
5.171990925862628430e+00
7.144314407906521502e+00
3.443049411990145359e+00
4.994344714478627267e+00
4.732849525187779349e+00
1.007616190291795277e+00
2.167435102725697949e+00
3.198213547111519173e+00
1.358133357352342419e+00
1.331128349605862793e+00
8.610757224091662110e+00
8.040437010294125830e-01
4.455248234224402637e+00
2.548830703304699075e+00
1.500502991485856974e+00
5.569949736323073886e+00
1.452995978451154580e+00
1.004844893014354534e+00
3.923879689987794794e-01
7.060988110381787308e-01
7.579820394053344401e+00
8.581747902467430578e+00
1.591576711116510667e+00
4.741078712352445046e-01
6.468953698792209162e-01
6.411723661547802600e+00
5.110898164764855478e-01
1.222467267258194212e+00
3.008810356141888853e+00
2.445937770709059489e+00
8.950514676990330543e+00
6.325709451264070360e+00
1.201700535042245388e+00
5.170610621995127332e+00
4.374130558320141304e+00
7.006096199769505928e-01
7.295445938784653750e-01
2.170223073868190689e+00
1.893814761669647240e+00
4.594654497123323189e+00
1.793408517188040063e+00
2.034322425114746036e+00
7.718456214408169203e-01
5.186362010619885332e+00
6.259402799540279894e+00
3.884276161909879566e+00
9.203492366469611108e-01
1.080418837007120159e+00
5.575174690277274969e+00
7.999382069173327281e+00
1.868059714133688320e+00
3.697287648817249472e+00
5.543623965448333912e+00
3.919779825658117112e+00
3.218413411523053935e-01
1.442668115983586796e+00
5.553562664459430476e-01
4.893492049272567535e+00
7.467088971844545675e+00
4.706704006092198855e-01
1.681358835054509449e+00
8.447920555197995895e+00
1.397603104639010940e+00
1.681014953809499834e+00
4.611533539389742198e-01
2.278369875944277201e+00
7.824292471116510939e+00
2.581936606855951943e+00
5.155562916632149273e-01
1.557774349286511484e+00
7.330312255072580774e-01
4.349941416634004909e+00
6.870901607452872817e-01
3.218413411523053935e-01
4.529212201785058234e+00
2.443613707811670199e+00
2.204185268757302030e+00
2.256163197990296965e+00
3.731712806579612907e-01
3.528722999694406504e+00
2.011212039577961797e+00
9.205988563303716177e+00
7.420636476272088888e-01
3.368940628441466689e+00
1.729023884006965606e+00
1.361393971456460905e+00
8.394923054985197197e-01
4.442501730058651677e-01
6.156199849278707337e-01
7.575276359159131445e+00
2.024583681952865977e+00
1.092102538862752326e+00
8.109668266743732090e+00
3.453861885795970643e+00
8.313625970207477067e+00
2.867570513664984500e+00
3.218413411523053935e-01
4.852572565534357452e+00
1.754694878693309645e+00
4.064127808553223531e+00
3.218413411523053935e-01
2.528497325533038520e+00
2.133474861545258339e+00
6.172248671110956986e-01
1.348743426163640402e+00
1.452273588859180453e+00
4.203986298495108187e+00
6.460199317487096415e-01
6.652974258596754176e+00
2.950707523892260209e+00
1.011040958172944926e+00
3.290174219827377566e-01
1.350406326176939009e+00
7.106661008392465284e-01
1.420239456959946134e+00
5.222311940356765270e-01
3.804059122394464421e+00
5.546575844421333557e+00
8.805037906300471562e+00
2.224841320994560778e+00
3.879258720967848628e+00
2.317660183487007863e+00
7.015545609361103496e-01
1.214435397554806118e+00
6.557472223347355467e+00
1.784262409045244135e+00
6.755683200127892141e-01
6.325335630090187511e-01
3.174667244978663927e+00
6.017206252686907453e-01
2.296724912705474075e+00
3.487749151450303953e-01
1.047159809083100690e+00
2.002474817061755452e+00
2.638738918857780114e+00
3.387495222376765147e-01
9.575237799407465999e+00
9.131123094572274113e+00
4.150910271671016005e+00
4.507276358615068812e-01
4.038072474993723016e-01
1.513541611445532897e+00
5.097295808359111113e+00
6.745734736818565835e+00
1.233968312893391372e+00
1.803084244874209929e+00
6.164365389717323396e+00
3.026951256479534003e+00
6.668053026421986162e-01
1.849707275130735518e+00
3.376134409676335713e-01
2.142453726175307605e+00
1.074647047905776809e+00
1.613399299501578232e+00
5.814966226479458822e-01
7.353369821383464178e-01
3.999539849385009838e-01
5.894569974236320675e+00
8.037372320563937578e+00
1.343641330874383977e+00
2.549331943666434341e+00
1.932681296404076932e+00
1.557805663058234646e+00
2.604011790532893222e+00
6.069353088408259822e+00
1.939610758905958798e+00
3.948339208473428563e+00
7.284273769795161613e+00
2.929461257748209313e+00
4.300670673751491591e-01
8.543874179192478380e+00
8.268239679781583362e+00
7.477812712461352485e-01
2.353925175120724855e+00
5.321636884279461466e-01
1.864043379370927900e+00
1.899843338273090820e+00
8.828169693547227581e+00
4.825604609803723077e-01
1.807499020478767315e+00
3.245900997460654747e+00
9.080015748727207736e+00
7.253546632554916940e+00
3.964235755805461392e-01
2.495452919474757891e+00
6.534329169489032196e+00
1.813982274436434006e+00
1.692671098620711634e+00
6.576436905223212115e+00
4.288391187360432788e+00
4.169110532517895429e+00
8.036303810447824603e+00
3.104922871560164221e+00
9.444719557811649402e-01
5.951606146333713099e+00
1.890059481132317920e+00
4.080005717251101061e+00
2.041108929713587816e+00
1.778504651205251585e+00
2.069997137089651051e+00
4.393473233981494142e-01
1.830821151815161141e+00
2.397468186451480410e+00
1.424182180354329752e+00
1.959699205880594652e+00
7.255992828723302202e-01
1.035925329386074178e+00
4.746492658565377165e-01
4.409779451483603618e-01
1.809764564398324227e+00
5.485684193949262877e+00
6.905062198364508852e-01
9.144424346497709299e-01
2.490354854863340073e+00
3.023384559685100115e+00
2.461683599939407774e+00
1.980353754513107134e+00
2.148594571805206854e+00
3.462695731740218275e+00
7.987559985480418012e-01
1.278171757998005198e+00
3.290274313613201773e-01
3.436393580720275676e+00
6.302965174089361078e-01
1.964449090473904702e+00
8.946230544582438604e-01
5.238555727246017923e+00
3.743834544120562491e+00
4.088248108302616202e-01
8.961257717082153906e-01
1.172820984566478764e+00
7.302243366801948632e+00
2.658344912367492707e+00
4.230515444250303680e+00
2.436468289805922449e+00
1.693016509902447675e+00
4.503758568135785012e+00
3.631283348474545480e+00
3.915287032901648701e+00
6.286728033113215819e-01
9.698142456699473390e-01
7.627652684763237545e-01
3.301263681767849789e+00
7.236342575903537799e+00
2.752558213863003367e+00
9.989295205977142267e-01
1.516896219365045040e+00
5.524337550091981131e-01
1.885826661346688304e+00
6.777652647350993043e+00
9.662822898083252010e-01
7.959686030664685497e-01
3.483180265907714013e+00
1.125364850216801216e+00
3.992782174178310384e-01
3.662526024482424702e+00
2.014785436683204978e+00
6.540409783462713955e-01
8.753734729001472203e+00
1.760076931950713020e+00
4.755991035232244535e+00
2.019745101836842416e+00
7.149023922875976655e-01
4.291319720304309082e-01
9.407356387492308292e-01
7.659465468760267903e+00
2.294673189217674825e+00
2.088063734873875976e+00
5.731082812025027451e+00
9.929965283216012351e-01
6.482570843293460783e+00
1.024569874832010896e+00
4.124116661973349363e-01
3.218413411523053935e-01
5.047106220343611227e+00
2.810879030948366886e+00
3.218413411523053935e-01
9.179059184135388350e+00
4.549487629315064119e+00
8.809407143040234089e+00
1.477421936125428825e+00
5.378482465591833517e+00
1.523090862883201613e+00
2.114704138494793551e+00
3.482898601512045555e+00
7.121817656689827247e-01
1.285876867720197936e+00
1.125649900698365125e+00
8.583362280966539970e+00
2.441668540573884716e+00
2.109343272777573830e+00
4.013355357502728538e+00
3.654396197917307187e+00
4.707528620790428220e-01
1.199265541163732518e+00
7.968496297158328412e-01
4.110307748183859466e+00
2.670563779166370999e+00
1.194177669938059294e+00
6.044144770730762728e-01
8.948040513449479150e+00
9.677328859048370813e-01
1.896607463753260392e+00
4.415815265343069562e+00
6.745993512634826494e+00
1.730170557605413384e+00
1.752161428500851770e+00
2.201878982620856906e+00
9.154650002191400127e-01
2.446670614971879765e+00
7.641848133379969266e-01
8.190569540828349204e+00
2.509376029786599460e+00
8.597725983389485904e-01
3.717034403612952675e-01
1.253641190330773814e+00
6.635561365361548170e+00
5.037877666829878365e+00
1.530228953137084069e+00
2.182069815499152021e+00
6.454871446790337863e-01
3.457524195190824212e+00
3.337707941333408534e+00
2.157350797301047507e+00
1.537621671447814364e+00
2.993174915846340767e+00
5.103885354972399924e+00
4.346313719111265961e+00
1.965763479463372043e+00
7.759779943550696446e-01
8.598346833134726808e-01
1.187797148591897889e+00
4.728572577098438812e-01
2.461030137858418509e+00
2.602242411915127285e+00
1.861000717246229064e+00
3.103704530425453356e+00
2.501139793203860595e+00
6.272987343069218014e+00
9.494575856750634202e+00
7.686871896514106517e+00
4.298385051211005781e+00
4.104185955611276415e-01
3.182422229237737543e+00
2.671709019509836747e+00
4.995573424265105977e+00
8.812395485991065813e-01
1.774445556596932594e+00
3.131320329162837535e+00
1.205815163637092180e+00
2.522348346496091409e+00
3.945044752998633775e-01
1.934823982736293191e+00
1.362293421995817821e+00
6.773648787639200641e+00
3.218413411523053935e-01
5.835619264142559715e+00
1.234567763156819709e+00
1.589240051066314718e+00
4.965740180989973718e-01
3.663668867943882246e-01
1.557974572035892402e+00
2.754878629530547851e+00
4.605766151800065877e-01
3.183741784358098847e+00
1.093299440135031109e+00
8.052982714874501013e+00
1.710631393006139644e+00
1.712476894834487728e+00
5.409849548518870677e+00
7.961118022300555985e+00
2.428174490353271597e+00
3.562849148286791667e+00
1.798585977874794350e+00
5.338539480950511340e+00
1.137033675052240067e+00
5.722864687228597980e+00
9.027024094602119630e-01
4.493786903009026612e-01
7.322980828250976515e+00
8.161200791066145044e+00
1.208486761921777397e+00
2.312059753892278025e+00
3.662434878551027229e+00
2.577695798297601204e+00
5.727373869012525986e+00
6.398711389116129578e-01
2.235707310458896035e+00
5.583138175582289087e+00
1.720826928272264800e+00
3.616323399520974813e-01
6.898156540125381930e-01
4.683217274000179842e-01
2.872736545713888034e+00
3.129285979733230860e+00
7.694528579660540046e-01
4.726980596059297213e+00
3.237120393104508942e-01
5.023773266648301927e+00
4.599696324465988084e+00
4.467174688896347057e-01
3.236729859150774491e+00
2.645839130348925483e+00
2.547565821661329721e+00
6.378047910431523526e-01
2.769348631208495615e+00
2.587277217781969618e+00
4.410350750794712837e+00
6.540310305128805624e+00
1.974120681519210496e+00
4.734516883680478294e+00
2.375795997537395010e+00
3.303707851151106989e-01
8.399111871528165407e-01
6.557171231253405175e+00
6.761072744391471545e+00
5.454376315919089002e+00
6.831071347910874003e+00
2.326703123110732907e+00
1.036215748841956774e+00
3.269782440088830344e-01
2.162661975294900785e+00
5.442454285564094496e-01
2.303812445193130998e+00
1.971144116011040781e+00
1.754507346237564436e+00
3.140945728600770259e+00
7.337728686926699773e+00
6.126887649121857127e-01
2.066194109035454307e+00
3.675862085313006400e+00
4.282367763628491808e+00
8.094671754265480024e-01
5.283578279773946562e+00
7.125119438439517783e-01
5.016924627284497618e+00
6.235102141003659781e+00
2.020169964565114995e+00
6.984528638623707764e+00
5.482754174230183963e+00
4.962854756478276563e+00
1.979301228519181111e+00
2.008916875919520173e+00
2.317649529904945549e+00
1.818948523500055314e+00
1.349958322861422033e+00
3.685832391843446132e+00
5.271914410291736353e+00
3.796101017516258502e-01
9.609746086006517585e-01
5.103240155945446554e-01
7.653047649457214163e+00
9.421013994404798808e-01
6.776436624258638020e+00
3.387557532601004340e-01
9.614454426657135233e-01
3.120284707825641046e+00
8.878703897321021943e-01
8.362074776402147691e+00
3.346377720942222300e+00
3.861617993931609205e-01
4.904935101450184076e-01
9.540192825556005340e-01
1.150241713617569550e+00
5.316510812467266867e+00
3.048993143534187045e+00
8.526352112112467463e-01
3.392033024558225307e-01
9.780099756237587982e+00
4.383108340388148783e-01
4.659962987078545282e-01
4.817805504548172024e+00
1.352819018122342953e+00
2.847179171079015081e+00
7.575466622563660657e+00
8.754240304701681907e+00
3.692082270378511666e+00
2.447110134380559465e+00
2.317288138438224454e+00
1.576002226530879957e+00
3.652326491066655301e+00
6.573001575420258646e+00
3.365711152271110951e+00
1.033566562411479151e+00
1.517570215845918336e+00
1.122612350203103793e+00
9.052042322702401611e-01
5.549288452424320228e-01
6.228458434354847695e-01
7.487731746062409321e+00
4.646211292439594853e-01
1.591917288659713492e+00
7.977803173524768532e+00
4.760554892533368054e+00
1.274622024382142227e+00
4.922431566994517560e+00
5.601479134694042905e-01
6.149213529322708816e+00
3.552182606425393629e-01
5.958395688842812454e-01
5.395544852849247341e+00
1.428197289343367871e+00
1.009312082683662126e+00
6.820816013184297866e+00
6.859533679354798075e+00
4.510642668479668771e+00
1.342203820497556599e+00
3.097687247728191817e+00
3.124490246988482767e+00
2.717244059157794212e+00
7.511092319369989667e-01
9.944295685778787863e-01
9.338348888222529620e-01
3.283250921227549135e+00
5.612439621862465033e-01
3.513414837027777349e+00
2.002684309610797797e+00
1.699867404492301004e+00
3.968312958931692336e+00
7.506961380246162108e+00
3.218413411523053935e-01
1.741979994028039824e+00
2.837110661901868447e+00
1.001058478127443863e+00
3.066793627537982125e+00
3.459837850867585995e+00
1.598933436653220852e+00
3.117016698226636517e+00
4.249367126877595102e-01
9.484771271918953639e-01
8.114368508064831786e+00
5.536881982931839419e-01
1.334526443756199887e+00
2.967158987391042224e+00
6.747112813916555929e-01
9.029782285341637627e-01
3.310944234078491699e-01
3.412823839685935390e+00
6.452041229163564040e+00
3.211666359781609970e+00
7.655797360602359936e-01
1.092457105319240229e+00
3.831254334727378641e+00
3.450815654711210101e+00
2.425736545306940606e+00
5.931305019567557402e+00
4.712665206956992314e+00
9.366348756197537817e-01
1.854641363070399285e+00
3.848431245817670820e+00
7.552934837967842263e+00
2.857638405855764230e+00
6.808642061387771172e+00
1.267521956689917184e+00
4.585056356133809241e-01
6.982916901764447681e-01
4.088133401329628325e-01
2.916818078376821166e+00
8.810587329361458941e-01
2.853813632507536724e+00
9.032513351653124190e+00
7.387448185604766238e+00
5.834091701948783459e+00
3.474485729682848856e+00
1.572920139863886790e+00
1.975689427192092840e+00
2.740472017318380527e+00
2.302032608418980608e+00
3.818982186322475325e+00
4.078501810672451877e-01
6.886981473149385025e-01
3.774474205336676991e-01
1.082268249696267670e+00
5.112678067658508851e+00
2.839341024513566847e+00
3.854891242532574314e+00
1.198705400739929372e+00
3.311969290904286822e+00
2.489558128478253973e+00
7.945290232272927078e+00
8.429607285507888514e-01
3.581248940542869352e+00
2.867016501952277974e+00
4.625639397806708963e-01
8.201874835547293685e+00
1.491296532981563061e+00
2.840252693070912660e+00
7.923683968812593292e+00
3.460333442158750827e+00
8.392849916785262820e+00
1.352056411020776228e+00
1.047268450190721012e+00
1.336599806710372151e+00
5.202709170909337821e+00
4.228364572364010421e+00
5.826050006922200097e+00
6.796637663701695642e-01
2.764132494783011040e+00
2.868642698989155804e+00
2.691196551150055960e+00
4.439217933271860872e+00
5.863476769949071965e-01
1.235557792324268656e+00
2.854597901723516795e+00
3.081282544007915458e+00
1.221315018336990077e+00
6.767329632303959563e+00
4.957557939384082957e-01
4.813831623763965339e+00
3.218413411523053935e-01
8.252239569313633005e-01
4.233573414836894422e+00
8.004491895937274393e+00
4.297899733542599465e-01
6.634292802517664178e+00
3.893130311239339392e+00
2.548606147839454827e+00
4.735697168817062930e-01
4.143685143444767682e+00
6.887578887076835077e-01
3.905919788099954548e+00
4.353843520135438072e-01
7.050026830155672330e-01
1.573844048113709704e+00
1.238152871657148379e+00
9.147291514378695920e-01
3.354347392670969263e+00
5.200017915165225268e+00
2.325988587779133088e+00
3.221307652330078319e+00
9.167604619511235953e+00
5.800819834707973577e+00
1.011854324297926544e+00
7.904365046444250531e+00
1.045876619369441318e+00
4.451593782166915481e-01
7.077983711705758685e-01
8.772542564231304851e-01
1.566980109666708865e+00
3.121262576024191659e+00
1.857769706356571238e+00
6.273576785278923706e-01
1.646001783861398948e+00
3.353935401587530563e-01
1.395943662365056959e+00
9.217742678092388786e+00
3.661942866439461319e+00
4.481106204610212917e-01
1.150769102018164958e+00
3.218413411523053935e-01
6.814776888001595978e+00
8.096273391956216869e-01
8.033705827055545257e+00
2.349645044067522281e+00
1.332878884646625517e+00
3.426992358879709766e+00
5.347900196978257803e+00
4.568429186149384202e-01
2.681632594733045938e+00
4.256060652101848696e+00
2.469111562405166271e+00
1.295319097853706358e+00
3.973245230363507408e-01
9.165245833204231474e+00
1.500700024832910096e+00
1.398244974318394229e+00
3.657621144888949072e+00
4.416408436795844494e+00
1.050933806932778714e+00
5.223362494298640080e-01
1.566623201581552660e+00
6.157605512082453991e+00
1.737679320424641904e+00
7.329000808569201553e-01
4.595543501679354215e+00
1.989808479387956686e+00
5.336677534719193261e+00
1.386002935770031419e+00
5.047922157378344821e+00
4.234306155960580575e+00
5.809712753383863282e-01
3.243205563608980158e-01
2.695427222122093180e+00
4.916268758525214611e-01
1.326372756767485672e+00
4.940573221326563846e+00
3.854063130777907631e+00
2.092232263612919141e+00
1.506181115692522665e+00
2.502108634766897488e+00
8.313705272189565676e+00
7.161412671066328395e-01
2.113585267115613675e+00
6.245262731989933425e-01
2.245252555810302919e+00
4.839246152275902269e-01
3.008856436979560289e+00
2.210654275519262413e+00
6.009744103082888422e+00
3.887657077941007344e+00
8.217014100958246470e-01
2.601373331071349604e+00
6.789086727941154864e-01
8.858761643347251580e-01
1.269744008498877363e+00
5.223795662049964150e+00
4.972731606829677298e-01
2.569487467669034242e+00
5.259002818724689554e+00
2.690265108390978099e+00
2.034182273864696189e+00
6.790583687882590924e-01
4.981376946250859028e+00
3.351120724912177273e+00
3.676232087791732273e+00
2.711870774476970780e+00
3.588227792581501596e+00
1.296475981798266508e+00
8.079509052091642829e+00
5.559476338849222543e+00
8.828260487447560090e-01
1.964545364353421197e+00
6.966905613713856305e+00
7.204096956659766349e+00
9.965910594747645623e-01
3.555747293206028559e+00
7.527640986927601752e-01
4.245243964985873752e+00
1.413800703159672656e+00
4.129646477631801482e-01
1.083883388253398916e+00
7.854841882727368052e-01
3.913226861520118671e+00
4.296371046121842396e-01
5.407733668006496908e-01
3.404320359324877199e-01
2.369660840826183890e+00
3.164618735086210055e+00
9.775971479949618015e+00
9.603037963834916146e-01
7.318312733914403623e+00
1.021954751172418741e+00
9.643251461493098642e-01
3.169801892846923597e+00
4.664160852674191560e+00
4.428227984235820203e-01
3.384596203102784084e+00
1.645969889838877487e+00
4.983697520520609991e+00
2.512172760445182895e+00
7.172984359914096331e+00
3.481096700407645961e-01
3.286252429630294625e+00
1.694995724959063033e+00
1.123435325684509767e+00
7.741162839696107412e+00
2.659407339158658345e+00
3.506566539670439298e+00
3.889594019362450528e+00
4.143385261993433599e-01
7.992086370223215885e-01
5.738640809865701797e+00
3.439727952406288036e+00
9.594505885921259747e+00
4.733027566501387118e-01
3.944504135054527794e+00
8.100420927295052254e-01
5.013842805904816791e-01
4.245541582740718134e+00
1.177424563310046857e+00
2.874685372333003031e+00
1.820623846278129010e+00
2.957812776129991938e+00
3.973698919647174477e-01
3.155061382641382917e+00
8.857438404504261342e+00
3.086715892502191583e+00
6.903095019853967562e-01
9.222040542346864100e+00
2.462574615577731940e+00
9.119770415973075250e-01
2.015663977703066490e+00
2.265523544584339799e+00
2.957536157411591038e+00
2.382463846111990247e+00
5.946569769365449565e-01
2.218507441154816906e+00
2.702079208728217719e+00
9.251029357727972302e-01
8.177549640368235728e-01
8.212042045425169690e+00
5.619583833845371856e-01
2.167650373722690205e+00
1.061754044430126775e+00
1.087831811974784291e+00
1.884386287959352257e+00
5.350188792990704378e+00
1.832776700477240395e+00
2.039701022383405338e+00
5.764271362706713475e+00
3.515093800203233254e+00
4.802847178146522289e+00
7.242088019293186907e-01
3.082370411784939535e+00
5.044032842206366496e+00
7.182794640207472714e-01
4.166339228500194336e-01
1.086795023848554420e+00
3.170574620636986474e+00
5.767283057396657142e+00
1.416742402033494441e+00
9.357891420866624177e-01
1.309738284446071210e+00
4.145439514468481912e-01
1.089534594586932359e+00
4.496259018697869259e+00
9.902445939650262874e-01
6.439683750875518919e-01
1.780128832271924866e+00
3.631118426417999423e+00
2.369378370565628611e+00
2.637197473367779210e+00
3.660161842955327316e-01
5.759190113980884318e-01
2.148075315424467835e+00
8.441959375346509420e-01
3.495421381452943788e+00
7.939986998657447614e+00
1.149362362166037377e+00
3.091142982047791588e+00
1.291738712705151837e+00
8.736234833711570502e+00
5.490195042855420260e-01
6.181256604596022441e+00
1.270679139993223350e+00
5.061125781527677781e+00
1.369016081648503746e+00
7.657923730247329530e+00
7.225036108811205615e+00
1.078842943223464745e+00
2.027579695141922045e+00
7.724554893491333285e-01
2.774458714763752720e+00
1.727976923942486920e+00
1.642223499152133614e+00
2.263530015887677216e+00
9.833062849590242793e-01
1.091486994705034075e+00
6.573597951450308452e-01
8.562079775981407126e-01
8.728395581181288554e-01
5.126616360201222689e-01
3.797692027851313767e+00
1.086530040757296645e+00
5.155781115938609993e+00
5.064926366480282383e-01
1.247629077127939690e+00
9.233866696354317227e+00
4.105411953663963054e+00
2.048116030313708258e+00
2.987505943349132664e+00
2.627675512119441947e+00
6.958888610144982501e+00
8.240693281509151591e-01
1.309413606657034101e+00
5.697335579388588478e+00
2.309667391724470331e+00
2.312512942966808982e+00
6.400134882199866482e+00
4.218740119843433334e+00
5.121664983184449405e+00
5.386559187056663589e+00
1.362848235120777352e+00
7.956675928425840372e-01
4.040100798833580420e+00
6.477825774325270736e+00
5.056122793827246831e-01
3.263911391752041702e+00
3.555079966349433906e+00
2.245885636441493194e+00
4.997773363613445596e+00
1.570337393686648708e+00
1.431945264622899172e+00
4.916967050395175676e+00
4.779192887533177725e+00
5.670098727531747151e-01
9.381868522074837458e+00
4.345928587547685851e+00
8.310558307516524579e-01
2.903044043737687652e+00
4.809089006459692506e+00
7.851689995192897564e-01
3.220487349122709841e-01
9.285072651174757219e-01
4.004714981647327754e+00
2.726416175176465284e+00
8.514822150362615361e+00
1.827712247016064495e+00
2.328227340702971659e+00
2.661493826758047465e+00
1.877314099234420164e+00
1.947703539805522022e+00
9.032469877570045824e+00
5.393248940024645277e-01
3.615154084687982605e-01
5.613177878168546187e+00
7.327946154960397473e-01
5.174428753689031879e+00
1.147282946999632181e+00
7.923641597921976532e-01
3.218413411523053935e-01
4.234380047719891182e-01
9.976521502982254042e-01
8.287692711412303126e+00
1.264740967661373672e+00
1.813819676547825388e+00
4.968210251363130325e+00
1.649295063780433779e+00
1.804003380471749685e+00
1.195140887321764378e+00
1.426030659237435660e+00
4.491695408864813110e-01
4.175901304034093542e+00
5.970230826814851177e+00
4.302901220006969951e-01
2.591424114598424477e+00
1.054619574352015476e+00
1.495771155859372481e+00
5.287811003964732137e+00
2.290725540335294408e+00
6.179665009481627891e+00
3.335696175778988803e-01
9.292414775442043862e-01
9.583282502382306944e+00
4.937807644388796824e+00
8.900651078361689894e-01
8.285313762543394134e+00
5.654746652814395258e-01
5.098448990936588210e+00
3.729050218417264695e+00
5.163277244819314937e+00
1.881217860789984764e+00
1.214091040619668549e+00
6.007853374939091218e+00
3.291754498145707863e+00
1.783618438890438362e+00
1.036763951494031000e+00
1.380563033664318873e+00
1.428233506606320757e+00
9.417539857728813857e-01
3.537849679267953462e+00
3.385978994225152139e+00
1.139464814159225847e+00
3.021897740094255269e+00
1.889008699582612083e+00
3.003377442535311470e+00
1.757277254099607555e+00
2.041118162614145692e+00
4.657424620215305788e-01
5.843972274134753286e-01
3.552675454630102037e-01
7.693137830292625878e+00
4.393116511619449271e-01
9.221475550549131484e+00
1.727361585475631012e+00
6.713180159933817670e+00
7.604233404457937384e-01
1.788261972066569339e+00
2.321878043143676518e+00
5.064788367468889829e-01
7.283739308243377231e+00
9.822962968317551002e+00
1.475437072303570352e+00
5.742609876265277080e+00
6.367629180386809473e+00
2.523535619655298046e+00
8.151828026382798242e+00
5.724942508015539389e+00
3.300597912051353333e+00
6.742467371559162537e+00
3.843581914720152204e-01
8.806677470520279272e+00
3.868399311108050576e+00
3.129682120195786510e+00
1.378789079518984773e+00
1.239082863590339034e+00
4.451026257007848486e+00
1.215275899004989668e+00
6.841543442915433149e-01
6.848222334433030634e-01
5.648032889741660512e+00
6.873965683250569114e+00
7.543994169674536066e-01
1.769726681885136932e+00
6.389371337217783164e+00
4.965978117893924959e-01
1.951134657722646493e+00
5.925891201608141756e+00
2.122063273420229379e+00
1.323196328101764907e+00
5.707576670168630351e+00
7.448569597081070581e-01
4.253350124751473782e-01
2.622528402561679073e+00
4.000098842185183301e+00
3.146522015152412699e+00
5.744080891371129205e+00
3.928269715674244655e-01
2.490769467098221224e+00
8.085705496244761648e+00
3.218413411523053935e-01
3.742483293982093784e+00
5.163218374338387484e+00
1.125040075590886257e+00
3.652381078110457757e+00
1.828874628212603826e+00
1.829114366666217739e+00
7.775225385383003562e+00
7.791426107133234691e-01
8.876487892666835577e-01
4.429013464344732753e+00
9.797308831081115166e-01
1.230969898344856928e+00
8.733787326122109951e-01
2.314486325569686365e+00
1.102322034986538357e+00
6.011826012700719479e-01
3.120198587057594342e+00
4.471744000902060812e+00
2.158625569536278377e+00
4.994739969020447923e+00
3.610393754270250000e+00
8.823751456294701701e-01
8.220485561688768428e-01
2.736926083632299722e+00
3.429263345936903740e+00
2.481234591079490404e+00
3.613110316447583625e-01
6.865199641413425979e+00
6.682611681068243437e-01
2.879381976799859189e+00
6.125218184456171500e-01
2.506485700039986941e+00
9.720815887142425504e-01
3.070006052192813417e+00
7.683820718906531511e+00
6.847336109344379640e-01
7.548826357380503671e-01
3.938289724296474947e+00
1.367609716662951058e+00
1.393957444226776365e+00
3.024083939903858820e+00
3.205328952294355105e+00
1.769216230166842596e+00
6.560139988736344296e-01
2.711526888928437184e+00
5.740565068110874414e-01
1.941928611475425726e+00
2.090978620850023617e+00
6.707248686129977600e+00
1.421418021748833249e+00
3.797870276289026514e-01
2.043452137853443151e+00
6.737400333272233199e-01
8.047457419595540173e+00
5.726464999985164006e+00
1.432424068780466575e+00
4.629386992728363737e+00
7.572352510945167259e-01
1.143477830083806213e+00
2.891336133172826450e+00
3.611824531521244386e-01
1.180345519695611856e+00
7.230053119801694628e+00
5.035967071863517441e-01
1.023509265462121620e+00
2.851461471275925419e+00
8.689614778783907312e+00
7.064435332838829851e+00
1.562687479034116089e+00
4.832646392433198046e-01
2.301945292636509599e+00
2.591896746061249868e+00
4.233320970747543877e-01
2.088944672443620476e+00
5.792187478761177122e-01
1.678319922525745023e+00
6.637888656583053937e+00
2.794958173197610307e+00
3.981563151526132938e+00
7.125448232548597938e-01
5.756930594147187108e+00
4.640848934674570714e-01
5.668180674128304730e-01
1.648279901679424508e+00
5.156162244060488398e+00
2.863298515783237352e+00
6.668943963847883794e+00
2.003909154493313860e+00
1.617142915839483441e+00
4.533138924025480243e+00
8.086932385310627858e-01
6.915743116217499598e+00
5.832158097612959224e+00
1.358489229742660287e+00
3.388214110194297746e+00
3.823051013444789703e+00
5.477264442189039961e+00
3.932888049636337424e+00
8.484815762770889336e+00
4.580619210770777161e-01
1.739844490715365843e+00
1.442478456975916146e+00
3.825228675213713014e+00
1.834740925582321269e+00
2.477672066041827659e+00
6.469855202878230793e-01
9.816511851463807226e-01
8.493644799634813003e-01
2.948323813892879119e+00
7.476894960665200207e-01
7.108493821006808266e-01
2.252179557353838124e+00
7.273259276574887799e+00
4.754539269228247989e+00
2.005062013149923938e+00
4.730624923800645476e+00
3.895446196744880574e-01
2.851367609086949084e+00
5.442217954185121220e-01
6.014187420284886620e-01
8.539437516548417095e-01
2.170498845863010562e+00
4.522143518068541534e-01
2.706758600665050807e+00
2.371882077607847084e+00
1.808090743883239648e+00
1.165011324460561770e+00
8.006416625153400801e+00
4.467640680167336287e-01
1.937617485883723623e+00
1.594410212233580815e+00
7.753543407903657148e+00
3.863812465785780303e-01
9.365587886879594981e-01
2.564060862386565276e+00
8.008089657126795657e+00
3.312949394779552414e-01
1.925983606502769785e+00
3.402222703071222654e+00
3.187712188291622617e+00
9.108197085880314070e-01
7.873749192406402919e+00
6.989296571706383077e+00
1.380304694328486681e+00
1.143298260021305746e+00
6.230725998760989093e+00
3.309061363046552184e+00
8.703938132073375300e+00
5.860156941500924699e-01
1.213011218707666705e+00
5.984731233400624184e+00
1.389128943772610647e+00
1.306947609189287318e+00
1.420825678401943959e+00
3.330041839607302379e+00
3.620567466079398500e-01
5.786172498011564747e-01
5.621070427950657367e-01
2.017637670863801969e+00
7.103015726539060992e+00
7.822620777923146029e+00
6.181464584690664843e+00
2.252391527909924029e+00
2.693239478736406678e+00
4.428527901955826573e-01
3.512147893842011648e+00
5.379186830834201682e-01
4.649207834459422983e+00
8.053996199030896364e+00
1.346120168157915353e+00
4.002901923604951229e+00
1.735319163994739400e+00
1.027504636861114928e+00
7.350581320885252623e+00
2.043842062468311571e+00
1.029766947795368148e+00
4.681825457385857980e+00
7.447163087766536238e-01
8.099305096747166921e-01
1.601420905069600886e+00
3.635555314696597984e-01
1.821964811311539423e+00
8.875204608309291032e+00
4.038525588474735528e+00
1.453622631517080377e+00
3.622101418863008515e-01
3.479346698792188164e+00
7.477730761596761422e-01
6.191349102317436959e+00
7.129845605032985034e+00
8.563714442564466012e+00
8.286355066845619843e-01
1.281812391588432964e+00
1.789146461616813788e+00
7.146912918909095191e-01
7.854177531492376740e-01
4.502403851725037320e+00
7.170706994514671750e-01
1.104899478583180272e+00
3.470556994529760964e+00
4.403214431005311735e-01
6.532342434845206824e+00
5.625161352489608246e-01
1.022238132275607336e+00
3.483472596464065041e-01
7.810355614945153846e+00
3.181069318343789920e+00
1.306593160570470813e+00
8.088812732232039115e-01
3.150081551415220282e+00
3.638117771383374333e+00
7.256965210495216922e+00
5.472121274937319368e-01
1.610245080697615183e+00
5.909314207078469217e+00
4.655389613181155073e-01
1.448917567745914514e+00
2.284548942134672078e+00
3.510650215606288871e+00
2.324518247922041425e+00
3.341364671304782874e-01
6.288313124985105418e+00
1.010640287092523071e+00
9.378221279794820120e+00
7.165142039184122513e-01
6.645423753782389031e-01
5.512674859784959303e+00
5.331416217234612454e-01
1.026128084177579503e+00
5.377433643275385755e+00
1.551997530808637782e+00
7.423485568878520624e-01
4.914854301011775561e+00
5.315518385023437986e+00
4.818421297917818258e+00
2.762536401981652734e+00
4.171952119578099527e+00
2.031521685482214679e+00
4.346266152476667699e+00
1.105135981560520397e+00
3.646712991987110186e+00
6.761355462358330293e+00
2.471731305177832905e+00
2.466027342976462311e+00
2.568186293689437072e+00
4.520857933546252205e+00
3.939479822904027984e+00
2.141205929418993126e+00
6.684552813350724598e+00
3.777316722377986880e-01
2.090752896019312246e+00
1.745722321913291131e+00
2.225443702285673897e+00
1.725233014956927047e+00
3.727654558514524652e+00
1.912106951599798599e+00
5.019005344707540672e+00
9.323370896266789387e-01
1.702371052495291082e+00
3.531976436291811572e-01
3.679015306476256075e+00
1.480962112797386654e+00
6.381972225900212070e-01
9.329540512845388989e+00
3.259805512582373499e+00
2.355441943278282046e+00
1.051099278253034619e+00
6.865482801066345786e+00
1.252841701128755147e+00
5.063864991163702811e+00
1.488209921252767520e+00
3.827849106957995406e+00
5.745527262738954200e+00
3.381099639679052249e+00
8.566744654125091341e-01
2.552683167378205553e+00
8.349524321273834815e+00
1.549230656498546077e+00
8.916621236326307098e+00
1.414806053683037579e+00
9.162946042942866631e-01
9.547760228709343266e+00
2.183926648650048374e+00
1.809936501336518733e+00
9.031853158066573073e+00
6.277352402715813406e-01
8.319296270961563877e+00
1.556333726924477912e+00
5.891516965541440110e-01
7.406555081676841290e+00
3.726045650317626023e+00
1.881037669381379063e+00
3.542558686631913201e+00
3.516382679068202344e-01
1.819937057879376319e+00
2.979191504436179194e+00
4.400309581127596625e-01
3.428215530087109109e+00
1.406677374074324582e+00
2.071130047379647010e+00
2.393514976084108348e+00
1.754798037935365596e+00
4.515878325630557910e+00
5.239111373821701001e+00
3.348720717999529861e-01
1.700426639146682017e+00
4.997749898002850522e+00
5.634356220967975837e+00
5.999632015129949814e+00
1.310650099492233212e+00
2.348165823714300604e+00
4.992293898845780453e-01
5.688091713446986830e+00
2.381338517686497624e+00
1.033976964610848093e+00
1.762963152812996315e+00
3.799466851775669340e+00
9.519895204905879371e-01
1.132401942724218014e+00
3.308266455109055704e-01
8.928538498441533910e-01
6.970701915662509407e+00
8.988227088452761526e-01
5.295906781338820535e-01
2.626166782199815586e+00
1.109158644042806063e+00
9.766535983425217893e+00
4.089797371118059077e-01
2.741437426570867419e+00
1.739180880551559172e+00
1.777439782741493390e+00
3.259332683680923326e-01
3.615674080452327965e-01
2.689682401786203769e+00
6.051811362065912192e+00
1.047228634611709230e+00
2.888187616602753138e+00
4.088099577070613000e-01
2.945422881228088041e+00
3.010006577406036943e+00
2.948761589776351943e+00
4.958387183876584170e-01
2.375363122059809484e+00
3.329200584432773891e+00
3.273905392124053293e+00
1.983219795129987695e+00
1.929225909936650440e+00
2.948843877051700257e+00
3.022846068439881684e+00
5.620316199190397377e+00
8.917281062910193956e-01
7.418007328236215336e+00
9.439546237498863235e+00
3.467430611983337019e-01
5.038645687419267993e+00
2.183237537646028681e+00
7.594670668264742019e+00
1.910420617552003764e+00
4.983380051014808743e+00
1.208609668462827358e+00
4.846130911538538477e+00
3.996574913398918127e+00
3.562766085965874741e+00
3.414401271353091905e-01
2.930425487407034346e+00
2.512032705723532100e+00
3.833601822385592217e-01
3.198113015851514973e+00
1.016015753376310116e+00
3.214405702508942309e+00
2.378876647443936676e+00
5.393294891304819316e+00
6.641474828309876344e+00
3.218413411523053935e-01
1.241428954741717661e+00
1.331414047570636416e+00
2.077697652818257357e+00
9.037800859899864037e+00
4.164174857345858349e+00
1.085116668869238188e+00
3.467355724528265792e+00
6.887224927778623496e-01
1.167474731682527800e+00
8.307140334316548191e+00
1.330070542584191218e+00
6.694080547318234098e-01
3.859125383062762538e+00
8.390873446407733027e+00
1.061468975312517937e+00
1.813290768649362672e+00
8.830571845469508574e+00
9.080110000551131932e+00
9.583112388898317180e-01
1.281896873526616520e+00
1.299173815940521726e+00
1.702618954847394894e+00
4.679683045052434487e+00
1.161731398254623571e+00
8.666668296525236181e-01
9.362926591605549298e-01
9.295647254142231475e+00
7.069941430833793783e-01
5.456725000243384249e-01
2.710137290800893162e+00
5.254735472803115925e+00
7.030453547443237250e-01
3.035255413430637095e+00
4.703654737948482989e+00
1.889273837635537578e+00
1.759621600375379291e+00
2.150976364895722082e+00
4.493835065161675968e-01
2.384278011413883736e+00
7.824383666735409193e+00
1.237356814870107513e+00
1.152630208394542333e+00
1.111443994282540038e+00
6.064381411467036465e+00
9.111476357497894085e-01
4.582440610956288185e-01
4.399892877862243701e-01
9.119819770727294328e-01
6.388468128818546310e-01
6.910388598143851091e+00
1.159422262874417742e+00
3.578611572532059415e-01
5.482412761413979485e-01
1.751006297807631729e+00
1.533980669525523144e+00
7.748592357085183124e+00
1.965178774529387606e+00
2.681072696590353299e+00
1.860891066533307381e+00
3.559831323957549198e+00
4.724493453521386499e+00
3.841988008454819248e+00
3.248370655895846060e+00
7.776164861582794074e+00
2.135791290425106848e+00
3.886655177637338365e+00
1.990163029115499915e+00
2.502384335962792417e+00
6.341801147916980241e+00
4.488804231864338412e+00
1.529118499789364538e+00
3.295990201522078777e-01
2.160098290826450995e+00
6.033199209821401787e+00
9.144372294725309214e-01
5.302724901794027002e-01
3.898822724248562022e+00
1.051719301038953391e+00
4.115383173152483032e+00
1.641341151064130255e+00
1.338543463432458669e+00
1.319595914503656875e+00
2.273033045344623027e+00
1.204094411706471579e+00
2.016950415622650983e+00
5.843052413363384545e+00
3.323326116055214552e+00
2.522569486304825137e+00
2.897104719967657616e+00
6.767198226648823756e+00
4.775770326666646248e+00
4.407862777356194250e+00
3.412359775624119962e+00
2.052630983632030226e+00
8.942742715058956904e+00
7.163455779568630888e+00
6.255348571127091084e+00
4.790468380156140071e+00
2.545682429232550614e+00
8.714589845202328489e-01
4.015476227745778393e-01
8.915243883593495511e-01
3.560536036603794141e+00
6.686888662021092777e+00
9.178513172910259810e-01
3.527823504751709027e+00
1.572042612573581577e+00
1.138976588860167949e+00
1.724196462709743027e+00
8.527578875514373991e+00
7.706494281004510505e+00
2.167642456759096170e+00
5.010114919098788144e-01
9.602521736416524956e-01
8.066534748656855047e-01
6.117427127736529968e-01
2.679776815365742415e+00
7.445674226533759432e-01
4.100238046666619063e+00
7.611941125862729862e+00
9.609852110935959146e-01
6.439878179012294979e+00
8.287229808088266481e+00
5.666427660438007941e+00
1.695270797027494725e+00
6.904763842577370525e-01
1.707716340760851326e+00
9.963460401133308331e-01
7.411982414424540533e-01
2.024444531356674126e+00
1.840033163296952878e+00
2.506655535743552488e+00
3.198450142133050456e+00
9.399048270045247122e-01
4.563234040646537704e-01
9.821327856803868883e+00
1.385846767654937750e+00
7.717071505707018275e-01
8.008943155168182226e-01
5.053718535022488467e+00
2.079477301011383616e+00
2.310166159068912428e+00
2.662810869374412803e+00
1.918258176050607444e+00
1.848228368403962207e+00
8.083661421803757241e-01
1.224572133572866983e+00
9.718650634078230155e+00
1.957520378592296106e+00
9.848979301045783785e-01
2.183073188784145913e+00
1.782146186295750834e+00
1.196236205606918235e+00
3.498031806032953828e+00
1.839855029039762613e+00
4.078434584916747596e+00
9.586953785550541340e+00
3.345723343802615157e-01
4.105737710096025062e+00
7.175752671564600282e-01
2.336114104364985344e+00
3.161295746320514244e+00
2.142297508790871330e+00
2.888363294102052947e+00
8.975754240320339417e-01
3.218413411523053935e-01
3.976138382943023686e+00
5.738164550702391509e+00
5.614203776313677619e-01
4.374538431202495303e+00
1.410146781359497226e+00
5.165105333321328374e+00
5.551434126553964177e+00
7.052805185662389675e+00
6.490385441730181171e+00
2.535463264752817913e+00
3.428330912196476454e+00
6.944902220658465408e-01
1.116121447747524753e+00
8.657587936954386221e-01
5.303726136342347131e-01
4.612641633584631862e+00
3.069524302570487251e+00
1.495215423053483983e+00
7.792573283857109345e-01
2.056579686017128150e+00
4.772235001191038606e+00
2.317878491014445430e+00
2.046172015234124064e+00
2.149693418146150226e+00
5.083708268291580179e-01
1.179706695096848890e+00
4.527849087989200605e+00
4.597716224208046043e+00
3.727071387966795601e+00
8.686789445303063628e-01
6.548084165768791820e+00
9.664060020419086072e+00
1.091665559765473859e+00
5.219688749212996193e+00
6.725626244011734478e+00
9.774144031515440423e-01
1.644562593428695818e+00
4.620521940141768980e+00
2.347092662562450638e+00
5.417164758704997585e-01
9.804934194818606397e-01
3.996330847452975288e+00
3.310599308346517944e+00
4.443851306778901389e+00
2.134361733979091902e+00
1.268070752057537609e+00
3.371247304011232293e-01
1.178967553778452526e+00
5.431644206259933494e-01
1.088864370874510268e+00
2.893646957844853596e+00
6.781106414097116009e+00
7.915122617829403184e-01
4.329071495269020353e+00
5.586536744178681069e+00
1.678129686669795229e+00
9.418068978471838548e+00
1.210962900548668175e+00
2.841690092533851075e+00
1.642240945623104853e+00
6.461607242389368899e+00
3.387169631268700076e+00
6.503537572614357387e+00
3.819601143327350012e+00
4.230229119883990307e-01
1.195974850800762823e+00
3.950871301110612244e-01
1.152639700015326341e+00
3.828842165470725423e+00
2.441343547946008830e+00
3.047933038883097190e+00
1.886342133382637565e+00
1.657298608322242073e+00
4.036639369157147272e-01
7.681236583930680650e-01
1.638838052730007044e+00
2.252263325246449455e+00
1.344391756473773958e+00
3.559305366014980931e-01
3.214357490584927479e+00
3.230300550138439863e+00
7.825552738882628923e+00
3.044598832171301783e+00
3.266952869089810307e-01
9.159285461963223796e+00
1.213130418885373540e+00
1.852752296192886172e+00
1.294789378184277640e+00
3.308039310162530500e-01
1.055732475967084305e+00
4.847769953880425753e+00
1.902887514953795378e+00
4.028073121854458094e+00
5.700351167479622561e+00
1.940761061498570861e+00
7.329751246010820509e+00
4.244719003156305348e+00
4.395999076168052855e-01
5.809152217705779719e+00
5.164394764757785916e-01
8.259088494215447440e+00
1.448747554092742806e+00
5.352914624620494166e+00
7.195874800734197718e-01
3.331667385038951656e-01
1.747102102478573782e+00
3.149947447577380544e+00
2.579985105782528265e+00
4.178811961373522621e+00
1.694361754278113308e+00
2.635695361366435563e+00
1.563121430647986365e+00
6.588614334637306058e+00
4.021038115248645184e+00
8.734888067141728385e+00
1.562548306081150695e+00
3.685810472824801565e+00
9.302120341242329005e+00
6.767950589285133489e+00
5.068629381470512563e+00
2.348410643917879348e+00
3.826544383120948467e+00
2.941831224138049983e+00
3.772905608592875271e-01
1.734450994355872799e+00
8.127849824501305775e+00
3.738681625770234884e+00
3.552625145388472294e+00
1.982262299244045067e+00
6.237604280703743065e+00
3.602460670579285207e+00
1.466253634885780865e+00
1.561730996076965194e+00
1.215656033520828627e+00
4.534964154835155803e+00
6.260640697235149155e-01
7.603878964678019159e+00
3.040986445469994859e+00
3.763209176895703778e-01
4.956907019103976020e-01
4.200483305208430274e+00
3.105376130473254559e+00
2.241592186639566719e+00
2.228570654253751115e+00
8.863209914416888324e+00
2.678018956693526409e+00
2.965025453416737733e+00
3.579199345651868480e+00
2.526072332883986693e+00
9.812049335373963288e+00
6.372886973335462280e+00
1.973347556627980559e+00
5.163574470192041410e+00
5.488142708963468230e-01
2.122287396508508284e+00
5.499597252490930011e+00
2.506002232820362607e+00
4.762031043651477336e-01
7.609209321984343966e+00
1.395194119053705162e+00
7.471041412790884184e-01
5.142458286592903605e+00
4.911256989707422083e-01
8.132287650765151810e+00
8.452893548184780004e-01
3.198191414324180748e+00
4.580159689968551717e+00
3.831463510390595406e+00
1.768866795538589498e+00
4.790723779769527901e+00
1.216705878917824224e+00
2.003925941455421356e+00
3.135288341718946992e+00
1.534163190896480344e+00
7.764991896634249047e-01
1.000151937737295160e+00
2.904657192222851680e+00
7.282553705096322938e-01
9.238627372095539414e+00
3.076422045354680446e+00
9.826917412948180441e+00
3.720939663478839865e+00
2.644643000968098789e+00
1.116577881580185672e+00
2.169406224458596100e+00
8.439012740520832612e-01
4.132549757218249908e+00
4.958516516565985022e+00
1.240526092207466791e+00
1.570161990094003368e+00
1.912481035394497875e+00
2.709719703072651420e+00
4.882470265935509590e-01
1.749741649511439956e+00
9.069663338524992513e-01
4.459248716351027042e+00
1.367565373353940128e+00
1.227277872678096404e+00
4.417986287540434986e+00
4.424120589679803595e-01
7.413865392958296496e-01
1.908448279682326998e+00
2.894402783965477788e+00
5.998468125643178439e+00
8.532783464073175894e-01
6.106455556289910547e+00
2.755460788618289136e+00
5.791960406099199155e+00
6.112047182062624984e+00
1.907430019215940131e+00
2.117445575495046306e+00
5.459046981267940968e-01
9.696669578993327931e+00
6.018218321955497441e-01
8.858522615370764797e+00
4.254670167289983373e-01
1.932372754330452524e+00
1.558129804323821643e+00
8.059151440478835582e-01
1.801116998694880289e+00
3.315813907887938949e+00
8.487955484727622846e+00
3.853169171434056572e-01
9.692712738957084406e-01
9.247288167542746962e+00
7.089259087056437814e+00
8.976140182411766588e+00
1.315554362972033209e+00
6.899809876683334231e+00
8.089566582886341450e+00
3.855892920837513116e-01
8.134558000576069148e+00
6.099639633114396275e+00
1.514962814177124972e+00
5.595945983743714436e+00
3.362377771599111220e+00
2.570958047350031972e+00
1.007658085097569822e+00
6.286003885584377393e+00
6.946089445089962400e-01
1.522719820222529608e+00
3.417556860898907534e+00
3.651963994184669104e+00
1.018088993903632167e+00
4.115368057680178104e+00
5.668153498516142363e+00
3.639720514973672216e+00
4.792537563400196987e+00
5.272566093486117822e+00
5.294847721603344048e+00
3.392960968024527180e+00
1.348014724862065750e+00
7.682075724300417852e-01
2.122129105624785073e+00
8.569773994838593145e-01
3.764083860355224687e+00
7.198653780475768649e+00
8.323735651422992099e-01
1.109605038429860580e+00
6.593158095482839265e+00
2.256075640118441417e+00
2.293613953501105307e+00
4.945254922579399803e+00
3.213413525795751013e+00
5.912868375416548972e+00
2.393439153118556817e+00
1.474561182443857810e+00
4.391022858317429112e+00
7.800916507652264187e+00
1.298395818474895824e+00
4.978150227707900943e-01
1.265000504003952031e+00
3.515516818731347914e+00
1.036491201886138525e+00
1.118218192126974264e+00
4.976806733256809778e+00
5.781035627720692016e-01
8.651279195843961656e-01
1.207428271146049781e+00
4.957264523758865282e-01
6.707417505068409280e-01
2.078778003497934179e+00
1.556740951348169810e+00
1.042401270945471747e+00
4.686584904472837820e+00
2.284215511782301533e+00
8.042208516076984282e+00
1.535036710004904936e+00
1.329160224832173220e+00
1.213806255326970840e+00
8.539322877547620649e+00
2.444934825937171485e+00
1.382605798942910358e+00
1.381945195823605088e+00
2.291638239910318564e+00
7.098058615502594648e+00
5.441078782817767578e-01
9.019219742992382605e-01
4.366350577243612641e+00
1.884839870521467731e+00
1.492782438879680207e+00
3.809766621590934932e+00
4.599735182006195466e-01
1.196025453317930420e+00
6.388934532245932330e-01
2.259799951262363216e+00
5.984820656222914481e-01
1.958837552069911725e+00
1.217791107152370378e+00
5.399582072711433867e+00
1.867719263949779496e+00
6.707236487480787268e+00
6.700450471338800895e+00
4.753557140208145348e+00
4.479455035717375466e+00
2.695809883814592744e+00
4.887798846862676516e-01
1.692279585632834538e+00
5.042647363004924443e+00
7.828115372599546706e-01
6.502851603714774775e+00
6.151056855993822126e+00
4.348783868730236035e-01
7.267641994135792594e+00
1.555479001838454334e+00
7.794304654067730986e+00
7.331838609837971532e+00
1.650345216796228254e+00
1.549811733871573338e+00
1.258408106038709562e+00
3.324261006398781415e+00
4.988740968724349578e+00
2.485107851360853548e+00
1.096218792914531726e+00
5.451971367263990231e-01
1.940603436401615811e+00
4.285193489599827821e+00
4.640460711673057403e+00
4.101918765751066953e-01
8.602109805642327300e-01
2.637789628693172794e+00
2.757090627063762955e+00
1.203677976069466693e+00
8.378330614148682187e+00
1.783528806350116680e+00
7.490799136686359994e+00
8.899572109955039778e+00
2.268742434785302908e+00
7.354980298886564238e-01
1.203852983060349269e+00
3.947068155121101540e+00
1.397678800918262576e+00
2.471383689707394193e+00
3.159118010317799374e+00
4.806750013128792354e+00
6.368150221578889880e-01
1.389353767268566298e+00
1.396866330070587026e+00
8.496315525703415972e+00
3.772343455669648460e+00
1.681891727058617114e+00
3.218413411523053935e-01
3.218413411523053935e-01
3.680055238539972962e+00
6.354182473918625895e+00
9.721456034220839371e+00
4.300696675152907988e-01
3.966217131365338044e+00
1.011774987317733077e+00
5.775576771286375921e-01
3.374826487868841429e+00
8.769928016176656627e+00
7.961088349595953906e-01
3.114100993831094399e+00
4.921584923741372797e-01
4.343178910291913830e-01
2.790337837509881513e+00
2.168548571087002497e+00
5.781553889546906522e-01
8.890693836459091504e-01
2.979708433414351987e+00
7.155979016757674671e+00
2.288321318274976424e+00
3.236876860824830615e+00
2.951197087816109565e+00
6.452493601134237977e+00
7.933400700145089024e-01
2.093711735041299704e+00
7.416094549946093961e-01
3.543796090238381602e+00
6.689412364854810944e-01
1.202784998696098562e+00
3.626521826319782926e-01
1.373626033342673747e+00
7.810256598274383677e+00
3.119673751359721692e+00
1.469388979491913050e+00
2.243054505366004925e+00
2.100257019090970623e+00
1.084794147828775701e+00
8.954055829602513228e+00
9.447583740052014178e+00
1.585132407803266696e+00
8.131235467768294090e-01
1.044910646519181752e+00
6.196880315821261531e-01
4.745655202276158890e-01
5.424255506185668985e-01
5.735511355765595676e-01
7.793569794369643589e+00
1.817686905288313337e+00
5.154884715690293717e+00
9.032186985258863210e-01
5.049961787830300475e-01
2.636950671897542620e+00
1.044929646383327526e+00
1.401029647799405309e+00
1.021863527858635434e+00
8.869663027958746282e-01
2.511025171808678014e+00
1.799129111808872139e+00
1.546756757935072057e+00
3.811033724696787583e+00
9.010458596893491379e-01
1.949400288415921167e+00
5.150946585037872616e+00
7.589865307625108137e+00
6.178421246563542413e-01
4.818428747177251559e+00
1.012405944479795261e+00
9.871839349057234259e-01
5.218281730896872084e-01
4.754031660080754729e-01
3.102257448395176809e+00
5.560435152627116295e+00
3.918106180817492734e-01
1.335901439185199990e+00
7.314541457897086874e-01
6.366149211751985781e-01
1.113781638943221575e+00
8.787295479917365260e-01
7.834182759544204622e+00
6.006870034292970395e+00
7.170029664321812213e+00
6.097402681931055612e-01
1.387694687180419217e+00
5.896515845018937441e+00
1.962182661408834683e+00
3.039037455808577093e+00
1.517662131055090846e+00
6.885223716723055887e+00
3.576396254574452094e+00
1.920340350830526344e+00
6.139341773988815198e+00
3.575289071115216544e+00
1.970260672972245164e+00
3.340051991993369107e+00
3.749917745016053239e+00
3.044379054493964176e+00
5.383946496172532292e+00
3.959186480149484044e+00
5.087210176147308083e+00
5.185347979907310112e+00
4.524031530539831536e+00
8.121423339098418737e+00
3.622880897930914834e+00
3.464820648225552358e+00
4.953915090644013475e+00
4.886710872909980630e+00
5.311327522857949290e-01
2.432445919292200998e+00
8.124344887661268944e-01
1.200477763652900487e+00
5.561802198388656748e-01
2.806519597569506086e+00
2.834289737582412982e+00
1.530199243130238695e+00
1.479090230793693284e+00
9.156439217405994313e+00
4.049496010301355753e+00
4.285601776699568433e+00
3.348513599062055590e+00
2.713133348579297444e+00
2.519692684544588168e+00
1.854336531434584323e+00
3.782979607804056510e+00
2.246974281048219613e+00
6.294587972800739450e+00
5.265487261263871455e-01
4.060506424608737452e-01
1.347668938824553075e+00
8.317078580428197698e-01
6.876385614489723075e+00
6.639615156111752015e+00
3.034368959139776223e+00
9.414460522074605819e+00
6.790850478486621933e-01
4.668087770661097924e-01
2.018434183979648910e+00
1.750127431873003125e+00
1.205376323016307039e+00
6.911394230470658151e+00
6.836355639116293847e-01
4.492686899492496222e-01
6.965125144869300788e-01
2.857954231708057957e+00
9.247061120707179560e-01
7.224813574401407479e-01
3.395802010229895807e-01
5.685292607736666115e-01
2.500170382430690896e+00
1.389505840812237158e+00
3.436385182737124122e+00
4.818867557804456858e+00
4.091312137036488550e-01
4.547819001476413603e-01
3.042041012402193711e+00
1.438610022441806358e+00
1.997025054475158656e+00
3.998263853863295747e+00
3.583566356268199193e+00
1.170244954154997297e+00
2.424919647217631535e+00
1.527700701761652624e+00
7.003212825478695613e+00
2.909856624789560087e+00
4.054020722751154437e+00
3.020239715154243498e+00
6.355382849916312971e+00
7.661238954794676204e+00
3.829294749191363589e+00
6.733133774339451483e-01
3.042757874934566509e+00
8.843995893388458818e-01
7.070110449389873652e-01
5.986607148604509154e-01
6.550174280805281413e+00
2.740439987450318249e+00
1.316929381903927387e+00
2.716339015442367000e+00
1.696414948735922135e+00
8.792823654900386865e-01
5.748035598222709375e-01
1.061906656105936042e+00
7.920839697756798081e+00
1.491716522618850904e+00
3.577596741642516398e-01
2.628388484127682112e+00
1.047967585248824829e+00
4.848119572714719716e+00
9.343174316884006458e+00
1.051862584816815049e+00
1.828661987540872280e+00
8.101438342064973819e-01
5.008201120897037839e-01
4.319993161543975724e+00
2.898777521258710355e+00
1.717257830827012555e+00
1.954393011500069388e+00
6.976193466153287837e+00
5.324320611282409299e-01
4.507142224997452984e-01
1.876452161068368651e+00
9.325890889373631865e+00
7.615628978487434253e+00
7.161157202323424009e+00
2.220682655221262625e+00
2.237121634724542840e+00
1.473885390505318638e+00
1.012143050065953842e+00
1.559611800920122970e+00
2.809297121227973371e+00
2.066247629664094809e+00
8.656087442057184278e-01
6.832335272796447034e-01
1.923808697759774589e+00
2.473863642340099034e+00
1.814510810302664590e+00
5.103543393914330428e-01
7.950997537039132368e+00
4.012453150254666312e+00
9.713915316263534550e+00
1.283654593400234134e+00
1.278421598681882765e+00
1.183096966288590179e+00
3.885564905650032763e+00
3.410544115748743721e+00
3.546268434814781045e+00
8.268560539207165938e-01
3.782986682109882093e+00
4.274270289003518908e-01
5.894295090662723169e+00
1.029684944705574701e+00
8.986553351652170063e-01
1.778966890296387771e+00
3.999018483199228147e+00
5.598036050817359888e-01
5.541452451105464139e-01
2.840946585414003689e+00
7.970117463033574712e-01
4.168433830096606840e+00
1.822362118407406362e+00
1.827736808641330590e+00
4.165384431799515674e+00
1.331376479757814035e+00
3.650619090822107560e-01
7.144585700080813062e+00
6.593469190918713529e+00
2.766775014102702990e+00
9.307551548055705837e+00
5.472739400802736576e+00
3.373601962890554695e+00
9.019591750247391460e+00
9.405692637585238103e+00
1.491940127943924610e+00
6.668938049104515819e+00
6.231329050850655804e-01
6.070516268675896221e+00
3.891324595535794462e+00
1.274532488918449502e+00
3.686300244116153535e-01
3.391994206318400540e+00
6.117407475447516951e+00
3.785633602655762875e+00
1.456673024777019654e+00
6.741763185346277609e+00
8.755844781749344552e-01
4.289367842127737696e+00
1.789240026914462822e+00
3.403333545660681025e+00
2.778239263523100799e+00
2.058640274953158045e+00
2.038475074148241362e+00
2.141704539748457758e+00
1.362808207344921696e+00
3.445694721963749596e-01
7.404506924175970894e-01
6.431875736915473318e-01
7.264855417197584764e+00
1.218755594843123902e+00
7.756436669130110095e-01
4.996194725607734366e-01
1.281660667057125558e+00
2.229152488613325822e+00
5.574612441214236824e+00
3.917423223155181766e+00
4.036064404507794023e+00
7.012495494302569909e+00
6.264779415308967536e-01
7.545939309571385589e-01
7.148830953102424779e+00
4.866342408811258902e-01
8.489790525944860278e-01
6.218011472995803146e+00
2.271033356576597217e+00
6.744670298502246197e+00
5.799773377215632131e+00
1.752613192176191825e+00
4.403266559087949616e+00
2.264524457028795901e+00
3.180134805249019703e+00
7.206895498155206248e+00
2.308427153052147407e+00
3.047534965801476758e+00
2.498136723335536935e+00
6.349126155497343049e+00
5.265775661870598867e+00
3.931818214868436079e-01
8.203578115280141247e-01
3.957751465622277642e+00
5.726158404494473553e-01
5.261676914770490043e+00
1.096685341625980525e+00
4.745812810198101417e+00
1.601137272825187141e+00
9.185217548573534341e-01
5.379991130511788455e+00
9.575492865981505286e-01
4.583888372154375723e+00
7.186426817419998558e-01
1.375045887955010482e+00
8.075962366137510173e+00
1.154884501314262790e+00
8.236416261689313956e+00
6.558176197026648335e-01
1.487748010327441861e+00
2.556896868804096723e+00
1.302838815144625739e+00
1.728225028883582981e+00
3.730191233345601654e-01
9.124865950202488696e-01
6.526319981636037326e+00
1.293672577071395491e+00
3.254548795054635679e+00
7.405953175698154034e+00
3.343467063404406581e+00
4.812049218436441622e-01
5.210431196470471926e-01
3.306993410861638782e+00
3.218413411523053935e-01
5.318813704207130399e+00
2.396760566950240090e+00
2.312361635060336873e+00
4.441521611366743727e+00
8.226565030573921300e-01
8.742017465227593931e-01
2.081697036540021806e+00
5.235318966533526464e+00
2.343896081349440497e+00
1.185551231182302878e+00
3.402870315843936844e+00
3.665775125445583926e-01
7.922196831849088738e+00
3.740084374432502301e+00
5.112574622615568387e+00
1.095268666813609126e+00
4.710330197123942852e+00
3.560873622030156782e-01
6.662464928878168990e-01
6.423128588113161896e+00
1.739649136450289957e+00
6.042366384412999558e+00
4.993338209203439959e+00
5.124855359553989187e-01
1.441742173228572899e+00
1.712156952354901618e+00
1.013756530283997703e+00
7.001576540756835332e-01
1.757660838436018169e+00
9.010437951650096977e+00
1.996188953964360913e+00
3.390525131190194053e+00
4.290127602716641952e+00
6.455523489611891819e-01
4.222170137002139612e+00
1.344356151230938989e+00
4.102464168188431515e+00
5.495116360444223247e+00
5.820332235047781522e-01
6.461593840319783233e+00
1.731706598764508387e+00
1.356466482562442843e+00
3.357981134107782317e+00
6.508486122798922136e-01
9.371345973158571319e-01
1.306264368256705444e+00
5.492741228015278310e+00
7.249787289673476742e+00
2.692353792016006331e+00
4.821813784776757039e+00
7.548752065961380708e+00
7.104830418237197964e-01
3.895347470632890996e+00
6.058748262787433392e-01
1.765546423513025598e+00
1.820479932252581312e+00
4.553910321472678935e-01
1.628745269574361831e+00
3.385500372690883886e+00
6.311219566616157017e+00
1.012499982337554005e+00
4.936908002231147563e+00
4.717157100280899296e-01
2.231080658440723230e+00
7.027205125542663744e+00
5.012434240286571807e-01
3.218413411523053935e-01
8.294555785747713683e-01
1.673444788280817663e+00
1.709839353358698633e+00
6.266244700432743286e+00
3.484984807480399294e+00
1.391184013714096279e+00
9.257865673366141301e-01
6.979620788606675230e-01
8.674802800333258901e+00
9.670368164943956568e-01
9.205046015735901532e-01
5.233855272665649538e-01
1.205226205515983029e+00
9.719816151365108237e-01
1.189263660346380203e+00
2.396452346866841498e+00
1.240095026912412690e+00
2.677140612618424065e+00
2.518261764129144265e+00
1.831342449702155539e+00
3.710453259626143474e+00
2.651793283419882741e+00
8.321455008444237578e+00
1.830931353491538571e+00
1.285261699537290525e+00
3.861236644659186146e-01
3.542411209749673606e+00
4.941208826731521953e+00
7.100282607556369641e+00
3.924885293481749748e+00
3.917644942399721719e-01
3.980467407791417056e+00
6.125616170088838963e+00
1.544040529537961781e+00
8.019761548768720161e+00
1.084947659833267242e+00
1.616958526022495457e+00
1.668478841174696248e+00
4.570497091348806329e-01
7.814862458286728764e-01
4.217329643981817533e-01
1.255719090049009390e+00
6.527943919442304122e+00
1.088198703758676888e+00
2.115064269105197070e+00
5.762393043329113729e-01
2.549626872124838961e+00
6.185183525831474682e+00
5.844825830764470709e-01
1.450673299536435090e+00
1.284980353022086463e+00
5.067443885708653450e-01
1.883492411721300774e+00
2.915333841789500724e+00
7.601797540100359463e+00
2.306590433143731467e+00
9.018712331644200830e+00
1.112104519697744598e+00
4.840833502844714253e+00
1.179331606609088867e+00
2.367895226826968180e+00
2.093882896135901284e+00
1.349468855687022684e+00
6.428355779923570212e-01
5.563325310152801295e-01
4.061077630005589079e+00
5.842782897589628988e+00
1.419965467226515177e+00
2.366583872503680741e+00
1.980632588938621153e+00
4.817348195449286941e+00
1.176547135583618342e+00
2.540048981880272283e+00
3.050692451292382312e+00
1.157180970493955519e+00
4.928174045165890860e+00
1.201525237878676933e+00
6.034460966421754113e-01
7.475474097932258699e-01
2.066384440300996328e+00
1.591044863866870829e+00
1.704286746664126495e+00
2.445103619606598500e+00
1.050710928189174886e+00
1.081316826344276727e+00
5.317309452706690642e+00
2.831899180041483444e+00
1.276800603488720043e+00
7.926309002145170979e-01
2.980040784313020108e+00
1.346242486630109703e+00
1.431460557339986339e+00
8.232207878328587913e-01
2.370567061071510384e+00
8.852479032317170038e+00
1.420575237164857452e+00
1.138759143568292886e+00
1.504106235669762759e+00
2.299128522549305220e+00
2.401945547418176563e+00
1.972691302330484842e+00
7.679749171113446238e+00
2.535260128221626275e+00
2.868687435264046126e+00
5.126045419513531876e-01
2.010175802215805163e+00
5.704332249312227709e+00
3.389033871477217019e+00
4.073865714576501595e+00
2.059519174374781603e+00
3.664873528762557786e+00
1.261948167000042531e+00
8.641519827944522447e+00
2.552619881414228686e+00
1.595123944612751421e+00
1.595206560872164836e+00
6.069122338514628900e+00
3.904566544937287276e+00
1.424908909579163607e+00
1.697335903146633740e+00
3.348342050558733352e+00
8.689394141737379895e-01
8.998408970433906529e-01
6.314238630680936160e-01
3.940851411557848571e-01
3.218413411523053935e-01
2.159842798466210301e+00
7.501898444993455151e+00
9.532938819723474344e-01
7.394561784414536376e+00
6.654563520722518888e+00
7.711362200742338802e-01
2.776106742673201566e+00
4.709443752791922400e+00
3.335125772137236488e+00
4.857268363004105360e+00
2.685449927152454119e+00
6.771485627302312515e+00
4.722993411060135149e-01
5.000834764122762399e-01
8.170906683122470815e-01
4.561261162854642892e-01
3.718487888008664699e-01
8.380224154721668484e+00
4.750295179601054407e+00
7.768157552802771981e+00
3.698491068519602631e-01
3.968966871517426664e+00
6.686951358033219606e-01
1.417878099254310298e+00
9.668930899879329965e-01
3.206951840195503944e+00
1.712332339590173724e+00
4.889297392563848987e+00
2.468329662034074889e+00
1.061450481948433389e+00
9.729871095254335245e+00
5.101379183109947535e-01
6.947162465886886906e-01
2.892787994693652553e+00
1.017423683385155098e+00
8.083523318272021196e-01
8.571626838535886250e-01
3.218413411523053935e-01
7.080239963846832740e-01
6.278167581992743607e+00
2.938158061554022371e+00
1.365764616356887284e+00
2.274125603734639789e+00
9.137421590706420460e-01
5.137960483166751580e+00
1.674409477817755620e+00
2.451826698916728997e+00
9.490710867559911890e+00
1.298706877461375919e+00
1.404116925643747349e+00
3.599153902561395668e+00
5.092630408730348668e-01
4.266794184118261057e-01
7.521715956291271654e-01
6.719867276424254854e+00
5.008900667614881286e+00
3.410278744562504016e+00
1.018055407092582687e+00
1.101967600731666996e+00
1.639698475144014456e+00
2.290678302873873751e+00
6.858203089297076005e+00
1.373238852244806463e+00
2.743985334353284067e+00
3.446070914764767235e+00
1.820569113444760578e+00
9.525427825240786461e-01
5.130780077070796530e+00
1.129622890154927894e+00
2.651428575844287039e+00
2.263620526378596232e+00
6.433078307582011934e-01
1.244013323310974695e+00
5.345940025736368728e-01
5.012598374646265675e+00
7.780542248839934061e+00
7.075483804849931779e+00
1.230064796556426199e+00
7.160240156372433828e-01
9.067913890668620525e+00
9.064060871808141684e+00
3.920661607700086204e+00
3.913875606140351682e+00
6.607385774389245015e-01
1.583929107803541791e+00
2.916457644665644278e+00
1.854707865891064955e+00
8.994269291023615054e+00
9.374517568177839877e+00
1.699705322732341761e+00
2.071958998119863615e+00
7.943636527460781416e+00
5.156560890169927802e+00
5.599970853914711277e+00
5.230323903521771456e+00
1.506883120567285461e+00
4.312228206728777380e+00
8.587074018534680553e-01
1.194740780756997633e+00
7.401887993704577839e-01
2.934921350777887739e+00
9.453422298634006182e+00
9.554778187765636810e-01
4.120472509545288986e+00
1.503759097166275982e+00
1.614868540125408591e+00
1.210274310142620990e+00
4.997387844852207550e+00
3.655351675680777124e+00
2.118408424503368970e+00
1.754777096141874271e+00
2.237063058739281018e+00
3.290365051774337690e-01
2.860164806524970960e+00
3.764312148617984022e+00
6.857608642097007268e-01
2.789779618619764090e+00
7.209244487304099502e-01
1.617492433548556097e+00
4.736675840806693905e-01
2.025629390533326468e+00
2.362411532451544449e+00
3.235960354392249383e-01
4.814078046203997374e+00
5.345173708136934820e+00
2.796537705096068915e+00
2.586201387218847181e+00
2.694723129896791747e+00
4.442034257783212148e+00
9.248250958058118698e+00
7.730630669147051215e+00
4.172625333726137420e+00
3.754460582472883612e+00
1.361166775473787505e+00
2.996947592907106106e+00
6.413475999648331261e+00
4.870100749187784572e-01
2.485968798034326355e+00
1.378880144555417964e+00
3.054872556021406727e+00
4.379674533404525061e-01
2.367364374819956208e+00
2.647188586988984405e+00
1.486950316775881964e+00
4.897811404618099829e+00
7.335438713243735975e+00
8.809307099280294651e+00
1.108116471907051537e+00
8.057280011809167419e+00
5.835650248073178670e-01
6.247150109540513085e+00
8.232920108942005655e+00
5.796176733592292685e+00
6.841655951812802838e-01
6.405971304663116150e+00
1.155071709341008557e+00
1.498864018589069369e+00
5.026473297487437097e-01
2.160553736944169856e+00
4.198132822460736158e-01
5.997904532893119089e-01
7.507898279210311054e-01
1.765725976931695307e+00
1.183101145048188307e+00
8.635866657509657651e-01
2.919889606066234933e+00
7.420411079021340672e-01
3.357501899229416331e+00
1.459507381001676096e+00
4.433801728304450407e+00
3.171841418132117063e+00
5.110895962063552567e+00
9.070521613741119538e+00
4.138552321014767887e-01
5.640929128401888093e-01
1.491271165245419139e+00
7.416974878918213498e+00
7.310372234743657494e+00
5.484296472104267517e-01
1.002812436575100996e+00
3.554841844963420594e-01
3.717449705041543151e+00
2.332661238945077820e+00
8.110627022056289270e-01
8.709973689525577489e-01
1.134649316527474472e+00
3.326800487351031954e+00
6.826710374484837196e+00
5.754933522387569944e+00
6.355124735522645896e-01
3.456571281705264065e-01
1.091896273193068589e+00
9.775190058744664956e-01
8.550382660746308261e+00
7.556192869488423947e-01
8.860555848357854813e+00
2.216013983075114879e+00
6.314821873351984749e+00
7.258194605577740210e-01
4.429998560704421218e-01
6.041127200502359740e-01
3.101835774070572427e+00
4.132840685937967606e+00
3.332675154426689712e-01
4.481035022302543025e-01
8.759247166441470611e+00
4.096872773160844972e+00
5.393771248948395769e-01
5.722708923383655666e+00
3.218413411523053935e-01
7.861783542036434591e-01
8.935488061324805553e-01
1.290575773811192928e+00
1.949852533662418841e+00
8.429291175458695662e+00
3.853306052347181265e-01
5.878701791316777836e+00
5.549017088816063037e+00
8.098869453223037640e-01
4.897239419436504981e+00
1.672861915806282740e+00
3.519485735315416530e+00
5.428092464352874735e+00
1.266107105564505453e+00
5.624051990620504426e+00
7.805567818420469095e-01
2.937711948646759108e+00
7.077184643090568272e-01
2.142858667620562318e+00
2.224351765517112778e+00
4.201445996309228548e+00
1.079689715481058965e+00
2.679206797110890825e+00
2.519850647287469325e+00
8.891067296340351422e-01
8.871241519196624292e-01
1.570059587993186456e+00
1.396274607118266564e+00
6.274968634447110283e+00
1.086135963555699080e+00
3.984917747902886553e+00
1.998036092316617163e+00
2.064644289132739452e+00
9.598696046902391865e-01
6.721478180026141835e+00
9.269793205519830437e+00
1.343758688354933284e+00
5.955334589473524787e+00
1.428000153208136558e+00
2.654569850880379001e+00
5.835457864820307705e+00
5.650800904866962071e+00
4.895767378392042346e+00
3.168697430957926553e+00
6.948492310787697246e-01
4.780487683566728485e+00
1.754395411391844073e+00
1.682099951516862424e+00
6.134075589328844558e+00
3.470438778520942069e+00
7.694637328771187779e-01
7.555462519814303279e-01
2.199307022377425813e+00
1.539350866513729654e+00
4.435892583043035131e+00
1.270437587614617225e+00
6.632321408406650853e+00
4.836726563786378219e-01
2.706841728956281390e+00
2.951920782351066919e+00
1.345804598596916923e+00
5.682874891871684930e+00
1.092934296799165983e+00
7.717831054674616498e-01
6.026337719146683369e+00
2.774696658989772580e+00
4.555043827641561682e-01
2.332908392502518247e+00
1.193411297405402527e+00
2.577329429179128883e+00
5.842537778391034387e+00
2.884488804414848673e+00
5.380566960048119185e+00
8.258496030605163574e-01
5.484436664649093851e-01
1.154030857196766124e+00
2.356618744564401791e+00
5.466532260608454319e-01
1.012433183275214477e+00
9.095979754030981690e-01
1.508295122920934039e+00
1.572276477844584353e+00
2.347153030767537008e+00
5.996123900326062461e+00
2.829569640427087585e+00
1.477478692914856895e+00
1.667173784781253332e+00
3.885528558255645137e+00
1.148202371653193499e+00
1.327571181284688873e+00
1.134297162713559626e+00
1.346721420585272666e+00
2.105266703347830504e+00
3.953047972365257401e+00
2.580117467960072908e+00
8.458391763776193173e+00
3.986703279369198327e+00
2.901494265048908172e+00
1.304208449148345883e+00
4.559858570292853130e+00
4.616107249477507501e+00
8.748874542492616868e+00
6.385802885041210963e+00
1.657883878370729480e+00
2.985513710929435849e+00
3.666625455208749162e+00
2.323366417857330557e+00
9.604855217394581146e-01
1.745471792514667442e+00
8.746914446774255225e+00
1.261909913358225888e+00
5.477485700184099304e-01
6.353619386684139947e+00
1.540825383678775751e+00
6.639926967479854447e-01
7.181168439724882724e+00
3.218413411523053935e-01
3.218851695537932045e+00
4.602217835037864191e+00
3.805399492257234950e+00
2.260934092981927712e+00
4.363393246740968068e-01
1.426209167491631735e+00
3.741176171971993814e+00
3.420018381065796920e-01
1.364683914600781867e+00
6.826339484734169183e+00
1.216734359995053971e+00
4.360572562201031066e-01
8.359600526215244187e+00
8.440867454721198149e-01
1.429000562906367566e+00
3.652630693595416700e-01
1.468505406393475043e+00
5.257304824424292811e+00
9.981804320913734152e-01
1.058691451716887499e+00
1.095377206007575044e+00
9.081832121606396413e+00
6.359333021496865745e-01
2.062251278338089744e+00
1.804362522735006635e+00
1.309108715345880247e+00
5.977897277873069903e+00
7.045383453384436834e+00
4.280389503024620623e+00
1.115640516584253117e+00
1.323360736033848628e+00
5.513413248343238315e+00
7.521989051238556101e+00
7.418666997035573196e+00
2.288384951241964949e+00
2.829128769229731777e+00
7.308442674752563484e+00
2.118353453258772223e+00
3.536408698553727969e+00
6.982929407765416929e-01
2.193089246454284158e+00
3.941060575433139590e+00
1.671699005952122841e+00
3.196803893783891848e+00
2.816959284936138896e+00
4.255251998101314825e-01
5.375942694684010537e-01
3.122872649529636835e+00
6.404095495474732225e+00
4.831249738442306096e+00
3.356127730156059030e+00
1.036299420611695776e+00
4.353732987278580602e+00
1.815571424273912493e+00
7.551179416000859401e-01
2.333228675066888247e+00
9.438848848330096075e+00
1.669602078340208795e+00
3.810339719576536055e+00
3.311567294700535902e-01
6.863541046461174577e-01
7.587974847522109378e+00
1.599685293191455138e+00
8.859075181985149428e+00
4.247935597930643681e+00
1.127032489759328460e+00
1.923783956476020851e+00
6.336568177610113040e+00
1.781870389525734621e+00
1.713117946347717524e+00
8.265584608373475195e-01
9.401604920436371415e+00
4.331651513405925247e-01
5.337658178506092810e+00
3.006787222863303022e+00
2.120381360373372104e+00
7.200141443575289735e-01
7.714525566400808110e+00
1.148916376027355524e+00
1.411173261507310484e+00
5.670012318615765823e-01
1.383114762343400361e+00
3.177175802594793375e+00
4.555886220912570117e+00
3.913217150545371226e+00
1.849576710557609749e+00
4.306644960986975690e+00
4.678326953381572118e+00
4.225895044639711440e-01
4.187905435250038444e+00
3.458301427150887730e-01
2.586666584433947147e+00
7.733598105715643101e+00
1.267705169044047953e+00
7.161371319211314868e-01
3.725806967880307963e-01
1.520083034717317760e+00
2.113845748313693651e+00
3.568539206584230072e+00
9.814694648792034570e+00
6.143645325416313696e-01
4.305471037800502332e-01
7.615341567673679535e+00
4.386007066807299459e+00
8.075840996636359792e-01
4.639728639058040005e-01
1.177400653698952082e+00
2.441269365263182500e+00
1.266840696323546345e+00
2.662409158463965753e+00
2.243111684310334031e+00
5.052655059490359868e+00
1.310442358483413283e+00
2.680826988525375043e+00
3.803668150460853603e+00
2.070930210244580572e+00
1.316155482373456032e+00
6.128936853959734421e-01
9.133498237991538593e-01
3.466184668847787087e+00
7.276243076128317888e+00
5.135529372951357363e-01
3.200194204753479710e+00
3.306633355685161479e+00
8.480558045436528136e-01
2.078699747271186116e+00
3.380929898218386409e+00
1.188754314076436724e+00
5.234651207227591030e+00
5.040042939775248865e-01
4.040404935570104605e+00
5.499884545598056285e+00
4.746484205965703751e+00
7.622102346489608715e-01
3.995149975290867239e+00
7.239489666601603979e+00
5.936962559526464567e+00
1.427954305467212359e+00
6.186892138928804741e+00
6.232593032149957857e+00
1.791066127765385874e+00
4.793203945911221897e-01
8.530603116286373799e-01
3.731391586601215948e+00
3.233644009479922143e+00
8.992905825622335314e+00
2.822478835241809314e+00
1.063479180666956125e+00
9.141638552505286341e+00
3.848853744446313341e-01
8.102789546822354305e-01
9.225840447575539116e+00
1.477883690086276403e+00
3.743196743579159325e+00
3.821871165798357950e+00
1.038492797971476644e+00
2.003253945150901050e+00
6.334025324579365401e-01
1.467338802384206220e+00
1.051911287611248857e+00
1.284155420802908454e+00
1.592379922902345646e+00
1.049742042519278717e+00
1.330954362680053737e+00
4.855363420506979111e+00
3.114853398892954761e+00
9.714416785341853711e+00
6.276203833952107125e+00
3.247856609871969669e-01
2.621817681766420272e+00
2.866964207769016948e+00
1.463498417254395223e+00
3.285916002827334204e+00
4.214829498555822340e+00
3.037434242620632663e+00
8.716819218704821015e-01
3.251370791219107659e+00
2.953803682883362924e+00
3.662877032036356839e-01
1.722587215970003305e+00
2.825555703808935171e+00
4.221750738398230562e-01
6.777452843421534645e+00
1.235404497096942444e+00
2.654039707766997935e+00
2.834407989123532090e+00
8.647112036680792979e-01
6.521151428280869133e+00
7.619838497617330564e-01
1.885551447918162316e+00
6.223060608622055234e+00
1.178944407797323679e+00
1.950733064664843752e+00
2.663193942818697035e+00
1.973737458040701664e+00
5.571154484659263773e+00
5.005849897877843624e+00
1.837952543271679007e+00
3.335337293322120367e-01
6.328696823989201192e+00
1.584656074678652882e+00
2.547407402192276571e+00
8.445739307002071428e-01
4.388213509310612714e+00
2.387292753747436880e+00
5.821106150043033889e-01
4.236427095044881241e+00
1.884787658056073623e+00
1.745289736125032798e+00
8.298089381717451474e+00
1.750516533850774437e+00
5.703317891846506171e+00
7.347487145624965743e-01
9.605919284194817109e-01
6.502534945718124071e+00
4.461186382756509583e-01
3.608535854236675888e+00
3.996552584563930921e+00
5.346774601174475450e-01
3.679339723666700035e+00
1.638472585999276143e+00
9.545764077164069050e+00
1.749754640082137991e+00
1.873041742121600128e+00
2.247717517576020896e+00
1.338626764171819694e+00
1.894990798845105573e+00
9.026855652431285959e-01
5.866842756149693860e-01
2.485383348632869804e+00
1.193522309288624017e+00
1.600418098835874048e+00
2.155574187680681764e+00
8.798571949470630926e+00
9.464157176640528579e-01
3.209626094603379443e+00
3.370659958399457423e+00
6.171675022548283707e+00
6.225899894201212703e+00
1.687850370507315123e+00
1.482540752331176215e+00
1.781259501284519819e+00
1.054275341104379926e+00
1.321998986205568549e+00
8.018345358861258987e+00
7.223966608165710568e-01
5.149773089964259087e-01
5.511007903472062708e+00
1.310160899545466107e+00
1.032125258767253806e+00
2.775818047600765226e+00
3.409610680749690204e+00
2.279242756343949239e+00
3.763446238226900054e+00
2.137563165664641662e+00
4.216353802971519293e+00
3.062102869120538973e+00
1.063004707420585948e+00
4.979379288526234681e+00
2.229213078571967710e+00
3.352122042354092279e+00
6.688482363377140638e-01
1.090896084503652164e+00
3.932315707074845790e+00
1.906062872194437263e+00
2.315492632065973666e+00
2.896905676132103036e+00
1.089521787444977630e+00
2.075562110152608497e+00
1.719785233799496105e+00
3.768759879675493418e-01
3.845859715417249802e+00
1.933705502229835727e+00
9.689866093433778360e+00
6.923859344619381906e-01
2.307223264720092981e+00
5.213511923451261687e+00
8.722748406734559534e-01
3.903022260144099587e+00
5.889023637728189042e-01
3.074244171350356769e+00
1.892025769600875984e+00
7.537980906282639726e-01
1.854513580506631509e+00
2.254078579011275618e+00
9.490484021637543011e-01
5.680900058142680287e+00
7.150011660738665453e-01
6.790857365277473079e+00
1.764558383162609934e+00
5.895520357944050716e+00
1.597269781053215043e+00
7.420481587493286568e+00
6.238915283792635158e+00
5.492971864568294560e-01
2.047825653602121765e+00
8.157218757351346383e+00
7.917114339220147734e+00
9.217740452163173615e+00
2.163405302210828385e+00
6.590531380784746540e-01
7.488047582845364092e-01
9.760733546709670083e-01
2.015800260714315062e+00
8.132947985994755769e+00
3.612554924929212596e+00
7.428465442264077234e-01
7.156032774651411188e+00
1.561376265582521183e+00
1.544755504341034591e+00
7.003554718183377936e+00
4.712560872630932707e+00
2.484293009258687679e+00
7.897646604162603667e-01
5.288844383138097349e+00
1.596462043242654172e+00
5.119063781412608094e+00
1.234372317436792432e+00
9.132660491280153892e+00
8.937098801366122558e+00
2.026418672932946308e+00
6.615508973641529566e-01
6.064355922941591093e-01
9.065207541051729656e-01
6.360311616793281608e-01
9.790942152135565735e+00
3.200357713553221295e+00
3.902621419859952923e+00
7.740560905465386776e-01
1.478573127506076723e+00
4.187221621325707965e-01
5.029960254713262024e+00
2.184273440335929628e+00
1.381940942009368456e+00
7.326091365118377885e-01
1.546113836580901291e+00
6.075404445465809822e+00
2.484368299139287029e+00
2.300651860287360240e+00
6.982605629861851071e+00
2.139910196233036022e+00
8.117665618464794619e+00
1.809219690175159823e+00
1.796689357466102033e+00
4.665786235997993359e+00
1.393959696212703658e+00
3.608188271466586716e+00
5.935421900562800612e-01
1.264062749876362801e+00
5.173341274925731259e-01
6.920177983359440788e+00
2.246224718195185766e+00
1.696713179019844198e+00
1.571926337220229453e+00
1.871301429807686878e+00
2.818713251710085466e+00
1.898178677489195998e+00
3.838700453515096811e+00
5.448225609421488258e+00
9.677928409415581523e-01
2.512539095683233636e+00
4.823160371832666549e+00
3.754859543059537730e-01
2.631846445301895709e+00
1.042565949830472460e+00
1.864513077250665285e+00
1.310485766418821862e+00
8.384147633115281995e-01
3.366006641738243932e+00
1.508550632454805251e+00
1.184495499422582920e+00
3.719342975766335990e-01
1.076588441226055792e+00
4.003838288071928098e+00
5.578032476460933253e+00
4.298016500181381261e+00
4.252722068637374564e-01
1.214414096190744585e+00
9.673960229968697755e-01
1.870197348329206921e+00
1.470995870921820936e+00
1.465242200493469982e+00
2.589057150720844636e+00
9.202976839995098857e+00
2.708825648041570666e+00
1.073046864340903239e+00
3.670607079890990665e+00
5.762815148238279228e+00
1.100774811475417003e+00
6.507563457131815277e-01
2.512832823608967203e+00
1.631880198736281651e+00
2.030442358041893325e+00
4.379023501820427100e+00
1.811775281164031748e+00
4.566357215558373817e+00
1.787903823701896044e+00
4.130828816663942304e-01
2.208319750611975607e+00
3.028142543036815848e+00
3.276395190930402324e-01
1.332520584102960814e+00
8.665114573500964923e+00
2.916466520081845371e+00
6.769195493803117358e+00
6.935882880745238843e+00
3.476052681017533508e-01
1.254095839489517195e+00
2.498731249708484814e+00
2.619810757287317937e+00
5.656134939561855646e+00
2.559494431248725554e+00
1.509812539067167059e+00
3.673369222791111444e+00
6.860850807513184435e+00
1.968135304165317345e+00
7.619898594776195466e-01
6.281545888013427614e+00
6.795397975099275456e-01
1.891260986685517675e+00
3.481998405786908557e-01
1.131242017701414859e+00
5.518745972357433693e+00
6.391406740756201410e-01
9.095662603942027413e-01
3.392537758982255292e-01
4.853377605428993213e+00
2.354817396485467729e+00
5.221654578163735794e-01
1.962831299190129108e+00
7.852956926795178205e-01
3.424338953069393510e-01
2.513925307411229770e+00
4.599637773835690835e-01
4.584789149035360722e+00
3.588052692601133131e+00
6.556964467447631506e+00
8.110513909038996161e+00
6.233587287560151680e+00
4.153722324660130694e-01
1.857692822988896486e+00
5.447035235359988903e+00
2.312589270312491063e+00
6.123286339691081714e+00
2.470096938475807580e+00
4.631468868112516013e+00
2.033211966837927598e+00
1.702903304627525038e+00
1.841757315315322385e+00
6.405882657908438915e+00
4.187661178492051439e-01
3.983095982114466693e+00
1.050481516941474514e+00
2.456406844005073697e+00
6.599656799082317393e-01
8.832731050654573091e-01
1.860481867310422421e+00
7.520689636722637239e-01
4.955605194394273383e+00
5.003593852910914741e-01
7.520374319342130187e-01
4.251366520564108797e-01
2.370670530331097314e+00
1.108016145727095392e+00
4.360756075110153063e+00
2.010051132353744219e+00
1.021067192091557274e+00
2.115366932938588462e+00
2.901169275754706067e+00
3.218413411523053935e-01
3.560272567315014847e-01
5.715857196819614794e-01
7.576349173715000163e-01
6.347772181324077279e-01
1.490274121807898311e+00
2.437829449995775111e+00
8.958060018729806506e-01
9.465867381679244019e+00
3.602152876815159388e+00
1.061014724474407034e+00
1.841320668514242698e+00
2.504284706183772524e+00
7.853063888259796066e+00
3.857226416192105489e+00
9.455481546241145452e+00
8.240381865387761406e-01
4.331226652320024684e+00
5.991992219511456774e+00
2.141159092961989252e+00
9.225412829422686700e-01
5.526239384426808066e+00
1.737890910253284682e+00
1.699818009809464625e+00
1.578348876390782474e+00
6.510274628708931033e+00
3.485954214904557702e+00
3.815731000261014305e+00
6.600028027235502748e+00
5.505687814675551017e+00
7.481586130622420727e-01
3.556467902646275880e-01
2.073611203543195725e+00
3.837819282305494184e+00
7.404283288544056596e+00
7.092756608675670371e+00
6.580047080123613279e-01
2.492678782575047158e+00
2.947868780335256567e+00
1.777006895675572906e+00
3.453476256979424619e+00
4.672565393809199996e+00
7.741599463740387321e-01
3.336248239737492072e-01
4.386760123698688396e+00
2.079190693349679986e+00
2.027427898043273835e+00
3.758957791994571584e-01
6.184690140888385868e-01
8.218889851679076486e+00
1.899886239278093747e+00
3.698727015063411727e+00
6.396893650556670918e-01
6.733413259104383819e+00
1.282074780958654125e+00
5.144733139669707356e+00
1.526588142941353254e+00
1.952845632768539064e+00
7.931886310067928214e+00
5.160776750738335750e+00
4.984646187733936529e+00
8.512007360701920433e+00
3.398929938929669547e-01
1.489409526322008848e+00
3.299135091199374981e-01
1.577611385694234203e+00
3.674948025186716705e-01
1.230074550854664883e+00
8.817143218377549996e-01
1.879206747566759983e+00
4.436731507630596205e+00
1.230183432964076173e+00
4.172855469199726386e+00
4.299791789726285174e+00
6.412515221689192302e-01
6.800551627051208747e+00
3.709334361866899243e+00
1.625413695468161723e+00
6.537112095148471802e+00
1.617903520426754671e+00
5.491285347666965855e+00
1.189374149345974851e+00
1.954328690026885251e+00
9.889269855723081815e-01
6.874827074482321443e+00
5.775866804481080585e+00
6.259620714259600538e-01
3.305200003740808246e+00
3.979447076206890976e+00
3.374377771572334872e+00
2.443240995905178181e+00
9.654710265435026972e-01
2.909175519065877236e+00
2.642776320802374901e+00
3.200666799786960670e+00
5.014803491450876116e+00
4.079473900667404673e-01
4.014831661654110206e-01
3.417783657026508548e-01
3.876592250848505561e+00
9.419180371425913689e-01
1.039505304517008843e+00
5.557299794422799755e-01
8.797057674861740395e+00
3.802613587724561484e+00
9.701538953111406016e+00
8.215586559963137248e+00
1.435826606030755626e+00
1.864186654514604191e+00
4.510474529776576702e+00
3.166478219527022908e+00
6.501043916862811578e+00
6.376347463780699387e-01
4.161247443370687193e+00
7.708332001869186989e+00
4.163171420459579330e+00
1.881310396488474534e+00
1.933111332731921816e+00
1.577353735027899218e+00
6.895392178281879447e-01
1.933357298755600917e+00
3.630469122741977195e-01
6.191776243757610709e-01
6.288813854576488005e+00
1.381381662767213525e+00
3.115751797166407044e+00
7.659680581232525931e+00
2.686114053083114683e+00
3.218413411523053935e-01
4.256406776744335874e-01
2.505394708089743183e+00
2.826170311358621845e+00
4.448734213676305060e+00
2.902188262918700357e+00
2.120968332074987472e+00
1.201027910230756168e+00
1.097353130500497320e+00
2.404226904030442480e+00
6.455906374919335722e-01
2.658059441862661298e+00
2.381929845713490757e+00
6.113865012132569943e-01
2.501317875664929247e+00
1.976067063713191629e+00
9.066825611227594450e+00
4.309671682381059910e+00
8.478050688215448716e+00
6.614328088077587875e-01
3.309572653546913656e+00
2.631115709397091607e+00
5.031754628826456965e+00
3.282970705803295974e+00
3.517033247334774848e-01
3.493045805657068570e+00
2.909088649212065114e+00
9.989326756986396383e-01
9.359071116832409221e-01
5.980383139203124365e+00
2.711896431582948352e+00
7.681519909885907715e+00
7.604099781540579528e+00
3.938466213524688175e+00
8.619831514127573868e+00
3.162943591309965718e+00
8.772162219733873556e+00
1.226478530971917724e+00
4.375025589018619598e+00
8.201907766352386497e-01
5.088213553020806579e+00
5.976910519247476294e+00
2.084354845875512563e+00
4.006253619207428507e+00
8.329050550620415549e+00
1.576746217573435249e+00
3.390912282614041651e+00
8.662842283054621006e+00
8.218725233443553435e-01
3.811827093327136318e+00
7.272053787598041552e+00
4.743033966069358343e+00
3.244609840402755463e+00
1.688579538591355567e+00
6.242419318569742082e+00
4.905037404956189007e-01
8.062664019105152846e+00
7.263735114357288580e+00
7.472908474379268418e-01
4.971643449381675239e+00
3.552442692226674414e-01
3.968555792207779209e+00
6.661232050503733682e+00
1.714686518370483803e+00
8.894403302277668066e-01
1.741042475777732079e+00
1.403926702795387893e+00
3.218413411523053935e-01
1.329892899451012633e+00
4.368927808690405978e-01
3.453803488392114929e+00
2.133176764739345366e+00
2.266763629118378365e+00
8.776801728077652243e-01
4.100900490206755289e-01
2.337659550222240590e+00
1.607428516549747499e+00
3.292283330868028823e+00
3.086847487599272633e+00
9.725803811605224780e+00
8.143751172574608121e-01
5.835298058642067742e-01
3.715752223613670302e-01
4.319080505519449886e+00
3.377918156724914578e+00
2.579222337890194172e+00
6.215184453543631804e+00
1.214387958435414250e+00
1.130887568474481686e+00
4.681898965123983403e-01
1.994674921394212541e+00
7.691404094462365171e-01
6.980879167704728161e+00
3.122632430883327537e+00
1.172713026545999515e+00
3.625788482210502428e-01
2.595310906341004031e+00
4.643216989913493187e+00
1.369735465388978390e+00
6.807662636824318714e-01
5.092310796921717397e+00
1.054244971769289885e+00
3.255603920958377029e-01
4.673364499326813082e+00
5.199947562169523474e-01
9.395863799529210469e-01
2.476648826017664451e+00
1.916862208488237629e+00
1.059090333487250790e+00
2.901215530933916487e+00
3.698406426169825068e+00
2.238758928653901581e+00
1.250584319841391512e+00
2.585815290101327601e+00
7.159915157984935163e-01
6.360858044548510781e-01
4.337270638733111916e+00
5.076113685079167714e-01
3.515332443882252633e+00
9.564843476696937019e-01
4.310104295567494526e-01
1.067235944102479905e+00
3.697419726770901915e-01
1.886069791754319436e+00
1.466236732903317019e+00
1.140195496693360067e+00
1.361804092019305745e+00
1.311612348071256262e+00
1.128443767946192500e+00
3.952492232822524709e+00
1.988127061797255735e+00
4.166162101144029184e-01
4.581813754451570797e-01
5.816637921322076465e-01
1.429230578139062846e+00
1.000398732056599904e+00
2.159067897259490110e+00
5.098378640587383437e+00
6.413207871681783079e-01
1.477138490706058960e+00
1.277085088478211894e+00
1.212271531151369874e+00
2.621261329244460647e+00
1.197331068092855721e+00
6.963276034164738171e+00
2.854354003451539334e+00
4.475561091029637950e+00
3.237848922090600379e-01
1.903476892394834419e+00
5.418033077438121126e+00
9.250511339686593448e-01
3.363967572020921448e+00
1.055776768342873373e+00
3.218413411523053935e-01
2.585658125997308154e+00
8.946702700468039948e-01
3.804860289211629554e-01
1.314117665982168504e+00
1.605595289118907587e+00
1.029440365766617793e+00
2.640217986551923968e+00
2.844633938895630099e+00
4.612317510524688302e+00
9.787908066740490298e+00
4.734793486538903529e-01
2.372402916568981279e+00
4.592357009874233675e+00
5.415721480029958013e-01
7.953187914928193658e-01
3.861804180649407670e+00
7.308905787271775090e+00
5.377805981731754947e+00
3.844451862760470906e+00
7.244236579908933660e-01
7.832777015387190067e-01
6.425890187855902713e-01
6.086582021112292296e-01
4.860709870848677561e+00
5.610437846382531291e+00
7.987233725202070866e-01
2.002356043994026447e+00
1.125006577480456516e+00
5.529362466589990532e+00
4.937660243637393975e+00
2.523777905841089630e+00
7.195411500752442180e+00
4.364098736270056733e+00
1.113787293492936481e+00
1.341262878784545531e+00
2.282316049419378157e+00
4.126157836104493271e+00
4.966291422225951324e-01
7.239508274797727516e+00
5.652691484762450980e-01
4.942115884956708172e-01
4.389241151950559860e+00
4.578293377335204140e-01
3.504276488435666970e+00
1.749911883772443666e+00
3.433663588650055942e+00
1.223551540133725357e+00
9.314142532418011600e-01
4.799545423505747754e-01
4.141855378075278260e+00
4.765724586615216474e-01
4.892083245234549516e+00
1.565805575857767362e+00
1.090404564579897428e+00
7.072307151134725522e+00
3.965730333014195530e+00
9.638079515330318925e-01
3.062056662185122402e+00
6.478485147473276307e+00
2.563712663770926881e+00
2.592423910180226887e+00
9.952253139448110630e-01
8.717974336840391913e+00
4.919659473002989669e-01
1.952237359514175985e+00
7.840767177416297917e-01
5.324094627029481330e+00
5.225791857409091135e-01
2.443069384436999059e+00
1.985673328399684801e+00
6.517415479619498520e+00
4.717413537212867602e+00
3.643349790816612921e-01
2.685559304985900564e+00
4.225546698211624097e+00
6.075006215024333578e+00
3.940310475843167737e+00
7.797931566974641848e-01
5.711364199310481560e+00
1.459511296653934531e+00
1.184406790970312873e+00
1.898523409356388525e+00
8.061116490810482205e+00
5.236462715101529497e+00
1.411780756816115145e+00
1.247317103728513121e+00
5.714315388810230489e-01
2.070783901223218315e+00
9.148212684649985604e+00
9.655354139229114452e+00
2.418945783422670193e+00
2.646018461429607616e+00
3.410879585086567523e-01
5.175371584590748864e-01
3.411794072358211416e+00
1.473377311986578730e+00
9.376295189799009888e-01
8.711084695884322437e-01
1.448263966558076987e+00
4.512169996151770279e-01
1.372089351610773722e+00
1.651961052537512353e+00
4.256478822059097666e+00
1.166157980393602411e+00
7.283841449795936285e+00
3.814636632696125851e+00
6.172497064875205330e-01
9.977563350998798208e-01
8.686602276024942837e-01
3.242933324790912009e-01
1.358105074634480047e+00
1.645615589053793348e+00
8.352055260858508134e+00
8.705043400512771923e-01
4.902730050784834148e+00
1.776206525098458888e+00
1.017952831440979589e+00
1.348337346519004942e+00
2.721286152627864219e+00
3.988057315826649685e-01
5.271070004430194800e+00
5.649427761724364672e+00
9.610740487948250532e-01
1.089432971140203765e+00
3.299218946064876867e+00
3.704075377717717665e-01
8.981796731897528918e-01
3.763106621596471246e+00
1.044195440141191034e+00
3.289665886889854729e+00
6.830605676466807274e+00
4.780689330239872303e-01
3.853979478486037613e-01
2.227390281519914694e+00
5.595773351873652990e-01
5.653037563713432245e-01
8.092594223591454750e+00
2.551702095785961077e+00
2.309499131868597122e+00
3.019300456877616501e+00
1.206469374965221997e+00
4.681522597439144451e-01
1.973046937223122299e+00
5.857616193194305154e+00
2.000456780435670545e+00
7.515632655463151401e-01
7.857892300866410551e+00
9.652416475977066312e+00
8.179880718561627351e-01
1.072273751432921474e+00
2.132608727036604979e+00
5.789128239649310448e-01
8.354677156695513585e-01
9.222921458947701545e-01
6.795747696605820565e+00
3.360218163699212890e-01
8.549776189225058998e-01
5.660870976388873155e-01
6.371421419555207688e-01
9.383084964533033867e-01
2.341208936023700726e+00
6.660584506517877479e+00
2.913470792845197277e+00
9.049772072287206592e-01
5.699442591141961056e-01
9.678836898155900315e-01
6.085468024800763098e-01
4.868047682439161861e+00
9.770931403697684203e+00
3.895186781651553076e+00
1.211396918873639317e+00
7.046604037160177914e-01
4.946886476109038533e+00
4.823692838342980016e-01
2.582654202599078630e+00
6.242607004003769555e-01
8.357307292729704074e+00
3.786543275875053349e-01
1.371969422176992914e+00
9.284379266956370724e-01
5.044702102442725433e+00
4.619158259936783750e+00
8.443671940468201242e+00
2.123225172422274376e+00
7.616644410191457659e+00
4.636397867815550633e+00
2.286256227229082505e+00
8.625643737573644998e-01
5.815748110184908448e-01
6.025802028214756412e+00
6.053487579631467774e+00
8.895984310855657995e+00
2.266965153977971603e+00
5.510520389854676182e+00
3.653744228974165065e-01
1.741266112164306046e+00
5.062524407605496712e+00
3.842886288357522773e+00
7.073729110958161259e-01
9.805321124046081360e-01
7.233271368254314382e+00
7.137512058478302501e-01
4.352045794477184537e-01
5.043099797145131902e+00
9.756062605915220010e-01
2.013444426543875565e+00
5.796790929646933321e-01
8.343622491067245406e+00
3.620346542768182463e+00
1.745640314582881159e+00
3.491471732447148479e+00
3.253676818667902815e+00
4.608631279666481895e+00
5.120355593581836118e+00
6.241998602910091565e-01
8.166472246902133358e-01
3.653799196143122652e-01
1.055150991331705868e+00
3.127836655553157819e+00
1.115252623810921273e+00
1.250738100242362760e+00
2.711381787837165547e+00
1.728070526881885005e+00
2.823337089975882286e+00
9.633763394627861132e-01
4.380130561650179111e+00
5.223276793479895375e+00
1.132447205790161782e+00
6.257873571001226765e-01
5.070106972723897876e+00
2.203665913886452277e+00
7.853063280833242565e+00
3.100459004660564233e+00
3.222768936115768756e+00
4.219637325932161787e+00
4.053892351499252200e+00
2.450349706339378653e+00
3.127512687116781098e+00
1.247383923504893133e+00
4.472132015610379874e+00
2.493548110977288346e+00
5.163657371269269047e-01
3.972933422400585779e-01
4.128444516031416489e-01
3.571611912149908474e-01
7.428555637910119636e+00
2.618740147658314754e+00
4.128776038588043207e+00
1.771855940774873739e+00
2.199815744207468615e+00
6.506045410581021926e+00
5.801981827773002864e-01
6.261293869951054525e-01
5.173877327762530953e+00
4.851325165295591546e+00
5.819931725643635367e+00
1.875175666660851004e+00
1.708373071978633639e+00
4.348486397013910931e+00
3.375264760392904240e+00
9.906596637813771533e-01
7.082546890560982966e+00
2.347821769493043220e+00
1.528024125872726735e+00
3.843572085075086964e+00
1.600684663071010760e+00
5.208359313281638592e-01
4.262663382720304206e+00
1.368011463358196789e+00
2.369528314193361407e+00
2.328229093667554928e+00
1.876943240046818895e+00
9.277412919110891165e-01
5.286051790199826073e-01
3.687712819483228266e+00
3.555034785162089150e+00
3.863830004473580271e+00
7.394404514302347131e+00
1.047658102485664156e+00
4.194717975220450867e+00
9.743905606698736177e-01
6.799901129378242981e-01
7.146359292384169670e+00
3.354674250742695207e+00
8.087051474951406860e+00
7.518329537589603540e+00
6.514088125738562773e+00
3.040029556726981941e+00
1.057265035404763243e+00
2.299080454387135042e+00
1.288920390649298531e+00
8.750038106428501550e-01
3.291380878347910932e-01
8.032344077964400642e-01
3.546594686599489510e+00
1.696378921203533396e+00
1.722168570225548034e+00
1.957380564841487036e+00
3.817002644562428770e+00
4.565027859993222026e-01
2.641719256367334623e+00
2.067679889565299689e+00
3.964511714537105047e-01
8.491073408056871941e+00
8.580793085288826560e+00
6.508201369084661181e+00
3.431044090215976894e+00
2.530539664393269383e+00
3.982356487201508255e+00
6.447615228147659527e-01
2.692488839681621560e+00
5.533468136600814269e+00
7.702402225013976755e-01
3.901024573354420766e-01
3.826723291327492893e-01
3.516563458848315005e+00
1.075527919726740445e+00
6.954335127132254435e+00
5.525667730108621889e+00
2.873490567172578114e+00
1.363496598967668394e+00
2.682106464175301408e+00
9.162596958210218467e-01
1.565778237551167518e+00
4.532770456399399350e+00
8.949078160987519182e-01
3.289858931200641212e+00
6.737333768161358760e-01
6.150577924494836646e-01
7.374796023660467270e+00
9.176811500170556357e-01
7.990818101853244038e+00
1.020756015899613400e+00
4.912666661540408874e+00
2.302551613837954037e+00
8.630658221959253140e+00
1.546349462966889687e+00
4.039897831680098861e+00
5.225454157737453365e+00
3.243577595844335359e+00
4.025508081690207796e+00
1.946614702918164630e+00
2.353665019652923629e+00
1.552497282518675581e+00
6.398423693640629129e-01
9.663804684919049537e-01
4.319253629865735356e+00
3.111827345149541735e+00
1.028428431789361053e+00
5.937769166298974000e+00
4.576824189063534831e+00
7.978523889096868160e+00
4.376272804944158601e+00
2.582136833178263036e+00
1.062584583668724436e+00
1.040087826517903657e+00
5.520713089974247367e+00
3.491638100245991083e+00
4.019974110534407785e+00
3.980436178415433623e+00
5.584853536707623523e-01
4.222981667107701398e+00
2.708956913654715581e+00
1.336725807664617349e+00
9.857077202861980192e-01
7.018502597451121261e+00
8.638006295681588398e+00
8.483453202307418284e-01
2.848042355791742697e+00
6.789845420446996904e+00
2.136101355033215743e+00
6.676082988433522658e-01
9.579784325478568618e+00
2.958763697234467305e+00
8.776755078818522238e-01
4.363611889231298946e+00
1.113999760086085367e+00
1.536757873300478305e+00
3.130761340889877342e+00
5.184824949561004814e+00
1.809116666824039488e+00
6.753987440878498560e+00
9.031499900629071931e+00
6.742993339240435091e-01
2.151417278301183789e+00
1.137788310541060888e+00
9.689148872643986721e+00
2.110063797542093056e+00
4.288715366099477566e-01
3.392533626177970607e+00
8.857297495953742938e+00
8.285890407869326069e+00
2.785005880955093271e+00
5.095590413428295662e+00
4.278691278254428632e+00
1.275529077145428625e+00
1.746709453608975782e+00
8.888153290122746242e+00
6.871734760812440168e-01
1.487601094699272597e+00
1.269938188439819537e+00
8.157571159292893448e-01
8.130384289002782205e-01
3.387775224389389717e+00
1.994680048361330282e+00
2.777422380994865492e+00
5.606465876275377180e-01
4.744437263898073076e-01
8.318171573383063233e+00
1.446778487938730651e+00
9.264901483252561576e+00
1.040439196553649026e+00
3.748946968003716407e+00
8.928645194247186723e-01
1.868242553868084910e+00
2.871615915482950143e+00
2.643426044837091204e+00
5.577170213640376684e-01
4.554636945293709660e-01
5.058154867669506949e+00
2.322427425877247931e+00
1.404456073704696051e+00
1.771650133398800397e+00
3.711557701850309865e+00
5.895567790533570163e-01
2.646227086660804417e+00
1.382524501438374909e+00
5.853996895698448943e-01
5.485223793951854443e-01
1.744161292251494855e+00
4.007887047628102550e+00
3.660932099414916152e+00
2.855262327461324912e+00
2.337414521669558543e+00
2.684070216162977474e+00
4.912404062457434994e-01
2.777202242030958779e+00
3.567681725436975704e+00
5.751523266030021952e-01
1.598173580261497806e+00
8.447145379889064998e+00
2.621739474108096601e+00
5.441600927269086840e-01
2.889222740334548956e+00
5.293522439393121282e+00
8.721583722548796880e-01
3.683684823021395882e-01
6.204349017309715109e+00
5.545042053633515877e+00
1.914606512014469741e+00
5.162823362009475225e+00
8.136953260480161987e-01
7.114347069760544429e+00
6.635697646483635914e+00
7.467490981795407157e-01
9.070150950088370578e+00
6.738657505345524434e-01
3.947905597395372723e+00
1.608096123299975977e+00
3.783642356022312025e+00
2.465703665185186466e+00
8.194824896279623516e+00
1.726347697251620739e+00
2.341337661454976349e+00
2.524839295863870792e+00
4.963841103413429434e-01
2.235889278586839612e+00
1.432019126384113106e+00
4.992289281517411581e+00
4.819570605119349316e-01
1.772259316514545269e+00
1.335998797300397944e+00
2.145748384890731053e+00
5.402238537117026063e+00
2.301083899243197450e+00
3.380134403427448864e-01
5.749565546726747023e-01
5.460260230719273800e+00
4.112836188113190850e-01
4.673787903605593819e+00
4.400221029448912469e-01
1.820311206220215361e+00
1.971988328355925191e+00
2.886301277010274724e+00
1.236532287520808904e+00
3.316512229890551944e-01
6.400109576703615133e+00
4.211343095215520194e+00
2.512176174491688396e+00
9.044877057950312604e+00
9.364651251981420677e-01
5.767998386641928654e+00
8.316889996143574493e+00
2.054771543697744729e+00
3.995777174019304878e-01
1.480181222408275765e+00
7.860707661917203382e+00
8.815334081055169468e-01
1.165915347191237572e+00
5.745263633160914374e+00
8.098385015793750918e-01
1.791423431294127955e+00
5.833944741956905489e+00
6.121967890955778424e-01
1.017077556042429443e+00
3.070598535838003684e+00
4.624414422524836255e+00
7.785195183326460988e-01
9.534273868815380526e-01
5.189330774393749124e+00
5.147461866864033730e-01
1.766424973649223018e+00
3.625469530548570241e+00
2.762824460517670833e+00
3.368882894409116258e+00
9.721917109348678920e-01
3.701382428618333886e+00
1.008841194660270002e+00
8.774137422109572482e-01
2.714627022463793171e+00
4.686387579619663568e-01
4.420701506544432391e+00
3.879491100407599813e+00
6.555203777445705704e+00
2.689741904944761952e+00
2.620774223302056338e+00
1.068513422822469972e+00
1.543566387628008796e+00
1.336618801019312741e+00
9.401237547724804466e-01
5.029193168906903599e-01
1.442852794230039759e+00
2.392682206576960624e+00
6.821875546160589998e+00
4.228285310578365319e+00
2.630012027041854772e+00
3.543515710513121419e+00
5.308810007312940726e+00
6.339667708448405437e-01
4.554851429826075382e+00
2.523148002285492186e+00
8.036337048783595005e-01
6.892135163735225722e-01
6.504423538838774554e+00
6.910236713674689391e+00
4.195979085500828099e+00
1.776925276490672223e+00
4.765057553026157855e+00
8.645506950593715434e-01
6.879835911363452183e-01
1.161040520858787506e+00
6.230523258134176290e-01
3.573240581884977285e+00
1.732515431754901636e+00
4.700439934358902616e-01
4.009043493111042467e-01
9.939182905209007490e-01
1.847497375955904797e+00
2.271980598344679247e+00
6.727074593612194064e+00
3.947156377563293184e+00
7.086806363481859883e+00
1.522767012772088036e+00
9.624661836924424119e-01
3.772919401989693333e-01
5.062003979321847424e+00
2.804304948390482721e+00
6.471764587930315393e+00
3.745313112333754080e-01
7.881205920970728585e+00
9.217237352372025239e-01
2.038657722978017617e+00
4.210552287074344591e+00
2.260805206443838422e+00
4.359407219090337904e+00
6.415148805404033983e-01
4.075830261724917580e-01
6.586099990451995900e+00
1.396225695891312846e+00
4.265835716018098189e+00
5.863727402771420349e-01
9.155017176183921634e+00
9.610538011142336856e+00
5.720575228110685195e+00
4.322001225870254260e+00
1.989202372209725844e+00
4.272628127948396859e-01
2.624140847132085064e+00
4.132918368425143818e+00
4.456599229816001539e+00
4.063514869190352208e+00
5.627588664916941319e+00
1.420752695633993978e+00
4.796161273798934310e+00
9.622985227280755893e+00
2.025856703214721666e+00
7.534878753656931716e-01
2.742194722502801607e+00
3.513451364434101443e-01
8.284135455363337286e-01
1.040015580533626638e+00
1.065369260119508610e+00
4.515873415598949947e+00
3.633125668352853999e-01
8.070337460144484387e-01
5.498217127212179367e-01
7.276033589921564015e+00
1.276479161402173101e+00
1.519485068066490863e+00
1.757058902233734399e+00
1.045629774544608148e+00
2.000409947577567848e+00
2.100831647451455453e+00
8.834373385081218943e-01
4.894100732105932217e+00
5.830446000140192986e+00
4.898934017477901470e+00
6.656422824141418282e+00
4.585026352823206031e-01
5.268225982674339392e-01
3.438376484959989821e+00
4.650172211653447185e+00
4.309063389285517687e+00
8.258036912689282749e-01
1.308307466589535561e+00
2.992052377058644463e+00
2.067487474272448278e+00
5.366130700339067694e+00
2.090479652231330476e+00
5.876462910839539422e-01
4.614816892259703707e+00
4.057234945813554816e+00
8.871122312961519540e+00
3.585863656307985980e-01
4.995524490475133916e+00
1.449089649479639252e+00
5.676474863011417016e-01
1.768704810105789837e+00
1.254531713645109070e+00
6.866812823269337507e+00
1.125719909103614969e+00
2.870297110343203340e+00
2.561462048846758321e+00
5.368758913826479073e-01
9.249877128197146803e+00
3.702328061178312146e-01
7.124974870718188136e-01
4.114401018737933735e-01
9.307712644826229287e-01
1.109194486849685690e+00
2.636008994502546443e+00
4.909450102081347467e+00
1.024128654788912796e+00
2.511376218981090425e+00
9.714853039636451859e-01
4.351466414497878965e+00
4.234884042332154319e-01
6.311380845524420025e+00
1.075430204051535110e+00
4.527811364597601695e+00
5.583824819789654725e+00
1.236884897302678699e+00
5.092614830684476068e+00
1.555605514222862196e+00
3.054599748122863279e+00
2.956357472068668280e+00
1.053763427798678487e+00
3.508070603631889384e+00
1.194628265950303359e+00
3.649904550952491333e-01
1.538099064571234020e+00
5.538091895727121461e+00
9.192726692256684151e-01
3.161070752499745673e+00
3.442423336244401888e+00
4.233871941108997561e+00
2.329705327192303610e+00
9.102160485800666834e+00
3.156852518236073379e+00
8.371953366844916422e-01
5.129545798804441503e+00
2.035083714156631807e+00
4.094117006902416867e-01
9.489820878597612364e+00
3.251228979722851964e+00
4.909467333537165246e+00
1.333549907394883771e+00
1.643981819158046198e+00
1.673146890430148748e+00
3.724375488587190919e+00
1.414255910008592965e+00
1.284285452307456277e+00
1.223341713060217550e+00
6.632594311389451214e+00
9.473895234744018623e+00
2.883555338169368376e+00
2.516614291828400241e+00
2.349541815713418025e+00
2.949495280066020797e+00
1.257819292841534597e+00
7.874734215283699656e-01
8.174793068972303622e-01
2.853791222854648257e+00
3.284848104049760131e-01
5.300238344250791656e+00
9.686846394552810935e+00
1.539772217442616276e+00
8.658463091847800053e-01
2.417516578637673774e+00
3.014631071136912421e+00
2.602139495266808211e+00
1.895801851217634226e+00
9.132902311393269468e-01
8.597240079060981088e+00
2.602654113302602212e+00
3.660645343607416002e+00
2.191368696859968601e+00
1.971567759296829703e+00
1.836433884456933896e+00
4.677074770076894428e-01
4.081615794539396269e+00
2.772587380911759158e+00
8.897811708818512688e-01
2.702626822777078885e+00
4.812466371143098165e+00
5.122660494788502383e-01
3.213893398443374849e+00
1.051961591874005286e+00
5.765312686109295370e+00
1.633114869578695005e+00
1.082644397307200634e+00
1.098185028185517220e+00
9.747644985690554487e-01
6.303899165797096638e-01
1.049095276502335361e+00
6.622985311796610874e-01
1.910614137741563523e+00
3.581535231621297832e-01
1.137736344636258057e+00
4.586535967844830530e+00
2.903595863335565408e+00
5.276756524220564515e+00
5.327882642609716335e+00
6.225423315028539406e+00
8.870306449114028879e+00
2.802395952007315394e+00
4.738610920227870338e+00
4.823046528149652623e+00
4.964669176345322676e-01
1.291851871942199415e+00
5.505278486848005137e+00
1.030114625562334130e+00
2.381918865286505316e+00
1.251229968562940886e+00
3.914213076918412693e+00
7.660433350728441226e+00
3.532044318413929851e+00
1.071835712435193599e+00
2.858191726491489781e+00
5.186335623006478990e+00
6.211433090400715784e+00
4.774246091132159919e-01
4.348701502801090579e-01
2.551307097379662547e+00
2.166980256056816323e+00
5.839093250828424342e-01
1.281002907926648060e+00
1.723420675095461707e+00
2.896513586020886155e+00
9.434162438246715965e-01
2.895290830474277488e+00
7.113413866305316802e+00
5.209943286141417218e+00
2.321758013044108004e+00
1.549605710134370096e+00
5.601466666821243834e+00
1.086447967270915749e+00
1.788173835341697382e+00
7.908992595663722369e+00
5.556217635804851618e+00
2.407719778175698710e+00
3.362164181778672378e-01
3.628901608307713023e+00
1.640161112233499363e+00
9.047679005177752254e-01
3.688477608427777721e+00
1.675170025323766687e+00
2.429300313278200285e+00
7.978371113628061728e+00
1.623008990136872276e+00
2.340591891838546879e+00
1.949349444412785903e+00
3.534489528025622551e+00
1.308577890183141967e+00
8.401738614402165517e-01
9.545451800174904022e+00
8.701131304004851685e+00
8.127499349689067953e-01
3.997133473200500942e-01
6.087652405788845478e+00
4.165923554504415094e+00
2.778114372243840169e+00
3.989810176667778485e+00
5.707226411167374280e-01
1.388353400764991807e+00
3.333328047189727084e+00
7.167118244172555608e-01
4.048089574517221401e+00
7.709991412539014544e-01
4.342076142813335871e+00
2.843019121958527684e+00
4.182612144971213364e-01
1.168890019794055712e+00
5.791695281702740061e+00
2.786461631399635319e+00
6.769356745213426230e-01
3.559544139857791389e+00
6.998877014579153233e+00
1.414628771548747999e+00
5.361538837424792980e+00
5.446631726247612271e+00
1.047478417084897417e+00
3.343579045661946303e+00
1.503638720675542162e+00
7.074888326101321789e-01
8.830804114024275009e+00
2.785360198923438890e+00
2.496492268402534354e+00
5.120969342381194167e-01
8.170144077841625219e+00
8.222350800244307978e-01
7.506508095151716020e-01
4.213844758976438065e+00
9.879224053883172152e-01
9.202354699118699966e-01
7.890882239726202396e-01
4.969135203380563581e+00
2.366084070362538760e+00
1.209533885569716860e+00
1.101964900441464668e+00
9.969675363204357765e-01
6.680780165814486082e+00
3.421079539783153933e-01
7.406153682703450869e+00
5.379544779445343927e+00
8.992857616095752959e+00
6.723520234507173177e-01
7.797449433186710577e-01
9.704397913788495034e-01
8.432348513352067032e-01
6.619126419912612080e-01
1.841686416137314319e+00
1.226963687236030554e+00
2.396244608067590320e+00
5.986903253587624540e+00
5.996219776026385784e-01
1.574545824506173641e+00
4.348722732456028695e+00
4.574553070869062932e-01
4.529057923668998065e+00
9.788619507836468614e+00
1.178583462958845640e+00
5.041538196147008044e+00
5.382655024955067979e+00
4.673208447346326011e+00
7.168053644544877478e+00
3.522003586197651082e+00
1.614133712893063066e+00
1.177512763650466088e+00
1.121474264175314373e+00
3.966692704694647631e+00
3.862192373969356662e+00
2.469647747036773477e+00
1.589719501160881565e+00
8.064585195845189736e-01
4.748365523123207588e+00
7.627992805150576316e-01
6.237139843223221680e-01
1.736067698008300519e+00
2.790978407651198978e+00
9.781936960935443182e+00
6.557518861029406620e-01
2.299270804561064807e+00
4.568042928454597806e+00
3.218413411523053935e-01
5.310802738821073454e+00
1.025953962016964427e+00
6.673005629705623498e+00
9.402403265661375187e+00
5.649248785519391802e-01
4.340446716946355643e+00
4.381613554742409100e+00
1.637112877933756483e+00
4.259692573353210499e+00
2.902858625421561367e+00
2.136706744767388866e+00
3.020728365223204204e+00
1.046147265767525036e+00
1.983062837700667824e+00
7.558104543037695855e+00
1.230862747644677846e+00
9.102984321921175237e+00
1.071512601572866874e+00
8.039322150219873064e-01
6.707638632053376515e-01
1.675971262916619686e+00
3.535144240555117445e+00
3.025595443779496296e+00
2.201854620825996367e+00
3.166059290493930423e+00
7.078560580344522846e-01
5.805095626910236062e-01
6.389082343771130823e-01
1.982208172385943712e+00
5.541390222509965380e-01
5.434684275888603366e+00
7.222763377444311184e-01
1.289700575915984304e+00
7.814245851266085729e+00
4.767908727483669118e+00
3.715194841281999505e+00
1.263950663280597242e+00
2.770661820313717882e+00
1.577699885054053786e+00
3.996240351795652956e-01
4.728571001815099706e+00
7.043544212904822466e+00
1.362639698179543446e+00
3.021795871807777090e+00
5.334923162807907460e-01
1.568321350190903685e+00
1.003097536669901313e+00
7.924770140684904707e-01
2.639052757468475008e+00
1.406332140762462712e+00
2.875671737670746797e+00
6.972145669566408799e+00
4.813914680917042443e-01
2.257196967681437627e+00
7.024483804869673387e-01
3.712661729261838239e+00
2.239284645135226626e+00
3.520482175459596519e+00
4.509541793942023702e+00
3.218413411523053935e-01
3.730666272875608480e-01
7.015637753712491431e+00
1.105022176576922366e+00
5.808993502975896561e+00
6.275026757818800149e-01
8.257252062042224949e+00
1.410202550016203427e+00
1.441471052843619205e+00
4.533971001750066954e+00
6.653175358895467850e-01
2.733068238138199657e+00
2.983610651133763891e+00
8.272622987264439676e-01
1.666344358316528274e+00
4.754513461824443787e+00
8.809752750635759355e+00
4.174859314095406226e+00
7.586284363332453928e-01
2.003555192068724455e+00
3.116770955048060454e+00
2.500995451968023087e+00
5.432411490609106330e+00
3.005453088467135547e+00
9.086560441156374068e+00
1.496848750401500228e+00
4.946457102173444476e+00
2.445947901751262865e+00
7.651565386732681606e-01
5.230277724202266221e+00
3.975922320655056463e+00
7.545896400713363761e+00
9.504255269855742538e-01
2.124223489468412218e+00
1.313108802304630673e+00
6.637351242600964873e+00
8.855792708287859583e-01
8.963463567282330402e+00
4.332197838319208905e-01
6.979835575416321047e-01
3.218413411523053935e-01
2.707607631583745622e+00
4.284555904202547616e+00
5.567517314723624544e+00
1.525488737709832288e+00
2.637668958660043028e+00
4.387032646509760880e+00
4.048634932660770680e-01
1.304640010104042958e+00
4.608207755040814924e+00
6.242352926661173917e+00
2.537081276821413045e+00
1.516151994867083852e+00
1.860107815842249712e+00
4.542718685888689212e-01
1.622714296600104689e+00
5.760784075736484766e+00
1.559577579156308902e+00
7.287128968557093911e-01
1.667428993876580279e+00
6.648944490404618435e+00
1.291475375910033696e+00
6.590257450958858954e+00
3.218413411523053935e-01
1.777143713076152931e+00
1.035271334216619765e+00
4.421230816400543162e-01
2.767981942633675363e+00
4.154728113355462327e+00
1.124791037131907645e+00
9.075478484087508235e+00
3.218413411523053935e-01
1.932516437987611413e+00
3.255057914171179068e+00
2.700533897557266361e+00
6.043349418790691985e+00
3.304549950663513425e-01
7.190517989010252187e+00
3.929246773474941445e-01
7.329187626637224673e-01
1.444403084651501690e+00
1.812590683680285641e+00
4.206405095622243628e+00
3.693389655655644477e-01
6.529776776459486953e+00
4.530757457515007247e-01
4.442782688784666867e+00
8.287799229262184930e-01
2.382906754230781576e+00
2.673329874172444942e+00
6.215703569328653311e-01
7.934340329514554035e+00
3.425971747792450728e+00
7.487018458680548605e+00
3.639822678214065466e+00
5.630539864004290074e+00
1.441323381406211412e+00
1.295310273910870169e+00
1.524208856657444766e+00
8.753816998282685224e-01
4.143754497054725761e+00
1.985061736997818738e+00
3.453259363388286207e+00
3.778157013623486549e+00
1.926105067972158302e+00
4.499810771706592938e+00
2.643182352631773924e+00
3.417132707698317118e-01
3.561856927616822710e-01
1.172268022251680364e+00
3.725785286002455399e-01
4.832799599110413902e-01
5.031866140373266738e+00
2.401629716689680283e+00
1.124673055191867554e+00
1.823880983490279162e+00
6.278637077824584800e-01
6.849265125144383681e-01
2.988633396670037357e+00
6.559987967336032844e-01
9.072706816593436585e+00
1.033959111273309528e+00
1.750422339138220096e+00
7.315003178694902131e-01
2.624532619825315383e+00
3.450782704298131609e+00
3.058818963375550481e+00
2.080249344904242292e+00
1.763859899268636955e+00
1.350964608464461536e+00
2.093926808051659982e+00
5.363304514599798622e+00
4.134390400905639140e+00
1.407158931381412792e+00
5.405068479428106087e+00
1.279672928367015627e+00
8.595134867755609420e+00
5.565190014896556070e-01
1.438217150252860010e+00
3.004064558870646273e+00
6.858850746621898864e+00
1.087411154368394417e+00
6.322814241119975032e-01
3.774505178088304991e+00
7.123167276979812890e+00
3.537798484735048543e-01
3.420700863637140543e+00
1.766378011595500119e+00
7.977512002146048831e-01
1.568412177439219235e+00
1.821445019355510286e+00
2.539211680324541476e+00
3.231754133292111142e+00
7.183345735250217245e-01
5.279261565732227268e+00
3.811276914674002758e-01
4.260554955747519301e+00
2.256682162921073598e+00
3.010119240371560423e+00
3.617309566356766037e+00
9.284951181961309530e+00
4.668416063814155859e-01
5.699401980909141185e-01
7.530068361719930436e-01
3.247228294339478794e+00
3.267578084783720360e+00
1.030546089224740891e+00
4.976054217830227167e+00
1.079518014164446038e+00
1.680084733922706741e+00
1.705058854486753317e+00
1.422233148372768818e+00
1.348476619030797519e+00
1.069978503388786750e+00
2.515232624907316694e+00
4.443423860994081487e+00
9.427293627367536732e-01
3.680514726249499269e+00
7.282610195500255346e-01
8.615194418715883984e+00
4.584689029581536346e+00
1.312562238931724856e+00
9.020124647448664490e+00
9.604735667422293233e+00
3.971534403051464768e+00
4.166146841651343635e-01
2.153915720698268643e+00
4.518290773690560869e+00
9.007397409488293594e-01
2.854989309175965495e+00
1.093086706167230915e+00
8.747341453755014484e+00
2.181789097596014138e+00
1.997490887317314723e+00
1.456344333898787369e+00
2.802683716561905847e+00
1.850008258060065414e+00
4.015808432843044784e+00
9.797253873770896959e+00
1.514054218591682544e+00
6.074916993649945418e+00
5.460709094367762084e+00
1.296840448404386503e+00
1.687467231358000808e+00
7.274879112058281194e-01
8.472944762282044184e-01
1.502592248242362594e+00
4.202523889414393921e+00
4.281006016559891769e+00
4.722400413762876115e-01
4.306438574378433692e+00
5.282078606941817078e+00
6.961661796331514163e-01
1.224867066099646573e+00
2.613709018051243671e+00
5.312730887602874930e+00
8.815702196990958583e+00
5.330948666898824406e+00
9.204214199493700121e+00
2.722514561412638034e+00
2.995020564534989660e+00
1.523595443535715965e+00
3.338509992441898611e+00
4.400654601041504854e+00
7.150650921511931379e+00
2.374532854985348163e+00
5.687700088113867292e-01
3.253508182627931955e+00
4.087763614832477188e+00
3.044284780363142318e+00
1.433236970669004684e+00
4.507799165780082551e-01
3.873183160370681222e-01
2.186454445985505313e+00
4.836452464103142113e+00
1.226912813286717308e+00
3.608683896166620997e+00
4.496691738745043132e+00
3.028477619865420856e+00
5.947329916911959558e+00
9.944059161345764064e-01
1.133801708731061675e+00
3.601465034338947824e+00
5.915953070661024160e-01
1.139781395249057860e+00
8.025362358962978560e-01
2.115290674782831726e+00
5.423471611189221164e-01
1.276090225110172005e+00
4.903307746395487499e+00
2.147651703687590174e+00
1.231806877166863767e+00
4.676025681997122874e+00
1.026697804784279855e+00
1.442606918909759006e+00
3.017907180189514982e+00
6.869540342341471373e-01
1.269839902021619338e+00
3.188971972932228560e+00
4.009472369659728308e+00
3.657090296279934982e+00
2.316952375239307305e+00
8.580511421001911998e+00
1.286562630832019494e+00
5.123765962808664476e+00
4.698939127053241016e+00
4.132714638727875034e+00
1.095677672449466789e+00
3.995565995320542463e+00
1.377639836544108043e+00
4.490556151577224098e-01
2.646782111482316235e+00
1.465162543787214888e+00
7.648066753987007083e+00
8.805096159121550414e+00
5.570914907173694530e+00
6.195813139170170736e+00
6.245852170353099808e+00
8.413707376659370851e+00
9.417717597900925330e-01
8.952299776142133014e-01
1.536973477551201839e+00
1.082924886538385367e+00
1.673594086931303737e+00
6.197411604082022629e-01
6.124982416640157190e+00
2.551738517039417342e+00
1.720453911793637047e+00
1.720711169581304656e+00
4.465596456856969709e+00
6.477677808991566977e+00
3.034244109071865925e+00
2.466946498554231759e+00
4.728125049471574859e-01
7.857048294214370010e+00
2.835464281150657406e+00
7.122946907569968067e-01
8.649480858272374562e+00
5.232838817659044572e+00
5.871851619123665822e-01
3.538291467755557473e+00
1.878732776563118767e+00
2.224726806811232915e+00
2.006074577244964630e+00
3.609053300207228365e-01
1.744291190369176903e+00
3.146348557005332669e+00
4.575952289945214524e+00
1.946092928309898662e+00
8.699819216942754618e-01
2.810109851269025683e+00
8.983274701771647441e-01
4.313099216742898534e+00
2.827857469538808566e+00
9.054333744392228933e-01
1.602939869544008022e+00
1.300740840736414494e+00
1.153013514878200363e+00
9.790408272886038432e+00
3.576489995318617776e+00
3.133629794112091638e+00
3.079155917731791536e+00
1.145213401241981899e+00
4.229681899473734852e+00
5.929285984855482416e-01
1.419250804765594509e+00
2.774408085769722199e+00
1.113865183435563511e+00
6.795742623642899716e-01
9.558855796603845434e+00
8.178171981724106088e-01
7.579328674933113241e+00
2.112424340875937556e+00
4.021743549169683796e+00
2.927093395995572944e+00
5.800359822920899688e+00
8.564793405673338356e+00
2.719442637406144669e+00
3.857755567080626835e-01
6.696276580579480608e+00
6.594602247369847348e+00
5.520277791838783532e-01
1.305173508282870154e+00
6.905581836783057703e+00
6.180596455430635849e+00
1.958255620758685867e+00
9.518688882949579266e+00
1.250730985222509917e+00
3.679845508216190275e+00
1.575139668025726802e+00
2.545270857990210800e+00
7.463308789231239082e+00
3.076751679407726758e+00
4.540383993532779883e+00
7.505001506928447697e+00
6.513475546090773394e-01
2.135279417980781691e+00
3.587474409330129177e+00
2.680886851115830805e+00
2.263311304097445742e+00
3.584055455196215156e+00
2.634711639376544401e+00
5.343158025852978721e-01
1.991976554094438745e+00
1.628262516932371007e+00
3.117063775758504907e+00
5.562734163115547581e+00
3.556343281902630160e+00
7.109537746601706232e-01
3.599361596025346111e-01
8.762956718998767158e+00
4.740401275179790375e+00
2.526076344448621391e+00
7.905717899706688812e+00
7.066796949659328586e-01
4.205590417263414871e+00
4.292106041368368707e-01
6.340218863055242515e-01
5.782161501395283842e+00
1.362816597823740539e+00
6.268473868814542271e+00
1.303712391348139432e+00
1.048994465276984922e+00
8.829871296884618248e-01
1.447059709237127123e+00
7.591582140721070404e-01
3.842704187002730531e+00
5.137395544387897139e-01
7.115036959850153941e+00
4.458860509341201483e-01
6.995195094823498660e-01
2.403085251687745671e+00
1.065818999444682502e+00
6.993201512926364716e-01
7.655934377863486962e-01
2.287486617041699422e+00
3.229801930885005112e-01
1.246113616722118955e+00
5.673645741744776316e+00
1.664967172650121174e+00
4.687832089703725558e+00
1.245001376506079227e+00
6.364005094059249856e+00
5.535325125492632781e-01
4.367966088723437834e-01
3.650236385526278937e+00
5.254848907355217591e+00
1.128027707596960472e+00
4.334376671758635724e-01
5.714314112827248771e+00
2.824049053469465331e+00
4.816907610187178612e+00
4.540885931912631568e-01
4.030600348164282920e+00
4.870691734595600231e+00
3.505047698574706327e+00
4.900628010629257125e-01
1.098453475409510327e+00
3.361513807460113412e+00
7.754746601236070624e+00
3.544513746271408028e+00
5.378068237780396998e+00
1.844336366678857475e+00
4.333654232995135303e+00
1.712895814797037453e+00
3.698291995766003648e+00
9.357997669408133490e-01
5.223121393394390743e+00
2.207697850886980451e+00
4.392006389335152861e+00
1.004223217128529022e+00
7.827229239118735915e-01
4.742707549088192032e+00
1.174160378792693971e+00
3.333069341314458534e+00
6.841701133616036046e+00
8.752711286092635490e+00
4.163696349203013902e+00
8.805166724289149593e-01
7.741184973202335229e+00
2.279138206628160912e+00
5.603960232694815247e+00
2.375198528355054517e+00
1.590564399903600101e+00
1.572218887940429966e+00
3.937959081571397846e+00
8.024681552617069613e+00
8.521005088552605855e+00
2.864004306115216725e+00
1.934757032221407158e+00
9.904960021900600653e-01
4.117461045337881265e-01
7.385858900637708446e-01
3.755961943444159346e+00
9.160053231916354122e+00
1.700622370536261307e+00
3.250582703103966686e+00
5.129966503232471497e-01
1.786034260882274793e+00
8.160136711315304936e+00
3.442243816472922990e+00
4.344040145207035408e-01
4.027554979484180286e-01
1.053538524183857961e+00
1.782316475259716482e+00
2.967638470844002452e+00
6.409214757513689520e+00
6.069030317786850981e-01
1.166644486089070121e+00
3.494244454213800477e+00
1.562903691274480478e+00
6.720417768215412480e+00
1.099635566664534547e+00
3.578838776672363498e+00
5.591100091599866317e+00
5.723782899976310290e+00
2.216046422140470984e+00
4.109006057607498263e+00
2.882566223490922397e+00
6.231622657647636343e-01
9.340626113426186095e+00
2.945641272496742236e+00
2.994108199468377585e+00
4.923524545673032549e-01
3.130531353680606088e+00
2.922093846336574430e+00
6.089174650856725712e-01
7.358022320446281350e-01
1.802249825590544141e+00
1.259875503130460483e+00
1.458363050545668171e+00
3.284032358289945108e+00
4.165504737643570543e+00
3.093379043810064122e+00
3.548607086308858793e+00
1.682369245965666726e+00
1.726363904230302060e+00
6.007896500536016315e-01
6.336711367517241511e-01
3.074095553044297269e+00
2.179478282958925206e+00
2.547295232786876973e+00
3.537123472677893510e+00
1.053678257390005868e+00
2.813078234982037351e+00
7.564940508844912870e+00
7.115859654353936747e+00
1.865428000313634760e+00
1.813298634557586997e+00
1.956769863606206750e+00
6.045873237167401548e+00
4.715778046222187658e-01
6.693934262581735517e+00
6.736054161853438416e+00
2.975676373523677753e+00
4.141446899529966363e-01
1.384993010980483996e+00
2.281577488043090352e+00
1.875943138312152980e+00
8.540797173191888803e+00
9.262060479787610490e-01
7.015433899350950187e-01
3.555084404866488246e+00
3.109956143605464796e+00
3.782602545925373150e+00
1.101927182340788569e+00
1.072728159482214005e+00
4.692177839546054496e-01
3.218413411523053935e-01
6.279685971351701701e-01
1.315200266730276679e+00
2.358890753058302980e+00
7.264431327147204964e-01
1.938184579112490979e+00
2.593291479172239455e+00
3.029194722794287919e+00
7.402825094167017062e-01
7.074635232727490841e-01
3.259702280295242449e+00
2.573120443585622308e+00
9.197906692868212275e+00
6.051877064756010505e+00
4.255060838335587015e+00
1.370102286492329347e+00
2.035307540146906291e+00
1.115304893049246626e+00
2.697040200824536438e+00
5.939040727326496238e+00
7.883742830251168066e+00
7.286231392366514514e-01
8.468638946966656533e+00
2.440387856754995255e+00
1.374878945310658018e+00
8.240066610695308214e+00
6.417892570506859684e+00
1.307618103402506948e+00
8.421609610872483387e+00
8.890569773665331965e+00
7.218552929459936429e+00
5.291866697920201146e-01
4.127974261380301435e+00
3.662617957820256454e+00
2.572866713594840871e+00
3.231082475629097339e-01
6.020463041301663543e-01
4.002520086706521596e+00
6.914300265789430355e-01
2.882410794135998433e+00
5.945747756121145811e-01
3.104579426232827899e+00
2.230293828825454128e+00
4.010505055515080630e-01
5.916888011835302885e-01
3.274735131005019895e+00
2.255043901529440120e+00
1.466468863598684669e+00
8.656738123943892305e-01
1.568322764268285319e+00
1.028114556154432035e+00
4.092969579664860191e+00
9.822407209147836937e+00
5.244501149711117804e+00
8.614370769052815291e+00
4.092641914060837216e+00
5.292719257610517536e-01
6.258746350405881564e+00
4.853464862753796294e-01
8.829796778072670493e-01
3.187143245865954100e+00
2.070208940355041882e+00
8.198776792093943611e-01
5.560043541659513977e+00
1.850395125648294892e+00
4.675320208875348271e+00
3.830997887822597536e-01
4.389745578099617518e+00
1.256527462690077979e+00
1.177011441541241155e+00
2.940250416768939612e+00
3.927047826924307650e+00
1.460637221337478309e+00
1.856244118967973034e+00
1.588227707330302163e+00
8.967573856131891841e-01
3.069856233664090883e+00
3.796377116467428703e+00
5.403252951894247147e+00
4.944932903483758579e+00
8.646161353544444594e+00
3.063264319337936747e+00
4.294176813657692438e-01
6.563234996391031473e+00
6.656451110524437276e+00
7.943942219638007174e-01
4.467306556131316775e+00
3.346092030716303345e+00
4.836594774094604254e+00
6.709621287654931265e+00
9.232325704221356233e+00
6.734022128656219630e-01
6.426962592862619950e+00
4.078332667650490961e+00
1.766180801950985702e+00
4.046486737105116638e-01
1.294121116197918697e+00
1.444768602504216570e+00
2.035137302492225242e+00
5.916254882044848173e+00
7.024825674996361791e+00
1.931456459617028498e+00
4.172266551251704314e+00
9.705403863692902977e-01
6.842708304384041984e-01
9.641852254916019049e+00
5.255907131586336156e+00
7.658871614645798687e+00
1.029304285673275920e+00
6.891715444815792457e-01
4.369381121911087185e+00
1.660333515447802277e+00
9.788174929667203372e+00
7.676789435542110240e+00
7.747597190570904679e+00
9.656289918125851024e-01
1.700696744637480329e+00
1.009482285554496261e+00
2.168796657263518224e+00
2.146835476780991847e+00
3.617990567258681622e+00
3.468113114662148444e+00
2.212335455801030637e+00
7.761665437361117803e+00
1.588438810546262570e+00
9.322465960651344918e-01
3.864959700726291469e+00
7.156923481235690332e+00
4.706972648813859128e-01
7.705390097041641129e-01
1.935112627911553362e+00
7.016890474165876634e-01
5.395165976795519569e-01
5.279012019743228201e+00
3.143833186844857241e+00
6.439351580999495894e+00
4.663444231239954330e-01
6.851991282208862444e-01
4.676348592770389168e+00
5.993113645231844089e+00
7.960709274785465972e+00
1.054900995265969810e+00
4.617073625257048342e+00
9.097275441450644706e+00
4.954069524620114962e+00
6.157155780222490549e+00
4.049480716243410328e+00
5.351888359211013579e+00
3.414013850245360082e+00
1.637698904776119457e+00
3.566329150658544833e+00
2.007650452649055506e+00
1.459335105456629256e+00
6.865046385381768701e+00
1.119290031044775313e+00
8.102247704392640415e+00
3.354556289373786804e-01
9.251888684466091917e+00
6.267718444484438933e+00
1.964248245406287730e+00
5.680343332385964228e-01
5.025946436627273251e-01
4.438083036659978831e+00
5.476019002971951544e+00
5.216435006478042702e+00
2.087291282459035724e+00
5.781264903484065520e+00
1.339401576017805517e+00
5.232931076445104246e-01
8.558369080025759246e+00
6.257614002257847474e+00
1.143274601203886798e+00
4.114005328419295893e+00
1.462319431352472332e+00
1.544871792065796390e+00
9.550606205986506003e-01
1.229960766665445293e+00
1.733044390464832274e+00
1.842189467588050800e+00
3.191702516213396734e+00
2.528848896295682991e+00
3.249533311398598023e-01
8.989897611362671626e+00
8.263004535582019194e-01
1.316560112169236962e+00
9.012111478497583761e+00
5.205704433853330926e+00
5.720278796528042164e+00
4.352680050967859593e+00
1.548238461179984649e+00
4.224594159079948952e+00
5.458561700893390656e-01
3.362739051766975518e+00
1.586857504129796315e+00
8.794602004201480527e-01
1.106731159989333690e+00
9.105056307502488622e+00
2.027435419089411273e+00
1.444542367080238643e+00
2.002544130996294136e+00
7.790870063819668179e-01
3.270564077880297127e+00
4.620284266989114208e+00
7.014060741046099778e-01
1.334014165757087866e+00
3.968239059010681968e-01
3.834359820465792268e+00
1.645382457453173908e+00
1.758146552512017458e+00
1.801861504967601224e+00
7.343531927038797313e+00
3.071318142630978354e+00
4.713741449299995168e-01
7.373499487943758979e+00
9.636539568035324521e+00
6.514747246547580861e-01
7.765059815029379253e-01
1.335520301119727860e+00
2.060646075377215780e+00
6.469892601619076089e-01
1.040107624023569377e+00
7.541931798818248822e+00
3.071689945667410715e+00
4.531857847526856720e-01
8.553146931722348523e-01
4.709334067783195188e-01
8.308386761672093002e+00
9.135928943917319245e+00
1.818635424474568829e+00
2.144698967570335846e+00
1.303602245963086714e+00
1.193449442051170095e+00
1.661014778020477367e+00
3.467031166230664763e+00
1.906610113455703415e+00
1.340189606651257970e+00
3.743659389437731022e+00
9.627394197643864837e-01
5.474657729632916858e-01
6.345707227952992469e-01
5.259174233239170881e+00
5.274647399444935658e+00
1.064816168103871474e+00
3.056134479818700456e+00
4.199141245455310312e+00
6.505813720378224474e+00
5.610596780633191116e+00
8.991248250924822827e+00
8.687359386717862231e-01
7.161464214888733970e+00
6.221289146449772156e-01
1.521630994004284920e+00
3.808581275177371328e+00
5.814694377917478674e-01
6.428015531150912842e+00
5.501668048373861808e+00
3.646088630999697155e+00
8.508260495190365091e+00
2.587127868411108089e+00
4.738770679110189121e+00
5.933905525785230228e-01
1.920142690659064844e+00
5.245420933261359941e-01
1.183311434003587737e+00
7.093914720310524835e+00
1.345538151808657101e+00
2.386664391371969174e+00
2.156859428702235792e+00
3.218413411523053935e-01
3.345586528124834258e-01
1.836933710435507683e+00
7.484061544581106951e+00
2.007138370616083911e+00
8.269160524769429976e-01
1.207928903242168062e+00
1.754929096592088289e+00
7.832832686966297864e-01
1.240260235665757715e+00
4.786703707349799330e+00
2.486431123625881590e+00
1.464289133275624266e+00
6.057148043703366458e-01
3.218413411523053935e-01
1.889813649686285402e+00
3.109466014091202712e+00
1.297029066385128715e+00
2.710017827952611036e+00
5.212203537557715816e-01
1.611365402382582745e+00
6.527534840792664772e-01
3.159634753010797326e+00
8.322373015745215818e-01
4.759180611796759663e+00
1.159597596356902738e+00
5.159980542782413027e-01
2.568755444443420632e+00
7.586038451389252479e+00
6.721168079158681419e-01
7.524858683008316396e-01
5.286629657005658345e+00
8.961808618427369311e+00
5.485235417368996558e+00
2.349908938502709432e+00
9.475551807196321841e-01
7.342894868893781180e+00
6.313363055552075886e-01
5.966605198555773315e-01
6.953923993890799293e-01
1.628075030137329016e+00
4.668914647433549669e-01
1.138521430038021531e+00
6.830519457738002398e-01
2.758876781858266902e+00
4.458600597086542772e-01
3.063981519411104859e+00
3.277856890320022920e+00
4.600304309655810497e-01
7.847869759451143734e-01
4.590582000447736011e-01
6.868270586882472273e-01
2.351008567161155138e+00
5.119937192742908927e+00
1.794562789165690786e+00
2.474519812934877105e+00
4.599956308769202806e+00
9.109087718908425169e-01
7.482293439893191511e+00
5.549668498866180855e+00
1.539531224436669232e+00
5.447675979634188925e-01
4.214501028512004366e-01
1.521390172473680247e+00
2.645334548980428302e+00
1.106933991284675400e+00
4.993913213885496916e+00
1.714666529408132689e+00
9.800736200245885321e-01
1.121081063697654034e+00
1.435929607113980433e+00
5.076526107591762260e-01
7.731892601520101715e-01
5.512474793084803260e+00
5.488012753330812288e+00
3.823968804102328978e+00
4.291987954399198557e+00
4.707041454455222151e+00
1.221460065282533369e+00
7.187834898007878781e-01
1.470728333993499337e+00
7.389743372147365541e+00
3.716244902148583495e+00
6.002401468078022440e+00
4.841286458738657927e+00
5.918147851615731980e+00
5.691583525884078565e-01
2.058857835145810444e+00
6.163752361343719954e+00
3.658890498965678972e-01
4.413438667627149203e-01
4.527739225127644040e+00
6.099960548125914483e-01
6.303389357112387792e-01
5.836048090612065975e-01
1.788359524238695819e+00
2.393769272529755021e+00
3.099073148944766487e+00
1.450057535180813595e+00
6.411922924845088190e-01
6.806154976703528980e+00
4.389517927853414658e-01
4.311903009083234650e+00
1.388937625399708109e+00
2.007488459820454985e+00
1.826569048266945661e+00
4.321661718739354119e-01
1.216604097060222767e+00
8.398750783188592806e+00
3.218413411523053935e-01
1.683960390683322261e+00
1.305008284987175138e+00
5.846305080281902988e+00
4.897058749124753030e-01
4.486833997670757190e-01
1.179230460855345219e+00
6.698933981247982006e-01
8.127215890206349158e+00
1.091676579673271918e+00
7.263696236561441033e+00
6.674450184765576388e+00
1.303397242073737194e+00
7.388429558211145887e-01
4.048655445552259424e-01
4.144555510104862006e-01
3.721284815807951230e+00
4.768666423945116861e+00
9.166745170593580738e+00
3.453122577735462606e+00
7.052255072270352088e+00
2.198141820775762145e+00
3.429879221424663727e-01
1.235243949711579248e+00
4.536362251593397232e+00
1.441109723846659030e+00
3.720326616919769513e+00
2.264985495314999042e+00
3.465779562312055195e-01
6.896955091985786268e+00
4.848882315953891187e+00
4.877745531338830709e+00
1.563523110787451431e+00
3.279159217250454450e+00
6.224367641908113313e+00
6.463638983997724630e+00
3.741792590585872880e-01
9.933790883393401883e-01
6.571109645445807335e-01
4.983737596690617444e+00
5.147396305211119127e+00
1.914847148956770218e+00
7.411519355010660615e-01
3.476874918690054383e-01
1.078817042623520406e+00
4.647139338354775995e-01
6.676931752196847425e-01
9.000830222119770019e-01
2.030663602981137128e+00
9.282568467692204450e+00
2.927403984879521026e+00
7.115647070887815007e-01
1.028894331833708931e+00
9.567269847662849713e+00
2.052963121041182060e+00
3.043172739303030561e+00
6.693945610534054680e+00
9.192536731170887876e+00
4.984997201024315427e-01
4.941556380745387167e-01
9.603396857710567724e-01
4.554804676029110766e+00
5.752760024959621132e-01
6.388776002677317933e+00
4.378544261374806013e+00
1.394844420054275558e+00
9.848560202468841229e-01
3.527194794083453822e+00
1.009095691859279942e+00
4.257063849134126166e+00
2.001596097767958327e+00
4.086368773907666174e+00
1.673626700711062565e+00
2.805312985977440388e+00
1.763268865129448137e+00
6.630958922912822961e-01
8.537927860380294831e+00
9.722179671292186853e+00
8.939590190824313609e-01
4.336142341456667992e+00
4.055414092834336293e-01
2.230308568548935888e+00
1.811906901951104265e+00
5.210275011320919525e+00
5.579807561386158632e+00
1.085840136579444115e+00
8.115897189529572842e+00
5.793450448422153620e+00
2.025832262274208428e+00
6.719537404336616282e-01
4.876958574194936169e+00
1.341590604585361834e+00
1.224940109194681215e+00
4.675163306628437709e+00
3.641933244330293196e+00
2.059511027958685236e+00
8.725711854755248131e-01
7.673084664892915185e+00
1.161626012602553493e+00
3.154173455648334290e+00
7.413360593234235019e-01
1.370367999226513422e+00
9.620380646751357290e+00
3.869255294557767844e+00
6.922072369910236000e-01
4.978775534204927133e+00
1.502072539608247270e+00
1.573832146719600811e+00
5.698574098354508566e-01
2.890580123075713104e+00
9.856090626517470810e-01
9.789387454774599817e+00
8.298990840001993163e+00
4.661768814585250276e+00
7.886496321435804147e-01
9.246793526142270681e-01
2.028883237985938948e+00
3.000036778830112549e+00
2.430142290400377547e+00
7.264255552633516189e+00
7.686660742650989420e+00
3.400248691731285966e+00
5.862927175272255598e-01
1.809494561908649546e+00
1.403545622562657469e+00
3.231505556307791016e-01
2.070362844671550739e+00
4.025171749211390093e+00
1.372210338746876257e+00
4.996427522791743847e+00
3.871801741258475982e+00
2.005143963647415539e+00
7.765802374859772428e+00
5.280596983591320237e-01
7.185104291125611553e+00
1.039500603481407381e+00
7.712858978342617133e-01
2.542290976125965773e+00
3.984145408878446482e+00
9.272217906347145489e-01
3.121268622107926216e+00
2.338929659998551625e+00
1.417447656143197454e+00
5.618352442083362597e+00
2.477647199648891352e+00
1.024633220584072468e+00
4.259592591210441981e+00
4.588660442876077994e-01
2.375810036247478330e+00
3.218413411523053935e-01
3.599940657116332154e+00
5.440199654986166422e-01
9.798460179593647679e-01
6.138270421570830582e-01
4.684581850135101533e+00
7.672020009927721595e+00
2.765526370577510828e+00
3.023223609322570393e+00
4.459701956115750265e-01
5.007359518081033301e+00
4.792488213653625095e+00
1.356486732329655442e+00
4.319156454099467801e+00
4.040476156735468116e+00
5.444498740413338034e+00
3.836512435097445994e+00
6.769140311108489350e+00
4.051412767835776418e-01
5.325953150420044580e+00
3.525489649228357170e+00
1.293596213829701469e+00
2.510055054945313113e+00
1.273435338392956195e+00
8.230649863414367218e+00
5.036415448637053816e-01
2.464278334010558513e+00
1.474005092719073318e+00
9.138143734230995463e+00
2.459029784636718396e+00
6.158276088416509975e-01
3.696492376293677440e-01
4.027583488151652347e+00
3.355367814962973982e-01
7.031680307578751510e+00
3.218413411523053935e-01
7.980458753494256818e+00
4.885179983285107497e+00
6.162135798449014379e-01
1.728098018503165800e+00
9.761148911699767394e-01
2.647805597215596052e+00
8.556484217366385536e+00
2.743212633019403768e+00
8.462444677997896791e-01
3.706102909744330987e+00
5.585063886570145186e-01
2.612988124120809275e+00
8.636542872938024473e+00
1.832098212506920065e+00
2.555305897169054763e+00
3.525131880339638091e-01
2.787804569543274713e+00
6.891667466661608010e+00
1.700878818690677141e+00
1.906380691906207847e+00
2.499071941126439711e+00
1.880715855112857549e+00
2.174048019075499827e+00
2.120465490113079721e+00
5.769018179131812474e+00
8.740275896314566140e+00
9.124902592455284012e-01
1.456126473344530492e+00
1.033696108907319999e+00
1.340627668491594315e+00
3.829038639935828492e+00
3.382251030672177583e-01
2.121713956400949730e+00
4.149251304493777326e+00
1.358854249671930470e+00
1.187397935561326889e+00
5.794482713807289187e+00
5.873539354163491488e+00
6.067126493481794114e+00
5.798358598354525384e+00
2.145098178655338028e+00
1.422111181042855277e+00
1.102332857200235106e+00
1.254842753503769837e+00
5.196024592593578850e-01
2.009039215684756741e+00
1.817334830462382200e+00
5.888618692210499717e+00
4.672204711632079732e-01
4.107998781768242291e-01
3.815059712754719223e-01
3.592779299311245733e+00
2.800095992786345800e+00
1.373984961884430867e+00
5.591632697299627752e-01
6.316983872493866059e+00
7.535057581419789541e-01
6.616353705150442188e+00
6.171588600126823643e+00
3.482525902162432629e+00
8.926692933679739594e-01
1.561528252853398691e+00
4.830958338034035959e-01
9.944215600162586988e-01
2.147731639558736028e+00
1.803577819617917966e+00
3.367660308293659366e+00
5.562544738628929508e+00
4.829718616557143740e-01
5.469096147937788643e-01
3.665349336730070906e+00
1.194082694696977365e+00
4.097135483437894243e-01
1.847574623306418085e+00
5.996622092626802569e+00
6.835090377611497736e+00
3.218413411523053935e-01
2.020125309855166140e+00
6.240540004698315046e-01
2.082084832490968207e+00
3.084097101441980460e+00
2.865559020387915545e+00
3.875751874868810898e+00
6.427215645093390606e+00
2.253749750658561979e+00
1.026810608216907061e+00
2.552336010671927280e+00
7.638082389451361642e+00
5.158850881324786641e+00
3.141134242085358519e+00
3.426163504800414650e-01
2.407870270746101937e+00
8.406133491148205295e+00
6.939337747718284710e+00
1.245741308961827887e+00
1.224731538724090463e+00
9.520998816637302742e-01
7.669539042988099631e+00
1.219266091851695988e+00
7.411986918458716822e+00
7.058385645267358122e+00
9.752343099002545035e-01
4.728834976589741945e-01
8.701693504655231282e-01
1.026306381335653661e+00
3.503964949801898765e-01
2.919925548506895119e+00
1.575051513320491647e+00
5.631161368049313332e-01
9.690344908986717742e-01
2.647554802674302099e+00
1.952891003899334121e+00
1.991554233175153010e+00
6.529039059192682792e-01
5.939249980491641878e+00
1.025848178623349760e+00
9.512513857708272624e+00
4.483801137942214687e+00
3.917529734269246111e-01
3.899833036521102581e-01
1.149362414046004366e+00
6.509506786433431058e-01
6.583942507582760229e+00
2.334515395718626429e+00
1.103076398836882799e+00
4.135737064223714121e+00
3.473073575229391974e+00
7.698959593644835175e-01
1.133195124729554415e+00
5.792073026699061877e+00
9.514699503249385515e+00
9.150828483699741112e-01
3.314203566358952191e+00
2.072277375702158420e+00
8.263015983763500882e-01
1.378020119963831336e+00
1.337666082118789124e+00
1.046035537543626770e+00
1.729627733538888545e+00
2.310495555835470061e+00
4.646630668806795983e-01
1.830661468525346391e+00
9.713714386568906844e-01
1.538250356368288552e+00
5.790705212982002692e+00
7.474700794458697395e-01
5.645470757230548919e+00
4.783228536657332164e+00
2.073092558832937637e+00
5.010289472965665070e+00
3.586149513723405846e+00
4.311611245845204721e+00
5.687084681029951128e+00
2.998421721832086995e+00
4.839261313536563414e+00
3.280594533789447653e-01
4.784843100619283973e+00
1.452761671391330500e+00
1.895677970172221727e+00
5.832478747458791357e-01
2.010011874231651952e+00
7.908007843705270545e+00
9.955653116357269239e-01
4.065752492299147258e-01
3.144535314851640617e+00
1.984776008197919550e+00
1.168677249253474715e+00
6.977408953010323600e+00
5.319556888759582325e-01
4.531376430703878633e+00
3.647110730073805929e+00
7.637869577065415250e+00
5.835952299189633985e-01
3.298016925078788852e-01
4.286034064132386301e-01
4.945571472371558031e+00
1.403731074528567380e+00
2.140931059597210417e+00
1.705012347777006276e+00
1.316078312605270861e+00
6.794695370954285885e+00
4.475544705357898945e-01
7.315795717653608143e-01
2.336736262648925422e+00
8.849504140074948566e+00
1.277464561610879734e+00
6.280798526666284687e+00
2.340585477469954601e+00
8.158198386372430555e-01
9.865597778540976526e-01
1.459925851893401738e+00
3.111968132479677074e+00
1.055076722763689245e+00
1.247330564568921440e+00
6.255868986606811788e+00
9.243453681742673567e+00
9.078005523014488487e-01
4.348253422517706634e-01
1.034195174452943622e+00
7.572727855931012719e+00
9.817656886296923791e-01
3.463093597957554448e-01
4.824811169747076356e-01
2.269214149079018750e+00
2.623566765712818771e+00
1.849938961079496513e+00
3.020168062627500483e+00
1.017832517408555848e+00
9.508404576647922823e+00
4.569723339763755554e+00
1.149373255860582699e+00
9.357248884963537350e+00
4.717244131687814979e-01
6.857800180190772865e-01
6.595361531023874235e+00
1.125782451191986722e+00
1.529240889755062005e+00
5.560619521864239800e+00
4.914161266061029210e+00
7.697565172536183553e+00
9.316360609305247564e-01
4.581656192194961008e+00
1.080354102043002973e+00
9.640300107036148702e+00
1.064815871471669340e+00
4.722225226018604838e-01
1.895910219189139045e+00
4.603584808892031144e-01
7.515034211998438352e+00
2.078627820443463836e+00
9.125027470732565149e+00
5.987592866569299233e+00
6.187220042723768465e+00
8.180705749964342077e-01
8.597333634349187292e+00
1.005220580674525577e+00
6.363851443214728620e-01
8.762009990547925398e-01
3.806538416398942415e-01
5.123865565426789281e+00
5.026900990540824621e-01
4.273209637282673334e+00
5.840677543409972250e-01
1.721460912045645442e+00
2.425824780873488073e+00
9.566208016934082181e+00
3.338902230761938927e+00
1.658803014373134044e+00
5.072680965912003126e-01
7.809227293202056330e+00
7.086745228078664027e+00
7.732473482640120466e+00
7.794869175921315119e+00
8.396416966118170677e+00
8.432821442631752262e+00
1.717730060785672919e+00
6.466055930294613674e+00
3.044347579392965741e+00
2.023899810825422918e+00
1.956421178804526928e+00
3.612083439986987443e+00
2.411243131804666540e+00
4.641378600339560179e-01
1.352091649082341140e+00
6.987897377451576242e-01
2.346198950476515943e+00
7.956128219803440871e+00
3.571681976628481969e+00
4.930208242814050124e+00
1.024618110233986190e+00
1.068747603470644014e+00
3.218413411523053935e-01
9.855449934195991135e-01
4.363828833974364940e+00
2.197858519955421919e+00
3.677028068102729641e+00
3.051006665277197438e+00
3.290518253757020450e-01
4.727211585911033964e+00
5.855216733136519025e-01
1.753167799205899602e+00
9.202411200173074235e+00
4.906855719453712794e+00
1.295519268307587346e+00
1.943775556580597863e+00
1.588938209386247857e+00
1.145234850705035834e+00
4.079476614741141538e-01
1.917371137791367808e+00
1.323818926310323718e+00
4.228387493049940105e+00
3.489136691804430424e+00
3.787401996013390337e-01
2.604091982059848931e+00
5.872840705054992450e-01
3.606483947112848476e+00
3.744511035723483983e-01
3.218413411523053935e-01
8.310557403862883774e-01
7.002616937259352525e+00
1.212784648782162744e+00
2.987426795654788858e+00
8.188433321051694636e-01
1.486225589047388551e+00
7.238551496670497798e-01
7.541516490178350018e+00
6.325597913116363991e+00
2.980336702821118511e+00
9.463247947064838961e-01
4.676304995623000726e-01
3.820101207348026051e+00
1.775301957334169733e+00
4.508871734152405941e-01
3.218413411523053935e-01
1.480051371581540876e+00
6.187415325801788768e+00
9.135767024615262244e+00
1.372806563925570433e+00
6.923115821808317749e-01
4.325646453536677316e-01
7.641821815512194860e+00
3.544626054688978734e+00
3.288791711103229432e-01
3.259540624020784705e-01
7.847060163766481633e-01
9.808382375540961817e+00
4.819428319428817886e+00
3.318279685690862291e+00
1.415102505042111991e+00
2.708932891121192732e+00
1.520834400811349241e+00
1.036872837978144224e+00
2.229145244533475179e+00
4.200780498935850815e+00
5.333078786808391314e+00
1.996052501183853023e+00
5.988384499161083951e+00
4.213497576945377965e+00
2.016901659267929858e+00
3.371337501722745600e+00
6.999568396774105139e-01
4.541748590238043892e-01
7.906470917683773969e+00
1.081774462081911192e+00
6.417785912067767384e+00
2.899413506085848358e+00
5.885845092369852871e+00
3.876118981140944109e-01
4.395270339736303988e+00
1.281099082243657872e+00
6.629794170815703769e-01
3.401239701767446721e-01
8.280246405418196787e-01
6.237447980699752925e+00
8.509811853188860908e+00
3.586843043109726015e+00
1.009267427879688261e+00
3.010379694575285647e+00
3.848036596249698960e+00
8.979681663417297344e+00
4.932213998594168203e-01
3.456685962204212537e+00
4.697295582479218412e-01
6.114301650107667463e-01
3.763260653742944162e-01
8.698270704223233452e+00
4.874142481140730787e-01
1.161601065021340862e+00
3.723905974550241194e+00
4.533897800555662938e-01
2.247216166274959459e+00
1.146446389021839263e+00
1.647906738317962638e+00
1.713911245448975329e+00
1.814890941631155163e+00
5.883915417247321145e+00
8.225237261734534844e-01
5.020257401482775883e+00
8.169558105032974638e-01
2.270802501355633218e+00
6.209417442727175329e-01
2.191811303330585936e+00
6.898796584430047396e+00
1.686628909421369782e+00
2.487710891796229173e+00
1.527880828904899513e+00
5.024362599953139386e-01
1.546443465571186060e+00
5.420978866780730154e-01
2.621297526470365291e+00
3.160692632488470988e+00
6.894984976979492419e-01
2.064498089405397252e+00
3.666548757905719658e+00
3.523236329032959802e+00
2.539498348231289171e+00
7.046844544814152567e-01
1.477463315813633438e+00
1.748362627685221771e+00
1.097198417432722062e+00
8.266189634028672018e+00
4.851718727054612934e+00
8.862833428549274473e+00
5.864394428153251182e-01
3.151598906055118832e+00
6.865558658885512422e+00
4.147079586256900541e+00
3.126986067264443392e+00
6.117361708210252935e+00
4.069388147766630048e+00
1.988797520908245131e+00
1.932178830396428015e+00
4.713127121235287653e+00
6.500508512188757360e-01
4.583527505206831942e-01
3.995984904492748235e+00
1.696701821785719266e+00
3.006860414476344445e+00
5.814508847085335663e-01
4.762216643217639933e-01
2.744367462989591111e+00
1.706436547134591031e+00
1.687384485447013693e+00
1.373692140828971731e+00
1.081987492607687562e+00
1.869680665030841293e+00
7.005061948330864041e+00
3.218413411523053935e-01
7.973031412941249840e+00
7.844661050135398384e+00
6.142090044595742704e-01
2.002641338714571173e+00
6.896798173861084180e+00
7.144407816808713285e-01
7.868804789305445802e+00
4.967255516576377872e+00
1.532251992298952592e+00
6.204932303154358841e+00
6.437715575975412996e+00
1.962058321229214197e+00
3.703137025419073414e+00
6.743990377108060486e+00
1.062166698085328598e+00
1.240367498645146505e+00
2.589563454573240886e+00
5.556106385007076653e+00
1.068887351956705256e+00
2.427593180783774507e+00
7.780712190961036612e-01
6.173221201431589478e+00
5.206842010367172868e+00
6.073383143151117380e+00
5.015546592021771666e+00
6.036864895543228471e+00
1.341018529117183000e+00
1.676079856787418221e+00
4.839169969449608644e+00
8.802464822417664925e-01
2.237285364774701524e+00
1.276966122711850948e+00
8.321393443958376324e+00
1.252879339251450119e+00
1.404895390000296507e+00
9.098843366317685977e-01
6.244734915052688740e-01
3.944703680589172201e+00
1.760232381905961097e+00
5.312529071645010426e+00
2.170450329504828524e+00
1.363050720628636414e+00
1.886118551200893556e+00
9.001230176254406690e-01
6.794028244224600277e-01
1.867468276364891766e+00
1.179029918861989934e+00
9.149856079136821085e-01
4.633999641816752835e+00
1.817555119846870237e+00
8.378708835902315855e+00
1.432661203390884097e+00
1.479076792114885741e+00
7.543006156241612636e+00
1.071588544208503357e+00
3.488325910579559430e+00
6.791265251606241726e+00
1.302725515273103651e+00
7.069958047275601842e+00
2.091658228970780353e+00
1.030581584925622352e+00
2.940399513450392632e+00
5.504959042197000718e-01
9.893462533974116679e-01
3.030367609862506750e+00
1.058309164928458612e+00
4.393058844556112952e+00
9.674634512143803766e-01
3.839292099171213835e+00
6.126487625658340264e+00
6.479582546783693164e-01
9.337580220646177764e-01
2.295319810413285033e+00
1.247058635479610711e+00
1.103650919081181181e+00
5.811110619306646408e-01
5.090310618860827141e-01
2.962491495685484644e+00
4.862709349879578369e+00
1.008527792054535022e+00
4.048741355045661905e-01
8.310259524199055114e-01
7.589473147813288634e+00
1.668554667873456854e+00
5.187512506067178952e-01
2.962698518646877499e+00
3.828062843140692895e+00
4.950133467222246342e-01
1.351661350099801151e+00
4.396625286144601463e-01
4.558430570783994717e+00
7.396011936791121677e+00
7.450973352247287629e-01
5.281423952402853672e+00
2.572941004905564100e+00
6.906317970633738312e+00
3.077160259512269569e+00
6.023004638643274511e+00
1.895994744274257293e+00
5.274560449482244007e-01
1.396782040917243339e+00
1.550087687031624251e+00
3.589828465375662692e+00
1.138350807291012678e+00
8.679930789252301437e-01
2.739623339696720450e+00
2.533021831840146731e+00
7.710114444551223301e+00
2.567542505532518504e+00
1.248547067112313558e+00
1.254056295127506715e+00
2.220926232084561747e+00
3.859014609023062370e+00
2.175859430030485431e+00
6.475466186184022366e-01
8.471220962667339593e-01
4.344197716047909275e+00
3.493948901470744328e+00
1.909497089886518673e+00
7.672128061302938562e-01
4.267193101934161348e+00
3.451080532598686634e+00
7.283985263678132149e-01
3.364742322575619227e+00
1.866339592402570080e+00
1.245160483054489564e+00
1.584681462705890720e+00
2.022072486420000370e+00
1.938698927368316172e+00
5.556458454954964488e+00
1.650091251077308696e+00
1.972993112682708494e+00
1.079622372726531054e+00
1.433659630518939743e+00
8.610256220880618816e-01
6.087841542834707687e-01
3.126775335596420291e+00
7.529828943086721793e+00
6.226191956065698641e-01
5.903545840842443937e+00
9.760770410644716844e-01
3.122210543783180192e+00
1.357478302795789293e+00
6.686745896268243561e-01
6.538148248048974764e+00
1.407622919537739659e+00
2.624951190147317259e+00
6.017359001076523661e+00
6.918123211801404437e+00
3.261870760668189817e+00
4.753861954923221056e+00
2.213780489146977448e+00
1.330931005588743776e+00
1.285069925790783385e+00
3.574567817505334588e+00
6.884387739349693724e+00
4.596051930078242642e-01
1.585908939187759215e+00
9.056305406993380158e-01
9.714066032623961400e-01
5.880497542425631607e+00
4.343821106181128822e-01
1.086320172151817864e+00
1.804512593740951631e+00
1.976140934453602949e+00
3.524197341069784883e+00
4.515706320432054000e+00
1.758467138771927285e+00
5.352109334963428111e+00
3.218413411523053935e-01
5.020640707599328678e+00
4.213447399909643565e+00
8.257765384711575507e+00
4.213440689404189143e+00
9.148095741932660285e-01
7.608643620165404187e+00
1.972975334148379112e+00
2.613694723625382466e+00
2.061151749254181542e+00
4.137124635035269726e-01
7.719364952099725397e-01
4.029245405241974609e+00
7.305983988660988970e-01
9.321996538734484972e+00
7.831657919614706032e+00
1.016216476550026115e+00
2.595913426874664864e+00
9.914337019790289141e-01
4.389579157402586085e-01
5.582458915084566264e+00
3.152630441192860733e+00
1.656311844046730153e+00
2.661968350354742441e+00
1.072871643405363340e+00
2.354833652220662543e+00
4.666563975729794755e+00
6.113146741282657892e+00
9.229287026955223183e+00
1.361213327406435303e+00
5.369091865605099656e+00
2.104694696773173668e+00
5.703499322681565564e-01
2.199725943507548909e+00
3.105219774082954132e+00
4.005140075344810202e-01
1.834220102460956348e+00
3.434955141797483846e-01
4.166279057612674031e+00
4.994034083146716707e-01
2.733236123471008305e+00
1.862245571616995665e+00
1.918084418334409458e+00
6.296069053085464162e+00
8.070577961364811870e+00
1.882084682496112826e+00
5.117695909557948397e+00
3.435462007015010144e+00
4.057601622291883148e-01
5.857011104162232584e+00
2.009510422072132929e+00
3.814532190305369497e+00
6.872677352362047465e+00
1.761451355805115027e+00
9.423942241934540220e+00
1.269215849614999891e+00
3.879010381733981605e-01
6.007663411774259998e-01
3.147500795518563876e+00
3.033560982824623942e+00
5.005475098062366346e-01
7.874039964323638063e-01
1.935480471746811482e+00
4.088369423595783481e+00
2.005312718980722497e+00
5.061538784228639676e-01
9.294050829863803598e-01
4.477384940736288677e-01
8.884879205419621284e-01
5.294437495920171877e+00
7.782859488532570813e-01
3.295832629580089934e-01
2.939344163938452770e+00
1.897188093115774299e+00
7.430875329347473857e-01
5.497402178107950732e+00
7.338414414463998448e+00
1.131772820674560087e+00
8.102853091709230071e+00
1.326158351501426802e+00
3.485985954066700199e+00
4.760656156599392119e+00
3.885073897818579480e-01
1.403679210113812248e+00
8.450304359308584701e-01
4.060808980226812359e+00
3.685959963027509168e-01
5.666564023746133216e+00
1.490510211136751861e+00
5.526324469565190967e+00
3.181383185391853274e+00
7.140396079262966822e+00
4.357250543261017017e-01
8.021255297591480815e-01
2.934281138394378985e+00
6.139599976239956902e+00
3.785181709899301250e+00
2.106136951819631342e+00
1.948260404339899665e+00
9.810665580234393390e-01
1.472338112787443309e+00
4.904965934933414595e-01
7.042671562787308215e-01
3.975706897870298739e+00
5.474568672377520429e+00
3.304345627104515071e+00
4.309848980603010471e-01
5.377267245614074653e-01
2.796151110161079423e+00
3.111042583223580404e+00
3.670239093790073071e+00
6.590996773249684360e-01
3.063332627777293204e+00
1.666468531478858983e+00
3.977668117183027263e+00
5.861428060060323020e+00
2.176916707750507385e+00
5.807062397627315242e+00
3.496095886353832949e+00
1.422223308792899488e+00
5.748541843992830636e+00
6.847334717666295756e-01
3.309675968165728399e+00
7.413668419335952109e+00
4.454638490548823881e+00
6.769554176575923066e+00
2.347004771538466539e+00
4.876936668254970186e+00
7.340073038720561494e-01
3.482317594762565083e-01
3.060063942159787942e+00
4.323010939549666309e-01
1.011133372386206375e+00
5.112539805346390409e+00
8.593259114028785062e-01
6.192221991460722386e-01
4.450314201291846850e+00
1.637085262069827074e+00
3.225503471884359818e+00
5.084670996981787816e+00
2.619330467747167379e+00
5.435265385438312613e+00
2.853053096701346991e+00
9.626564988093944120e-01
7.702069431637756924e-01
8.632613414687416054e+00
4.101987697985317038e-01
1.898387189067676895e+00
3.642210572359902532e+00
3.348089269556069780e+00
3.896746692883005903e+00
2.181272255238531965e+00
1.833815495657556083e+00
6.019336250759881324e-01
5.161733858997277657e+00
4.514827553449140551e-01
4.740532888416028046e-01
9.507449666208378503e-01
1.223614964775556091e+00
9.255349092615215989e-01
8.483394435359445040e+00
3.533546973410487180e+00
7.497439824068490744e+00
2.684303458573363610e+00
7.347805417903813918e+00
2.513207151725656896e+00
1.029854990207422105e+00
3.249267758958674923e-01
3.777105055079879037e-01
2.466762822989716053e+00
9.561508880209697026e-01
8.191954801243911399e-01
3.937070461891488460e+00
3.994547792359373517e+00
2.398115032515716560e+00
3.751199235740277693e+00
9.536203550624573921e+00
5.142333006733113443e+00
4.556382329143144339e-01
1.029802374696099587e+00
7.706423531465441457e+00
4.203184523430822939e-01
2.443035057531684373e+00
4.423449649144701290e+00
1.378016580506138400e+00
3.708278596305291330e+00
2.011982654869713283e+00
9.764090080286656814e+00
5.946312059631428504e+00
6.524110031497575291e-01
3.765873134374590148e+00
3.519754100705623223e+00
1.110145346933853583e+00
3.962144070527563455e-01
2.007260266035939544e+00
4.858743616333384807e+00
6.616616606746883456e-01
4.724886311184071652e-01
3.021952562437229428e+00
2.614215928474483253e+00
4.206472947966988229e+00
9.562594588714329324e-01
3.310530648219917271e+00
1.209399347719305018e+00
6.211155241898815405e+00
4.275019853474887555e+00
5.316895470526405099e+00
1.251848146975081288e+00
5.840211868746029822e+00
3.271953874744096269e-01
1.802395141925476452e+00
3.236000675282820094e+00
8.513257309445428689e+00
5.034463701896624954e+00
7.030439450162024873e-01
5.409728010101664264e-01
1.219837814834949130e+00
5.237252673766468192e+00
2.370011669000379850e+00
4.070781181160066708e+00
8.455216126649611752e-01
3.269468441903407019e+00
8.055565814244979306e-01
1.070067976958799738e+00
1.410737004576517739e+00
1.428855970707395340e+00
3.157819312277899471e+00
6.342898584577855159e-01
2.824196625000137573e+00
9.623410640489543866e+00
8.745514306857441467e-01
2.102031855321065734e+00
3.774293820264243982e-01
3.266931608051798719e+00
1.109799067331249001e+00
2.669976089794628304e+00
3.834995284034429242e-01
7.729427385717095866e+00
1.751361090910453999e+00
1.825630456531186496e+00
7.838699347609859869e-01
1.529041122569359867e+00
1.665840297486404165e+00
2.910743043953026632e+00
2.826422194222359519e+00
5.420689880507536529e-01
1.106351603928945826e+00
4.380082941412075215e+00
7.544200422531973649e-01
8.862068802752531838e+00
1.667464929488318148e+00
7.114823158004891290e+00
9.413303928548011346e-01
4.474687942064552892e+00
4.252028211570856087e+00
5.765927911947253293e+00
7.200978810125339358e+00
6.763512117372244559e-01
8.752680661509104620e-01
1.971123728613400461e+00
1.095415944810507636e+00
4.481371046822386073e-01
3.394332633806609767e+00
9.151653912589574613e-01
1.268933484872361017e+00
5.998788950626132710e+00
4.309756014166303828e+00
1.908895753027132658e+00
1.194133596488732962e+00
4.115511965239432968e+00
4.167674501992240654e-01
4.507328761156311536e+00
4.879446170071083166e+00
9.522362288667395092e+00
7.089994060339590121e+00
1.149966608287741110e+00
5.176204477295700990e+00
8.760724043599029676e-01
7.606520527209357230e-01
5.777246165264161348e+00
7.033417886430486377e-01
1.071607795106709782e+00
3.194444416309718093e+00
3.866546769491072122e-01
2.585451185718953937e+00
5.959229772838808614e+00
1.019391548771017675e+00
8.412244532364951954e-01
4.336094983687572402e+00
5.941182427493605367e+00
8.741898650215350841e+00
4.048053738295333659e+00
1.111834631876811974e+00
6.190366446931345745e-01
1.973233341554795572e+00
1.131419373652538418e+00
8.690865617172821800e+00
7.675637243031970591e+00
6.864248459232958899e-01
3.962494270003564245e-01
4.595710216735557352e-01
5.396780931834259221e+00
4.080539314754070834e-01
9.010091238697063298e-01
4.025276659836998228e+00
1.779646138022482171e+00
3.996780006145559838e+00
8.807672837168581959e-01
5.436758312935260351e-01
4.520076667871446574e+00
1.634018917931409520e+00
4.444052398329059628e+00
2.930405518214444172e+00
6.214118837624130975e+00
1.439341030647401043e+00
1.134204839875170068e+00
8.676678240177301271e-01
4.509462612760179567e+00
6.657573291085898681e+00
9.634191533584958833e+00
2.757431018272364476e+00
1.596141919081305094e+00
8.036507972537608735e-01
6.079803689883722662e-01
2.208652547797295362e+00
2.716051544523590877e+00
9.805786377401310983e-01
2.140607176908500886e+00
1.838205191613270673e+00
9.483097659234632104e+00
3.426128695053984430e+00
3.954359263989877249e+00
7.043089576258999562e-01
6.636298146898294004e-01
1.776398449778026079e+00
7.929618148324368399e+00
1.660061695937367077e+00
3.629403928881258512e+00
4.439722443234578542e+00
1.696238744420255795e+00
3.180587632802521991e+00
4.663634255881674129e+00
9.780030265061437689e+00
8.517866199205595734e+00
9.052783441455268809e-01
5.099895488879400141e-01
3.466509148205612956e+00
2.628284833858448355e+00
1.170179359204523983e+00
9.602662907048801211e-01
4.289924344952286361e+00
9.647056911879083874e-01
2.740409779392735778e+00
3.835680044060476135e+00
3.222431835226866603e-01
5.581999511346278364e-01
5.140867389151897449e+00
2.706991766967334456e+00
5.779947594300856473e+00
1.502728344230577884e+00
2.820745361851675348e+00
2.522301505796554100e+00
4.012445466152248841e+00
5.091657598736539114e+00
6.070793203079897893e+00
3.938959323521333822e-01
5.541922609907949937e-01
2.580940283120972900e+00
5.952655347372301620e+00
5.910874150398158777e-01
6.946862292721148080e+00
2.835855901982899940e+00
1.281210789819327678e+00
8.539383807888102140e+00
4.974365616309390781e+00
8.649585240538263164e+00
1.903502924103466443e+00
6.454862829682833869e+00
6.181685370144897052e-01
1.112735173360567709e+00
4.898062042392688831e+00
3.492458513425924505e+00
2.078432003608316592e+00
5.486069105691606662e-01
1.433335164910504833e+00
1.884390948750622297e+00
3.849263371127487510e+00
9.076942609321710265e+00
1.712473181464417848e+00
8.420520169370892205e+00
9.107466363573434309e-01
7.876669138633259237e+00
4.390677926313433788e-01
5.477672797918639702e+00
8.424752610147044907e-01
3.896009644568616537e+00
4.674326497814560999e-01
3.034823484247303860e+00
5.725819066280025682e-01
7.154620109744451284e+00
9.692930294884876119e+00
8.540082348458899464e-01
5.564054376042963934e-01
1.404810274077113563e+00
8.842297862036760936e-01
5.188342918187273334e+00
1.455647853235949141e+00
2.999917710934804305e+00
1.968808183805259349e+00
1.613571686477493383e+00
4.298657027291028498e+00
1.206638406582666079e+00
5.700952988787482134e+00
4.516171481837237822e-01
7.758608770519469511e-01
5.826860660574318951e-01
6.260860506278128845e+00
1.093436983026762954e+00
3.136578568027998948e+00
4.406165633040181717e+00
3.645442437405166380e+00
1.722846335220410863e+00
1.507083193449217040e+00
3.732871448909600431e-01
4.318407983811413664e-01
2.529021188360230710e+00
1.317325394697625773e+00
4.316752401101983105e-01
1.644979777748951211e+00
3.656607063902765020e+00
4.553728463441122365e-01
8.939048871042721833e-01
5.455483767462399047e-01
2.384058693683578145e+00
1.261723449914038619e+00
8.971021356955790615e-01
1.092705162068171143e+00
8.495639013190412925e+00
8.110468557595261752e-01
4.068067750627670343e+00
2.091945703814317881e+00
7.738214820856150755e-01
5.814260198161906423e+00
1.694106871319476015e+00
6.068659467739771607e+00
9.199565760268635373e-01
9.728365783599369765e-01
1.827575451581815669e+00
2.346599342762819340e+00
1.695968998826957508e+00
1.955871082228052948e+00
7.311605119608791448e+00
1.201486687251904328e+00
9.544228653618814562e+00
7.958608639129496787e+00
8.524604718355146105e+00
4.992788145167530445e+00
5.786246003519526226e-01
1.635618963634379641e+00
3.168561514699611781e+00
4.672262367422103324e+00
2.798101018573623033e+00
6.312800417269666120e-01
3.589728587977978780e+00
4.846826705733131568e-01
5.874592030809505649e-01
7.531851801168144567e-01
3.361507269963943223e+00
3.876912867644141114e-01
2.524574365117957075e+00
7.404941209155884163e-01
1.410426350946022644e+00
1.866483552708492200e+00
1.188043999117570859e+00
1.371524194075656178e+00
3.960995406104002026e+00
2.075692854606373761e+00
3.218413411523053935e-01
3.765327660053227277e+00
1.385836465832849473e+00
2.555985665067074919e+00
9.466257551910976176e+00
3.372336992834282121e+00
4.768489978331122536e+00
4.566024898047029157e-01
1.073067951978374568e+00
7.776051451492431710e-01
3.724446416965200846e-01
7.211781555701116453e+00
4.203618051703433833e-01
7.446990330110230261e+00
4.685941954200608661e-01
6.885063937656867861e-01
8.503567273681178484e-01
4.279534250797063955e+00
3.511115467551738423e+00
6.653704266831083736e+00
4.517747906761491739e-01
1.918507643819870934e+00
3.968573448777874102e+00
9.472966464362282402e-01
1.528824985449374063e+00
1.776130309013999486e+00
8.927664102356410725e-01
1.256775508123077145e+00
8.993643369985947489e-01
5.300422437661977959e+00
1.672966383726584461e+00
8.666029098450485080e-01
4.371252336928492355e+00
7.872779891886140469e+00
9.010003813180716747e+00
3.279455764106048998e-01
7.650658166543458094e+00
4.441464160700404840e+00
8.724937571391508939e-01
1.731154848064583973e+00
4.109025022580907738e+00
1.269557809027685336e+00
1.708593306966487813e+00
2.421976672158562494e+00
4.406569047108161441e-01
2.248462256968142281e+00
5.090253275063704841e+00
2.599877325170573350e+00
8.881066582990705172e+00
6.773480272121463308e+00
2.473414340057283223e+00
5.021676475434873055e+00
9.181852280481392903e-01
5.489426978334034146e+00
1.326357415485039937e+00
3.242817759705458602e+00
7.680911472728816358e-01
3.455316005523970890e+00
5.681680838526970145e-01
4.509357505444592240e-01
1.495847470879704488e+00
4.490290858860982448e-01
6.129610602785064088e+00
5.408591947705704284e-01
5.872038745063244969e-01
2.001426121017309878e+00
2.785469655439523962e+00
2.721845780826385841e+00
5.457918114467665838e+00
1.286130619160736455e+00
5.710515845544983371e+00
3.657925162198606195e+00
9.501114432098614060e+00
7.808700594115665083e-01
2.065088534176244384e+00
4.346462631746074723e-01
6.165873030884471362e+00
9.732011969334944723e+00
6.163398494982056386e-01
6.894360047188471619e+00
2.237464404640900906e+00
3.706063083578298722e-01
7.680440130836384549e-01
2.387638329687736594e+00
1.806843987850301092e+00
3.738340713576842056e-01
5.424342180069253949e+00
5.446309256727124293e-01
3.894635747069010279e+00
2.337871341494309085e+00
6.183094582634827141e+00
4.385029556925703176e+00
2.206015821418755074e+00
2.144464232241522161e+00
5.722698931715878290e-01
2.318372151439010764e+00
3.240629320834723659e-01
3.257638322940041409e+00
1.664691270084624364e+00
6.984652519062409803e-01
4.416414817858805297e-01
2.384627832207214304e+00
6.481414713894495527e+00
4.365273405016513175e-01
3.955377248529614587e+00
2.376962405213217000e+00
4.185313645817511641e-01
1.586877613631203054e+00
1.160761516528720394e+00
7.066582980885096621e-01
1.236524823403285511e+00
1.021801590539485050e+00
3.919587039107747195e+00
3.872746585209348447e-01
5.232574825012372699e-01
3.750810791006282230e+00
2.510945309717995233e+00
2.706117833640782067e+00
1.484405537415369958e+00
1.041601889015929538e+00
1.209697631389474282e+00
7.441174409633391384e+00
2.624636814386552608e+00
3.218413411523053935e-01
3.918602518679017876e+00
2.816001127208123123e+00
2.502855524851523850e+00
8.288189106060841027e+00
3.198481277191179917e+00
1.926396818596108007e+00
3.581738161134424558e-01
2.518825906395771419e+00
4.394004999478987372e+00
5.130759357941167664e+00
6.882417639885258787e+00
3.770564018830756758e+00
6.174457245676164163e+00
2.488110457117866492e+00
2.130998541150628700e+00
1.037685896529858764e+00
3.583521956242987083e-01
6.928995375463137263e-01
8.441767034468409259e-01
3.962059468692621600e+00
1.807269341220110404e+00
9.102409721513079477e-01
4.526805197591535546e+00
2.074818556080771703e+00
1.145676928225849656e+00
5.004478956230024700e+00
9.590372917448457546e-01
3.369859093869404632e+00
3.532598108489256816e+00
3.862703355130076677e+00
1.766025343802657410e+00
3.311992025919135330e+00
4.177911563235483960e+00
1.306123214516876851e+00
3.439959426660729847e+00
3.021303543052761498e+00
2.454947110763054496e+00
9.626883287895651176e-01
3.499040015183365160e+00
8.678275262513597266e-01
6.904440845323519538e-01
1.155787016612998874e+00
1.614950052624405608e+00
1.833174151551161479e+00
6.629323627455152135e+00
5.892356861087666431e-01
7.575874187921944891e-01
1.301833172937300720e+00
8.121433516166249866e-01
7.587401781965247283e-01
3.428292251109931743e-01
1.533226221483924290e+00
8.561410755824978569e-01
1.270814924777270871e+00
4.046155439923976971e+00
2.167650606641172040e+00
5.172894960740621606e-01
4.201446539170096139e-01
1.725147498625583475e+00
3.552863636981247741e-01
4.087974652236230355e+00
6.044305897835159369e-01
1.719512721948490919e+00
4.645163282547607686e+00
1.385971183268262408e+00
4.045077981498038433e+00
8.644677465298224561e+00
1.287194772863726744e+00
8.688460451410637830e-01
1.554555747628833640e+00
1.499375505502497319e+00
6.557578829543718513e+00
2.968463219970873812e+00
2.008639546435754486e+00
4.376215199987982807e-01
2.071769393941680804e+00
4.366065985498679858e+00
2.008594695280796039e+00
4.815159355916165396e+00
8.966608808731194591e-01
4.527371077496124663e+00
1.366177588685466793e+00
1.885272920270928410e+00
1.284718513460112899e+00
3.638532259198925534e+00
4.473146938946484519e-01
1.325260710020481847e+00
3.151255201023227759e+00
4.181492354655136912e-01
3.416065547903227584e-01
5.832965042957686919e+00
3.991273758933050475e-01
4.575395542971332219e+00
1.013007991122148788e+00
1.025034242539920815e+00
2.058765861664626051e+00
1.355950825187684394e+00
3.073519970720595573e+00
5.486106634905459245e+00
9.302709395888964394e+00
2.539582102275797393e+00
7.919687631147746210e+00
9.822233818884218426e-01
7.057105970348519719e+00
5.991917089395941698e-01
2.490933470060447519e+00
5.890247992777306152e+00
2.712314736907482260e+00
8.547378497084997306e+00
2.707726495237729125e+00
2.421588712981337377e+00
1.113981409181892479e+00
1.731135762458388516e+00
5.308582248779782020e+00
7.629234839076430852e-01
2.724993752017876858e+00
5.171915228610196591e-01
6.745494997560487427e+00
4.093770483266633953e+00
5.766358199602344747e+00
9.736115875398965613e+00
2.041559585089264939e+00
7.462525224220896147e-01
2.876300989107499984e+00
1.677839224304454424e+00
4.761154206720163096e+00
1.017665024917786321e+00
6.209644313464591781e-01
5.172054363808467059e-01
3.158661823535211521e+00
6.789400241067294894e-01
1.873053633587608235e+00
2.025589886002570061e+00
4.015173622662425501e+00
6.167174241086914144e+00
5.272112534248898363e-01
9.083987051072544006e-01
3.787798426975890642e+00
4.235321716920870116e+00
6.603917739081088811e+00
7.186419948626461274e-01
3.213105044763683527e+00
9.115113066429934019e-01
6.034789937542468508e-01
2.657316258389524233e+00
1.890632021276211550e+00
1.572389837600423945e+00
9.170799610409371638e+00
1.233822675705613880e+00
1.084390009405755473e+00
1.935928555279319285e+00
2.465450517297031574e+00
6.255130275096271175e-01
4.538730459946161977e-01
5.883510797974079054e+00
1.406516890182588631e+00
1.651836900633786520e+00
3.923440984411203480e+00
5.529859687092666398e+00
8.946273879108791460e-01
7.655180126220892944e-01
9.025143839548193103e-01
8.988839584317680931e+00
6.592760475323637959e-01
1.416452955435714589e+00
2.351992550939757898e+00
9.299546812795277395e-01
9.879478109086418103e-01
1.427497203408322202e+00
5.176294357124411327e-01
5.299757021050089278e+00
3.948114648499511770e+00
7.505593250507944347e+00
5.847016217947880179e+00
9.209425836644832275e-01
2.838026973695999988e+00
9.863503837727435331e-01
5.953678328480517479e+00
3.236798385059994398e+00
1.324811129804211118e+00
1.480991061491573557e+00
1.984516554530169063e+00
2.896329304025887286e+00
2.646467161325008810e+00
1.696774567822883384e+00
8.694027245730618247e+00
3.421359942457246284e+00
1.778257633646547875e+00
4.421490458529316214e+00
1.972981326897073950e+00
1.308676002633280211e+00
2.624632745031298509e+00
2.691308556576127220e+00
8.233734955790407151e-01
5.905828365085683984e+00
3.435775060706896866e+00
2.153365662833250482e+00
8.990707518295689704e-01
9.867776192119417367e-01
3.698642722882981904e+00
5.109734797064585443e+00
8.537586791122770080e+00
7.983138956876604242e-01
1.069298549359490647e+00
3.703951509529030961e+00
2.231359366740283789e+00
3.403846778472289891e+00
4.772414945910782968e+00
3.858273346460130870e+00
1.021168377293994789e+00
2.429960387918201903e+00
5.527329078321245426e+00
8.862908270058640348e-01
3.488249407242979272e-01
7.869476460047788891e+00
1.419423566033387818e+00
2.294909856412909122e+00
1.744362307080775665e+00
3.288564533552243763e+00
1.244062257745243594e+00
2.846956394986869476e+00
4.115606252004553767e+00
9.912321378472850331e-01
2.648276014203461592e+00
1.556439221029382036e+00
6.002502133516026683e-01
6.586083731444559719e-01
3.757845623072354257e+00
4.137732034320746877e+00
5.818820911384650074e+00
9.393204798348390838e+00
5.858292639332906226e+00
2.108394402749127483e+00
7.484673077629105942e-01
6.339257381477361175e-01
2.131822549657655497e+00
4.770187087918127844e+00
3.151848322909598821e+00
7.744463380939712316e-01
3.159421409118186919e+00
6.060853294174798345e-01
4.618312829406730380e+00
5.033452724371753284e+00
6.890612315915509711e+00
4.274660209051351245e+00
1.081544161086535061e+00
5.928092720921216419e-01
5.182969973609168335e+00
1.545573593017820935e+00
6.516402407897937898e+00
1.695143029155901315e+00
7.710510520707879456e-01
5.777116530400826511e-01
4.102903469283450733e+00
9.413362980996502483e-01
7.080006403066341214e+00
3.747847469416206723e-01
8.463279499318505650e-01
4.244707296833482246e+00
5.817555374186976991e+00
2.541559843846197264e+00
1.606114274598577918e+00
1.769871264078226591e+00
1.420206933661149140e+00
3.309696206899622073e+00
4.992398356438868312e+00
2.220071286995874082e+00
3.262960614837321138e+00
1.633803774921628760e+00
1.147551605146681419e+00
6.041407457862416841e+00
6.107093545235690257e+00
5.630456413576938601e-01
2.146168540012880932e+00
1.368511090516663975e+00
4.020921292495239219e-01
2.543302061539852943e+00
8.699888840188019223e-01
1.593020668492040492e+00
2.069792942369695243e+00
3.321479257464848178e+00
8.119560624089839251e+00
2.406643420639051456e+00
1.778719606541139697e+00
9.392970785962372560e+00
4.061953297446667110e-01
2.998029276950116895e+00
4.025913042436470302e-01
2.674261513176671379e+00
8.821932607266010251e+00
5.567130564231214107e-01
7.928971918533163077e+00
7.404085448027382110e-01
3.879718765047178719e-01
2.082319756066482785e+00
3.436324508944447853e+00
3.522063627506198724e+00
5.552794348790909496e+00
1.712813790002021497e+00
6.794094049248594613e-01
3.594811778640267796e+00
5.217361918841232793e+00
8.523542195179956149e-01
2.486221516652000751e+00
1.914555490720099673e+00
1.246953889642527180e+00
4.680710133551679308e-01
3.303886272711673566e-01
5.796189882252356096e-01
3.465748937025094345e-01
5.048952100583868230e+00
3.503785138391549148e-01
3.903582157742332193e+00
4.626218720797286021e-01
4.993790752128851596e-01
2.876634870393762089e+00
6.426697364657811828e-01
4.117691400220103937e+00
8.117930366292265276e-01
2.563525499733008584e+00
8.382555823202485712e+00
4.467457181293668533e+00
6.245511856828408481e-01
4.860184591514683738e+00
4.141414735804707092e+00
6.555898454680361143e-01
5.137195379783963567e+00
7.319046574660945659e+00
8.089063227332529138e+00
4.237565903316225402e+00
4.020994804630766417e+00
4.068064971453841494e+00
4.134063835464505843e+00
7.750942524150649326e+00
3.106927703374713357e+00
2.268507607409373517e+00
8.519065826009907250e-01
3.487950426740750398e+00
3.273026195830643914e-01
4.955903947248986086e+00
4.615785862346363233e-01
1.350831378244946368e+00
5.730972861559503473e-01
9.185586700956106521e-01
2.614118470547421857e+00
5.966216586730660687e+00
4.384882725778138202e+00
4.705903396702884045e+00
6.406052101038703928e-01
2.559094666195696366e+00
2.182280962945484237e+00
3.054678780476406619e+00
9.320741999252186716e+00
1.246478729765187143e+00
9.191221185059526011e-01
3.368251504492203452e-01
9.234376754980386792e-01
5.901803690620587517e+00
2.991954235653467631e+00
5.425073451839291794e-01
5.320181288575096090e+00
1.357383021457166716e+00
2.935481793478379675e+00
1.331937381654367814e+00
2.044529262996268137e+00
8.978015922134868765e-01
1.509771758113456430e+00
2.404104604928118949e+00
5.788164258551998564e+00
4.353282225949402395e+00
4.668888799977561455e+00
5.003800026848811422e-01
1.518185901874681054e+00
9.636393577423524315e-01
3.686303262038165940e+00
4.861828457568721618e+00
3.370318288180466748e+00
2.066220139329635774e+00
4.308222663244097306e-01
6.668064498441626853e+00
1.845810709573389552e+00
1.462054405817295510e+00
2.097425209735347185e+00
3.341305292441751007e+00
4.802392875909011760e-01
3.925457301846476454e+00
7.124646363386054615e-01
1.568679763646204428e+00
3.074677535560049968e+00
2.451137195441441374e+00
2.728583937268802995e+00
2.404609565572174201e+00
7.600464586590494065e+00
5.626109915582667709e-01
6.162485904051440144e+00
3.699374613100946396e-01
3.927892675226243302e-01
1.397317960758508004e+00
3.744342215778834415e+00
1.194967242521368211e+00
3.877271761769036207e+00
2.645332632810350137e+00
7.764329485870756775e-01
1.653102126627803203e+00
3.218413411523053935e-01
5.598643364514326315e+00
8.507926472603777324e-01
1.884646537039952552e+00
2.044847786365110665e+00
7.594623590176682093e+00
3.614362286519794853e+00
4.260166973431507853e-01
3.941542743711173191e+00
8.548616517959255034e+00
1.662528424621025458e+00
1.357060088514855378e+00
1.037332504154724555e+00
3.501391962617246723e+00
2.202739722973979575e+00
5.905629309987375564e+00
2.973856455806887844e+00
3.573748824643801503e-01
8.923383945610410262e-01
4.701411993613244245e-01
3.357631999666421674e+00
5.524478226531517322e-01
3.255252946414083581e+00
8.428451638129996759e-01
7.989009856958977362e-01
7.164645208996757830e+00
3.363831797940726731e-01
3.759367423976808786e-01
2.011966576244471394e+00
2.569924204887882535e+00
3.056028080389212587e+00
1.035399391255864332e+00
5.071748680996587266e-01
1.526888813981926551e+00
4.080066765536733087e+00
1.311533336531987226e+00
3.955219612644960137e-01
3.061379797567021388e+00
1.697310370263114931e+00
4.855945894477430080e+00
2.563238217806301122e+00
1.526087977583675759e+00
1.217671425369285965e+00
8.613244183502279938e+00
2.836871588627824625e+00
2.483882364218151562e+00
2.758899524468122255e+00
1.841695363666175700e+00
3.218413411523053935e-01
8.109956211460582765e-01
4.330057066429011114e-01
5.994591103639525187e+00
4.120780977319842719e+00
2.407040373483583018e+00
8.144597274818764276e+00
3.368778820203899294e+00
3.124302149726184030e+00
5.924467832992276861e+00
3.970355193772820979e+00
1.234166181267935203e+00
9.074763695925206486e-01
7.152588178701026145e+00
2.115113322614960545e+00
4.255676486146671711e-01
1.917491789436838845e+00
9.074726287170292949e+00
2.370085592396091290e+00
1.661437058204135564e+00
6.212350965513773193e-01
6.226478266933561656e-01
2.791099112359323176e+00
1.153179845962217343e+00
4.171656334950254452e-01
5.130759309157072456e-01
5.860191369406938300e+00
2.505306816228564770e+00
3.717121013168811494e-01
9.498133961751795695e-01
8.098873411833321656e-01
9.879630489815550698e-01
1.138940930722170730e+00
4.294994989878881952e+00
3.940009948518722105e+00
4.022731804060872385e+00
2.990574944539925006e+00
1.167914962897286024e+00
1.170264297164119949e+00
1.158146458687173697e+00
6.178271381791397232e+00
6.300885817044586723e+00
6.699498417571433606e+00
2.169984424558528247e+00
3.181766673597203443e+00
2.427535963601586744e+00
5.399785269161563317e-01
8.557997514486211932e-01
3.742057704308175747e+00
2.652551563669579338e+00
1.266420432433598808e+00
2.563646990131680070e+00
4.453910048699731283e-01
2.424205182317463514e+00
1.428262120811757407e+00
5.331476280890701247e+00
1.918084984614473409e+00
2.506105795045983964e+00
1.566020413289229252e+00
2.232387130287430743e+00
2.423748240972841472e+00
3.215963250153480502e+00
2.629972005590835771e+00
7.189597074615551309e-01
4.237822251196199375e+00
8.324871905088228274e+00
2.319126272628370788e+00
8.405237838523278882e+00
4.195207235358848763e+00
6.823323264103073882e+00
1.133853435072878391e+00
1.156392139753796622e+00
8.833436916572230402e+00
3.692540019756258562e-01
1.520505459529851056e+00
5.957665467658911140e+00
8.806400590005647455e-01
3.527401321616654983e-01
5.158097856363751399e-01
8.402847630743913721e-01
1.840700351393173451e+00
8.774706656864433851e-01
3.220544346471921671e+00
2.155762553770920853e+00
3.739725166927647670e+00
2.810851328160076879e+00
5.481196663455547124e+00
1.963979451319922021e+00
4.595697359911845026e-01
7.332987524329670492e-01
2.265930341384018387e+00
1.382685215973684434e+00
4.043843684522415494e+00
2.993077491539835044e+00
8.429853495902125404e-01
1.124795387914809153e+00
9.783395418680700395e-01
5.702804213116786869e+00
7.188998448968038080e-01
2.056690003632189789e+00
5.730925476912216432e-01
8.506530328222297044e-01
2.272951882334059093e+00
1.739418790455527164e+00
1.728921023066662954e+00
5.555047787600205567e+00
3.744254643062354670e+00
4.062815094693801754e+00
1.363765754144828257e+00
1.466533170766862959e+00
6.951245397071956766e+00
3.346382867734185140e+00
7.034216683027461059e+00
2.642703995080222246e+00
2.853288424288822345e+00
6.821814542524821334e+00
1.172855339447612666e+00
1.131061251068266271e+00
1.093864742138905388e+00
3.506999611211028545e-01
1.001631137627755797e+00
8.518485998287670391e-01
7.176877426161086149e+00
3.522992081460591951e-01
3.046599789213101150e+00
9.444319670221865692e+00
3.989518440268971511e-01
2.542532207244202258e+00
2.837475778502938972e+00
5.572848322078339578e+00
2.739821019771826016e+00
1.629704303541747556e+00
9.211834902425154459e-01
9.754391733702265199e+00
2.977383170215795349e+00
6.886573649297037525e-01
8.619711829176443629e+00
1.602520194346666038e+00
2.765548865593711714e+00
2.247947358965816989e+00
9.529268112912002708e-01
5.276576232253191279e+00
9.241154464348955599e+00
7.266353168907846438e-01
1.266897977885553139e+00
1.205966931593493330e+00
1.902070806438264539e+00
2.250981355778859161e+00
2.491125836308711428e+00
3.581087177233975183e+00
1.741399708334193219e+00
9.237145781021829372e-01
1.847379442296994023e+00
6.856136295242602152e+00
9.583674971684684740e-01
3.938667641247243889e+00
7.622110124471537240e-01
2.617036317340522000e+00
1.463841530096741561e+00
1.131988618614996556e+00
4.061383622737078092e+00
4.745077221554816482e+00
2.111718832267373891e+00
8.413170161356646304e+00
4.878056887276318587e-01
3.000251972236866127e+00
2.402036838536713237e+00
4.409028239174798136e-01
5.944623108402710132e-01
6.548696543693349748e-01
2.136365333875231087e+00
3.360264694204097569e-01
2.783952626908957395e+00
1.410184555442790089e+00
3.040521316142678732e+00
8.557348116927265824e-01
1.696121584428072149e+00
3.924353397476771477e+00
7.784947894193018358e-01
4.976341199772632784e+00
3.515985133819248709e+00
1.376737075026512658e+00
1.954222847463739976e+00
7.781608779370878803e-01
6.105187802392736174e+00
9.433931238915604922e+00
1.469905436127274090e+00
3.981930935428611651e+00
9.413294628688116950e-01
3.751565688405593679e+00
3.218413411523053935e-01
2.163780447649694683e+00
4.917632310468912138e+00
7.893813747551035043e-01
7.520608095435881602e+00
2.400408867862353635e+00
7.127487555504790073e+00
1.209461583590546452e+00
1.891549753265231448e+00
4.302413496325145026e+00
3.282301767668548420e-01
3.697219288426662587e+00
1.239650584194518013e+00
3.651705019636041771e-01
8.952655325220389315e+00
7.569178561952871753e+00
5.838456752301727448e+00
2.258946556225286173e+00
6.099781732156087655e-01
8.960529554503438021e+00
8.111376995351424313e+00
2.234220925693382931e+00
7.940857366428283326e-01
6.413049556449238464e-01
2.857304882970847171e+00
9.350018258441348706e+00
5.258543643302492576e+00
2.418006513706887795e+00
2.993365743351876773e+00
3.398567235671832609e+00
2.308733140788461036e+00
4.176956661778520541e+00
2.019109726263641491e+00
4.143286705957666349e+00
2.208959273725787043e+00
1.664486867634409339e+00
1.841081597925204649e+00
7.112913497491264003e+00
4.640264378872238638e+00
2.799125541705277609e+00
7.867739025686783627e+00
6.243027107394210518e+00
2.245332845127773869e+00
4.609956416111707256e+00
9.125147312101923092e+00
9.673671842300236579e-01
2.859604147904458049e+00
1.275474488367641657e+00
8.100635169356057430e-01
6.506640782626823771e+00
1.006178225710321339e+00
1.367150156719860288e+00
2.674223953247390373e+00
8.392044137639352641e+00
7.229876984562129127e-01
2.889673136115786356e+00
1.389749031029528403e+00
3.157258353817249841e+00
4.739308092325463129e+00
4.382331941287955779e+00
1.765590602737532766e+00
8.335198552143753048e+00
4.986096651137782443e-01
1.158477934882720550e+00
1.475143356754428536e+00
7.437615361474255948e+00
1.781412862826896815e+00
2.199969119691106645e+00
1.866255586716065951e+00
1.226466763102000757e+00
1.817240495038820569e+00
5.279598425668057260e+00
3.269157211129523510e+00
4.104653632863749735e+00
5.856724095811618902e+00
8.063436859267145707e+00
1.574815098649303025e+00
3.112081503700141916e+00
7.344350630279510739e+00
3.333234491501518293e-01
1.085048061543723019e+00
1.427182641317310319e+00
2.649712207224101945e+00
7.055279972975519343e+00
1.636064458611204087e+00
5.576671959167125436e+00
3.218413411523053935e-01
5.264889577994550152e+00
7.741983594774578537e-01
2.116853134846379270e+00
2.000580756065021504e+00
8.973119971437055753e+00
4.699522655914588398e+00
6.811996614546336204e+00
3.187664847175694316e+00
1.183182900848167129e+00
4.908413128554928728e-01
3.672849698550723074e-01
1.182251862472452508e+00
4.844084169403471307e+00
6.192581352728112165e+00
4.907908820367505309e-01
9.385737791152042320e-01
1.235325761872311023e+00
1.592894174414962505e+00
4.524044757315798471e+00
7.362920449583486793e+00
2.699114388993380409e+00
2.954236112776112311e+00
6.810219135673664326e+00
4.040087534791196866e+00
8.708366817413919492e+00
3.004574391217866847e+00
7.723585150882258610e+00
6.431262467548675144e-01
1.438441591689181731e+00
7.896028529156698950e-01
2.783412697898179911e+00
3.594709946782029153e+00
5.753574688016105831e+00
8.770767474586037560e-01
1.276994075339132007e+00
3.017239483959746948e+00
5.610568515882519147e-01
9.118927728542830735e+00
7.730004915162384194e+00
2.868912420629888160e+00
6.603370086800204319e-01
1.233779949398347231e+00
7.800549372960348116e+00
1.889189187074231446e+00
1.747273397686521568e+00
4.032499025736015597e+00
8.838540186299125523e+00
8.096522648156424529e-01
8.104772841432255959e+00
1.121015415408609606e+00
2.866929662990196359e+00
3.908677953747841993e+00
1.331783811299548814e+00
3.478403914693657395e+00
6.908756088524133920e-01
4.618770545943491790e+00
8.514401735352654654e+00
1.515454470298195133e+00
8.462730435253787320e+00
5.285297002671631716e-01
7.349655863389689125e-01
6.098716859428690018e-01
1.664931186753274783e+00
1.215208141682725840e+00
4.245099949152767671e+00
2.995143975575171424e+00
1.453957936299081544e+00
4.184396307611390142e+00
3.218413411523053935e-01
2.535573883378679394e+00
1.501656753473165962e+00
1.027873219681431305e+00
4.971964776999128865e+00
5.036514034349576008e+00
9.371757944544597763e+00
3.705822121500511046e-01
8.393904703417605973e+00
1.422102586120007395e+00
1.058117934751175770e+00
6.844896376481393041e-01
6.953286855065999639e+00
5.425963486396335744e-01
5.938347695076351407e+00
1.279204355324957465e+00
4.914563432685470357e-01
2.008220468443728812e+00
4.523428235109577256e-01
3.919287457848573131e-01
3.341175106328928557e-01
1.001475411863573806e+00
7.895085804406710039e+00
3.743113321036823371e-01
3.457215185811963298e+00
5.593573295620202224e+00
3.782539532534358262e+00
4.689018383943968082e+00
2.335584753426380722e+00
3.886548240456948022e+00
6.689816086827183206e+00
1.394912489644306808e+00
3.225621718602358357e-01
1.709159283966663168e+00
9.219632846811594007e-01
7.438593818306424854e-01
2.286638979860369236e+00
5.756403618737564898e+00
1.395284179035966465e+00
6.707244931180876835e-01
5.733657444902519051e-01
4.782387084431308111e+00
6.867414403292715797e+00
1.264649077644402375e+00
5.449958230335030684e+00
2.103368151392593255e+00
5.215460470341160004e+00
2.308773098086781328e+00
6.753999345334052329e+00
3.442599938000684201e+00
2.313865370474254224e+00
6.602724243503268475e-01
6.208990544452182014e+00
1.326594050701692451e+00
6.043538060643070864e+00
2.558153895829145430e+00
4.939620978154130704e+00
4.418497270484497363e+00
3.086251792747679801e+00
7.629012686200407956e+00
1.641602731170492602e+00
6.239581881647072947e+00
1.037565973537064368e+00
4.939184254723857359e-01
6.414401340235431626e-01
9.449963417932185195e+00
5.428909284675444979e+00
3.267742308861536049e+00
3.412184905147037650e+00
6.574881340572463762e-01
5.619219224621794240e-01
1.842236203819608287e+00
5.272763454832442021e-01
2.618162539041776871e+00
5.890335309323265989e+00
4.922241470800268748e-01
2.083654983095633906e+00
7.222285966299696547e+00
3.218413411523053935e-01
2.468151916048253902e+00
6.183395057592883104e-01
5.070103937543239070e+00
1.530727115902167368e+00
3.044856679340719019e+00
5.846675888866488258e+00
7.507118434985907918e+00
1.533917083179018315e+00
5.006164169865815694e+00
1.741857229617502334e+00
6.829840853915754018e-01
2.499177689464333607e+00
8.548539120475570074e-01
7.158878976619961199e-01
7.738142159172588519e-01
1.363148382895831068e+00
1.871443609828906229e+00
2.958332494456548112e+00
4.657029953607317196e+00
2.429336013380509751e+00
1.702522144202715415e+00
2.584511448202921002e+00
2.513137804738386549e+00
4.982891744466917849e+00
2.467864420801055836e+00
7.244379301702515761e+00
1.476256980399099694e+00
1.834622152994125566e+00
2.483333558267160956e+00
2.259021329215077589e+00
1.136798203733602630e+00
1.809164752621676309e+00
3.609467034454887369e+00
5.584709487358143765e-01
4.312791532529595684e-01
3.551768760271967751e-01
1.254412185043223049e+00
1.980540577501222366e+00
1.735174505057145433e+00
9.543854294093137014e+00
7.479288513928967319e+00
2.048644712788369571e+00
2.112680896309833134e+00
1.761986037297011976e+00
4.675373112179038948e+00
1.823950409057855326e+00
1.078687257722961590e+00
6.802842223568813296e+00
1.525801618633304102e+00
3.218413411523053935e-01
2.049800872403274354e+00
9.083547131920829409e-01
2.303959226014013595e+00
1.203432343115713898e+00
3.432445688018111341e+00
5.425123211740658924e+00
2.867726779952793237e+00
3.175522559663029654e+00
5.195677581396720868e+00
4.248698848423354768e+00
5.146535916708330660e+00
9.845305637435534107e-01
3.229065706885591691e+00
3.061457485901212472e+00
1.171539427363845975e+00
4.292683695851837733e+00
6.389779650156004465e+00
2.578100909583614708e+00
1.356332720601582942e+00
7.791201045070422770e-01
2.792149473764414580e+00
4.159785604174328077e-01
9.072973301786979583e-01
3.372035486442045649e+00
3.925018789464730151e+00
3.499194361681278176e-01
1.070539701764330554e+00
4.440800069403211814e-01
7.724816079228998822e-01
2.366773754043745903e+00
5.638905424844206316e+00
1.145438662857204859e+00
5.490369398270770196e-01
3.444899755077350800e-01
7.152734091597848121e+00
3.815990996079918762e+00
6.774946071816380311e+00
3.623394116593791736e+00
1.922215843603265917e+00
6.135958341927066684e+00
4.663604305972665065e-01
3.142866787861710254e+00
5.494631626845730032e+00
1.169588623476796263e+00
7.433589678317114036e-01
5.852373658264629075e-01
2.380449760384773406e+00
6.567433751016723775e+00
5.872791899268084981e-01
2.152369265860325065e+00
4.110319001681181916e+00
1.101415505002089290e+00
3.409526507570331821e-01
7.233306827957213248e-01
4.358024921348481406e+00
5.146807406025462051e-01
4.580612057010362115e+00
2.271097731177805112e+00
4.908847014997038904e+00
4.174295055261334042e+00
1.012995765350262145e+00
7.026497205159532022e+00
3.964999535682886656e+00
5.841398297991697852e-01
5.174600659230821798e+00
6.820607092438420338e+00
2.427724907243495878e+00
4.298674343698464462e+00
7.142215094044932933e+00
1.141721830621075684e+00
3.489290262244484353e+00
6.090527494437600886e+00
5.799304211284786348e+00
5.398744341820320702e-01
8.018381791313753837e+00
2.386161884831710100e+00
5.374744705412181744e+00
7.233468947336092469e-01
7.459580207784964889e-01
2.835210367799678721e+00
3.128065842613503289e+00
4.041999193970288395e+00
1.361181003600014705e+00
3.905022332452453337e+00
6.573102220127244877e+00
1.972597170457516924e+00
1.723945509483177707e+00
2.141946056627679784e+00
9.566501527277633699e+00
8.374161276034589596e-01
4.665552820265174150e-01
1.013184478980092340e+00
2.052060377482485709e+00
4.034790128353656691e+00
1.072270021646750227e+00
9.304522304335902660e+00
9.671933309692666292e-01
2.252600818875891697e+00
3.399265403500650873e-01
3.090345622870553033e+00
1.971973845773519196e+00
3.996031690156767624e+00
4.787841280578816416e+00
1.837244225328455771e+00
1.961448137934946878e+00
1.133631440424979653e+00
4.308709877441567748e+00
4.879229818102944982e+00
2.905728289857246072e+00
8.708726398391709367e+00
2.910946227611025616e+00
1.736317631346577794e+00
4.316595793892247457e+00
5.287461391134296029e+00
1.842151388624147845e+00
2.016668318070060639e+00
4.836574044396869887e+00
4.349787048607874240e+00
1.738197628477587298e+00
9.338306343305365687e+00
3.091630300700535905e+00
1.046048665877414408e+00
4.956562601659838307e+00
4.293085647009291961e+00
1.991571556283954436e+00
3.154692787848615509e+00
7.839429665803326230e+00
8.560349720240321147e+00
6.427124548813963889e-01
2.540361915894185696e+00
6.878603745782825296e-01
7.713434966157397987e+00
2.894039035344852184e+00
4.083317725352159089e-01
5.668587451379483166e-01
1.791074920824129224e+00
4.130064999463261444e+00
6.409886212396016525e+00
3.923466967975082209e-01
3.838438251539167734e+00
4.028769838217378663e+00
3.415486939713404002e+00
2.591863870189330843e+00
6.717187843397982583e-01
5.072589573698218501e+00
1.135397966906453782e+00
5.994166366401927348e-01
2.253556584988489320e+00
2.036051183399780751e+00
1.873149585700636388e+00
1.449972174302718964e+00
1.545358530768538685e+00
7.470434157151682797e+00
4.177098451647189847e+00
9.632147481559325541e+00
3.791949694034676188e+00
1.047327423851357020e+00
9.542078718071593801e-01
2.467922107519916697e+00
3.365634267573290206e+00
4.225825745751147777e-01
3.352996127116317560e+00
1.918276805276413866e+00
3.867337392152457309e-01
4.218191019951038068e-01
5.929842182818120477e+00
8.760193640921656311e-01
3.315500600479648341e-01
1.483232577507219041e+00
7.488732085902956026e-01
3.529460263512619100e+00
2.393789749007837919e+00
5.201566602174390042e-01
3.062357318885231994e+00
8.573775467745662349e-01
4.444837750204521098e-01
3.831229187784533363e-01
3.064700545832954148e+00
1.214894810243005718e+00
2.996878505397462256e+00
8.993095520412145438e-01
3.997769545721275186e+00
3.280799378858018311e+00
8.982825941648982848e+00
1.091025221568054926e+00
4.323672257680518882e+00
1.086227855198627079e+00
1.326968428368210606e+00
6.858897815475420989e-01
3.543206249165454569e+00
6.480708008058694070e+00
2.730336997063207427e+00
1.654455300231356674e+00
1.656748163291545506e+00
6.299196612279749807e+00
3.839435509538533520e+00
2.771785055470163073e+00
2.747103638577800933e+00
3.494576853300483510e+00
5.717715285156259597e+00
1.462745394041779612e+00
3.388090246504247283e-01
9.391315551145366092e-01
4.880828887286493334e+00
2.790210225240476127e+00
1.358935605816797620e+00
2.714691328696452910e+00
4.563207854026018140e+00
1.450406434154159374e+00
2.715831525124540402e+00
1.182974050054252935e+00
1.114161266678587614e+00
2.862425590114236584e+00
9.884488419553991712e-01
5.494075872907782099e-01
1.357455831334667407e+00
2.809969599672045515e+00
9.844627082219787884e-01
4.419907518956202708e+00
2.719527160580582859e+00
2.556254910097023103e+00
2.108136300401155960e+00
2.123018450113883571e+00
1.930349796386714445e+00
9.803543827519403564e+00
9.146705644594699258e-01
5.216095113579918063e+00
2.681365494436791952e+00
6.736785756505330180e-01
2.021800942019518654e+00
1.033422168900565374e+00
6.197895147675630545e-01
2.342022079638717447e+00
2.706254550817604354e+00
3.415469028996865219e+00
3.772073598883454615e+00
3.541213528636871222e-01
5.268254834049027613e-01
7.844602239819705503e+00
1.398375725543557602e+00
3.655517789777180226e+00
5.928155533270204058e-01
5.416347986418039717e+00
2.663585850820509915e+00
1.755338146685750278e+00
1.808167563635849184e+00
6.016901849453510920e-01
2.921449911017478751e+00
3.813481142676943048e+00
5.979381935619444421e-01
1.064600950056859840e+00
7.698503919036495446e+00
7.093072292135413015e+00
2.695612280360020652e+00
1.245932108080239908e+00
2.667703726671413644e+00
3.788033265943573813e+00
4.533077892507497153e-01
1.073664117095304071e+00
5.248934115018227820e-01
7.242008899548279643e+00
5.279263217902983030e+00
4.533831496010386708e+00
4.846688727953933906e-01
2.867834475800466798e+00
2.036040153238675376e+00
3.025160668098166195e+00
1.237053132052633453e+00
4.977553669517420509e-01
1.263437715774078596e+00
1.684293408991174079e+00
7.102599087271283196e+00
4.289356982150409614e-01
4.295995140516402078e-01
1.709592769409212787e+00
5.995182650442334449e+00
1.163849792264785243e+00
1.047480333628674432e+00
1.508109743520197332e+00
9.253813739129359561e+00
5.313024628970400842e-01
1.355877065490722844e+00
1.196624374262274637e+00
3.618983000216464685e+00
4.527179312577056969e+00
2.749814060683631212e+00
1.286716561507480927e+00
3.753931632894922821e+00
5.800887153444165278e+00
1.139524223334027475e+00
2.498165839100926711e+00
2.782173928708199906e+00
3.878345208642218989e+00
8.533021738472670314e-01
7.574972614895273182e+00
3.783397810488728363e-01
1.481630433275200831e+00
7.895819598530658290e+00
1.664838090325406972e+00
4.664375507881491911e-01
4.934070765785588009e+00
1.094299762490364092e+00
3.564138581422171548e-01
1.706428259125867708e+00
7.228907324051131233e+00
2.737082809025265018e+00
1.548472479027015236e+00
8.299929375837766798e+00
3.902726358853196853e+00
1.198367937770794089e+00
3.776953080560676579e+00
1.048206106191335030e+00
1.542465452209848209e+00
5.087139148933927935e+00
9.671491139993591446e+00
6.629167026082882330e+00
4.414385944785252036e+00
1.365716512803540006e+00
2.387377142162423471e+00
1.688303732796069268e+00
6.113644913944730197e-01
5.196555006011878142e-01
5.418470778716564240e+00
3.209064895434893483e+00
1.374546287769283337e+00
2.823957243487237978e+00
2.656324232126595408e+00
4.734651300760220671e+00
7.815152440720194882e+00
3.936968072341775482e+00
4.052488600630154814e+00
1.384177561074267704e+00
2.182476174337507846e+00
2.252155395525169190e+00
1.005756496783765330e+00
4.297867527294342294e-01
2.292759022567694593e+00
2.876090194654818522e+00
3.990289929411890424e-01
2.327568299693138165e+00
7.638821798154263876e-01
4.041343251283908700e+00
9.576824272057352871e+00
6.993279743517718527e-01
1.207851227364320490e+00
3.373550889946552278e+00
8.835535340017012018e+00
5.416111640181241471e-01
2.772001213620746363e+00
2.890381575047103357e+00
3.211895929480111711e+00
4.806442010420932220e+00
8.363140265828919340e+00
5.156276579235969493e+00
3.411669157322465562e+00
2.602026743763384165e+00
1.001451864221960530e+00
1.192867523490136250e+00
3.390242926589208228e+00
4.924502188584032325e+00
8.688173930366328790e+00
8.123074556847454275e+00
9.744113616189576943e-01
6.547079294410141914e-01
2.976126323329548740e+00
6.568175977885327477e+00
8.720524154157972774e+00
3.636874283172665812e-01
5.050851446747759432e+00
3.066234759917178199e+00
6.282561048994968367e+00
4.949144101032887377e+00
8.524497077307680470e+00
5.662234412566727215e+00
8.602077836428561497e+00
1.146650132926809063e+00
1.444067683910432276e+00
9.808864512723203255e-01
1.473078876440494733e+00
1.782918789174764651e+00
9.217076372171463916e+00
6.342902107490865360e-01
6.149233049570642651e-01
4.359937557455352830e-01
2.601527844337693463e+00
6.683912860793673971e+00
1.143358427591057769e+00
6.919784183908392450e+00
1.806567495247418664e+00
9.809292942650033709e+00
6.460432323537231847e-01
9.481314614961946496e-01
2.829984776300766391e+00
8.282551935469649962e+00
1.644637387087873659e+00
1.291349428034602953e+00
8.271167777789987241e+00
2.977353277308691926e+00
7.088001802386962868e-01
4.329991529012608531e+00
7.583602917950449385e-01
2.272866507399020630e+00
7.027456705794647984e-01
4.312791911725774585e-01
3.248262142358329108e+00
6.816656211486528782e+00
2.413837446776442075e+00
4.642735384947295429e+00
5.425752198397209014e+00
3.058665728434678766e+00
3.234887370479980984e+00
2.204575328895924891e+00
5.824018271194496554e-01
4.565383650184433040e-01
4.316027045277740726e+00
6.236322370278889693e+00
9.357263653421042937e-01
8.640413275763455525e-01
3.733292113748942764e+00
1.116099611462112895e+00
9.277716457178186715e+00
5.299754477160560917e+00
7.756305385240382932e-01
8.120933180286359354e-01
4.605778851071576696e+00
1.840116994498154801e+00
5.984115901797500747e+00
1.367016968492060336e+00
6.019992816947054015e-01
7.419691423670562003e+00
3.283556552708033482e+00
7.588911941658675886e+00
1.761222501866831935e+00
7.689241520563212084e+00
2.756207182416038126e+00
2.431563016580778225e+00
1.578343364949914340e+00
5.405347576257125475e+00
1.548100391920179231e+00
1.241547472262316765e+00
6.467110186807624173e-01
1.469798382746946075e+00
7.492872595478440978e+00
1.651794917720321054e+00
8.482083466657521775e-01
1.017462173748383769e+00
2.245644751682292828e+00
8.286586202928362122e-01
7.487932818294847914e-01
8.349344318446589863e-01
2.184386494578917759e+00
9.070420056606637971e+00
4.185111537331504650e+00
2.857954918389352006e+00
3.393611088812233945e+00
5.470320480117528694e-01
2.837121925574244141e+00
1.161900101221991610e+00
6.937024801539150021e-01
7.619458924795922128e-01
6.996787689673183763e+00
5.140534159488513444e-01
1.535991766769979172e+00
1.347012138453297370e+00
9.179968353871434061e+00
2.252733899829668651e+00
3.148748254346084963e+00
5.802833152123518801e+00
1.048644592816227350e+00
3.888411560162174929e-01
3.989523622744115094e+00
7.814286836586566976e-01
1.692868865933926603e+00
5.568090454273949552e-01
3.804316493767649909e-01
1.843527515728931032e+00
1.525152908017899156e+00
1.246606528795915825e+00
6.915893382625132091e+00
6.096251247824989505e+00
2.439407961648524914e+00
3.550180034187501721e-01
5.400130752751246543e-01
6.708715514175539463e-01
1.482454313212349106e+00
6.271821993964287856e+00
1.929397603271221007e+00
2.024939932853445868e+00
3.697276693825418459e+00
3.442606799406096596e-01
1.090925846436357372e+00
7.320326883877572577e+00
1.676485284339740423e+00
3.419370067925528445e-01
1.769332042173851427e+00
6.903882227906563696e-01
1.222826730092616554e+00
8.444824020546732868e+00
8.567901777632700444e+00
3.571109704382569916e+00
1.097720438497685302e+00
6.281728788654891149e-01
3.467810964535066987e+00
5.526602406346726504e+00
3.139221253565553926e+00
6.507624208955776979e+00
1.145015526640585257e+00
6.196480748901547209e-01
6.940562004188989276e-01
7.718684000032707271e-01
2.597119088250396057e+00
5.246461393914958471e+00
4.450714731170675620e+00
9.431163103807460146e+00
1.461987264510894891e+00
3.002225939941721045e+00
3.206798273006315814e+00
2.596518571668137376e+00
3.637459368583581210e+00
9.797274862325533462e-01
1.776676534750223135e+00
8.669506869706033569e+00
1.505894466305056412e+00
2.442486340158325664e+00
9.248457415061683839e-01
1.900854579583073578e+00
5.533259033868345611e+00
1.702571588168028560e+00
6.942184862743527862e-01
1.777484974814487639e+00
5.100779487855116034e-01
5.351205996972345780e+00
5.469389577073634490e-01
9.275259488785292383e-01
1.595198818996988344e+00
2.685976480794784127e+00
6.167354152521733468e+00
7.388416180640701159e-01
5.149362682056973561e+00
6.566358802049087062e-01
4.289817462346557697e+00
1.476790545295670887e+00
9.242457652104659749e-01
1.155480263958415410e+00
2.169483212160879138e+00
2.819358292967697466e+00
5.192045030176502429e+00
6.944181718358151123e+00
6.619291581556522308e-01
5.463617553012030115e+00
8.872283980498778533e+00
3.713914679735292879e+00
2.774889776287431609e+00
7.622128156365183038e+00
2.231917824679781059e+00
2.231178003319371328e+00
7.128355747985927415e+00
4.857817715711119089e-01
1.854260197640417829e+00
6.943723915313031458e-01
1.683676899261344229e+00
3.235690483236222992e+00
3.023296517107011194e+00
2.079657407311893191e+00
7.927342275121115334e-01
4.084489063333962555e+00
5.034846843407382311e-01
1.038149040395659473e+00
2.077832102745461373e+00
1.341269904635135291e+00
7.696667859163932590e+00
3.675453764072480034e+00
3.647008189989132010e+00
6.434508150052491438e+00
4.657638028533211738e+00
4.574478024130576692e+00
4.552997512506835598e+00
1.683605807222028350e+00
3.119012478134327804e+00
2.976971020267669132e+00
1.842636255991342065e+00
1.270976627438903828e+00
8.860525725148459486e+00
2.946561633123836899e+00
1.023736695912328187e+00
5.279979495363461339e+00
8.745576840896884363e+00
1.282877852120091866e+00
5.871947609855810768e+00
2.508892965599011315e+00
2.316892718013733088e+00
4.591740838611861442e+00
3.191945197848073956e+00
8.877804037281454841e-01
7.826241689107172883e-01
3.422443876555850695e-01
6.145940593047899192e+00
2.280949747024301200e+00
3.591104138227775966e+00
8.870841927632802992e+00
4.829973789940687823e+00
5.897842382144460771e+00
1.087179191221175456e+00
4.006563331051507859e+00
3.481473375650312452e-01
1.845178892924233427e+00
1.410977281425207064e+00
1.932981864888618562e+00
9.414411734022842815e-01
1.208343465618875179e+00
3.070306224931788730e+00
4.576097830963872792e-01
8.787261576733753632e-01
9.389007035123984046e-01
1.277734979605362531e+00
7.698008192317773446e-01
9.729639658671490610e-01
4.822902052632213277e+00
3.267937093033954632e-01
6.751097167859505532e-01
1.331871276780992375e+00
8.221905230633932415e-01
2.333555248289732820e+00
8.386561116412151407e+00
4.175542840252316701e+00
6.665598450614653281e+00
3.929824707774114412e-01
3.357179331493782559e+00
1.378645019729756838e+00
3.073828411931339932e+00
5.471554258782340696e+00
6.009967327267146109e-01
9.894886147222200501e-01
1.045957640396331323e+00
1.996043063197334710e+00
4.441184128614909521e-01
4.531320976996795480e+00
1.249741782236418741e+00
8.190400596710804004e-01
1.632489279442711050e+00
9.568663159990467015e-01
3.540168241216496980e+00
7.421400833535464869e+00
1.175344137314898285e+00
4.500243943016999815e+00
4.318713820514544999e+00
9.742149070976514613e-01
1.184881679941946153e+00
4.006628325752397579e+00
5.901825362753913673e+00
7.152871671478777671e-01
5.074544929280551564e+00
4.511865678782199574e+00
1.284868885146188244e+00
2.101697171376586404e+00
9.750754674812671663e-01
1.611698428335633926e+00
2.168324793325450806e+00
5.555227174901653520e+00
4.766313995834309480e+00
7.666541269358783106e-01
5.522849646842706406e+00
6.932484427186961229e-01
9.584090676857947022e-01
6.935346121974038658e-01
7.875278528607364548e-01
6.369187560842501483e+00
8.148125447698646440e-01
5.927623972109238970e+00
1.158260647153577017e+00
1.577584724055007381e+00
3.793555181707254587e+00
5.719498042736037569e+00
6.633946320512088546e-01
5.858276155612812452e+00
1.720390737328893360e+00
4.536218860934849717e-01
4.154294827457932548e+00
8.036029735634198090e+00
7.950356520788954828e-01
4.357235043252910778e+00
5.063113055287475905e-01
3.587970037311448035e+00
2.145174676479395082e+00
7.081817881504450796e+00
4.335472066298689420e+00
8.284077397634845852e-01
1.638706416863178417e+00
2.586619060179809360e+00
5.356474666818124675e+00
1.418840178463120605e+00
3.430894816261071512e+00
1.320620527183628212e+00
6.619136177468473159e-01
5.679833631815496275e-01
6.685492420089849119e-01
2.132150175056411801e+00
2.172013007805546181e+00
8.356749051824351460e-01
1.436323633106084019e+00
1.760130080222441107e+00
4.685548669733455185e+00
4.642445935481808839e+00
3.964037663885754181e+00
4.174843654696626771e+00
1.189944760939597446e+00
8.517106642927626536e-01
1.383587326884628155e+00
2.184228815856981587e+00
1.140584738316417379e+00
8.331297357807575521e-01
2.193446983648882131e+00
1.650160217094354786e+00
3.328031582786560305e-01
7.161351821872313783e-01
1.485815617570463987e+00
5.546728246483545455e-01
4.704328647170616051e+00
6.661486077767540870e+00
3.345096402360106858e+00
7.968762506317342842e-01
1.590482874886352205e+00
6.529938127333653197e-01
1.415056111506805658e+00
3.136809880518249827e+00
5.493254049180447574e+00
5.977115500575754581e+00
5.240134583858320205e+00
4.278339740910910294e+00
6.795247607735413808e+00
1.065982582507851051e+00
7.086870790536658582e+00
7.723055974361196618e+00
1.369779394128037842e+00
9.013949700929950737e+00
1.774110027590591665e+00
2.371225010225611385e+00
1.522249505163721706e+00
4.332119008565217255e-01
3.633995645315865719e+00
5.339025257209325304e+00
7.115953693597464103e+00
7.751892224210328308e+00
7.158629240929657023e+00
2.766960465126787838e+00
1.758126196411478270e+00
2.013619901925526978e+00
8.782588521772649592e-01
1.381563880598314809e+00
2.397896429365334203e+00
2.677634451353553047e+00
4.084401488706952854e+00
1.803850005867736028e+00
9.328100838504017389e+00
2.984217315438467910e+00
1.104790059870341068e+00
1.732475845723318697e+00
1.784434715730580878e+00
3.385856548323094906e+00
9.554602279005792731e-01
1.472792791229898812e+00
5.139836776523246442e+00
2.427863195644292205e+00
8.187327606932120361e+00
1.058322343566156398e+00
4.258165305318624583e+00
3.112429930173647552e+00
5.404320213364059988e+00
9.550232010473079791e-01
1.236838299459783297e+00
5.446616515450151574e+00
6.425090922075046285e-01
7.284601595381256622e+00
9.034301903077629481e-01
8.716743314942826393e-01
2.719080729155767262e+00
3.980684380158403535e-01
4.955970293450186581e+00
3.973882400443366603e+00
7.086866105555515993e-01
7.104822551297363731e+00
4.550040526887579873e-01
1.018696375219333650e+00
6.492674430886670178e-01
5.967437882678690020e-01
7.660845598827886738e-01
1.708433715283711241e+00
5.955072928972105828e+00
1.649839767240352861e+00
3.484209240416451969e+00
5.365980282224581899e+00
1.796882016622925349e+00
4.687763348778790196e+00
5.493087048685155516e+00
9.451699823252152299e+00
7.508920695186642291e+00
1.090428891531832978e+00
1.533984529379657458e+00
2.494804356615742513e+00
7.928237048727633685e+00
4.272429806486882087e-01
2.223560178333960025e+00
5.193451251836155302e-01
8.098166626093840748e+00
8.227854485755093705e+00
3.554283861283604740e+00
8.654509995449421567e+00
4.941187684528170365e+00
4.056932670486903092e+00
7.367237217272353256e+00
1.047162835624364297e+00
2.366366905872116178e+00
9.861394383242467754e-01
4.774365264235290174e-01
9.491064657975393226e-01
1.115676332477063548e+00
2.126276756546245039e+00
2.166900786082133656e+00
4.478332492558035338e-01
3.392274282593555235e+00
4.014052108784112782e+00
2.818675126749468962e+00
3.644901574101766073e+00
5.760302171651286329e+00
7.620452031465783982e+00
1.108715434736404770e+00
3.207224041424469707e+00
7.474557607602938525e-01
8.548996019455209483e-01
1.351259611798995453e+00
2.649461522288981907e+00
3.819784723207337307e-01
2.159647509617143690e+00
2.519792565777450477e+00
5.211334200240039571e+00
1.735435083542845147e+00
8.094843315456211386e+00
1.982385340371638938e+00
4.740658562304186141e+00
6.667287673121185421e+00
1.262410035015623100e+00
6.131883607344004172e-01
2.075721296960495454e+00
1.194968855182491296e+00
1.001357288742943163e+00
3.351900217263976689e+00
3.118677327219564255e+00
4.249146473082417330e+00
1.541176082131175074e+00
5.110789631749643736e-01
9.105640336544986724e+00
8.562861455439667591e-01
5.935763284662138872e-01
1.021991911868179725e+00
1.417112487424161849e+00
1.188732975182726248e+00
6.375566832619017354e+00
1.416998128196639506e+00
2.874212357549642771e+00
1.200661502216842091e+00
6.592347925062387315e-01
3.069722592825104623e+00
8.576808024552671217e-01
3.950934950328335304e+00
5.939252113397162525e+00
7.289784122036272684e+00
1.136757200999570339e+00
1.650746532431300651e+00
2.759228858049961097e+00
4.839953165979302696e+00
6.614449018167922745e+00
2.322975152911916030e+00
1.358107965984459042e+00
4.967275033816836993e-01
2.763355317969629965e+00
3.324115871191484217e+00
2.895974180701462952e+00
4.765631887926698451e-01
8.264121474646644927e+00
5.277709871892027671e+00
4.446141621137011057e+00
9.412559122072794437e-01
6.370613208956152462e+00
1.923376356998274694e+00
6.154859555885964895e+00
5.388846734036336628e-01
3.781442494110423547e-01
8.813983820186697571e+00
1.351727307032028813e+00
8.178543261323195646e-01
7.779993253717031543e+00
2.744305350795403609e+00
1.768135304699081756e+00
1.172012934296029263e+00
3.041056273636036256e+00
4.326907502639231851e+00
1.822588817132303474e+00
4.713622911675580673e-01
1.128278462409129990e+00
4.443262951960369911e+00
8.061366592924583685e+00
2.254969707107299826e+00
6.281847381927589957e+00
1.682565071678746360e+00
3.164718385034540393e+00
4.996402823019086448e+00
3.541310519900573439e+00
2.298597675796981488e+00
6.047561758800752862e+00
4.319929641673556198e+00
3.120789521921284226e+00
3.427778426274195933e+00
9.434004656855234927e-01
1.045669942556129772e+00
5.962263376019685257e-01
5.856705628666785124e-01
6.683645734282612771e+00
7.486929027103364831e+00
2.373335922878304416e+00
1.100523054636833420e+00
1.197223382998471752e+00
2.504754588154343153e+00
3.173273787589341755e+00
1.020528115145614478e+00
5.773061112585860855e+00
4.658179332744462720e+00
9.204484051646632636e+00
4.881253314829472889e-01
7.883491170568347473e-01
3.927240833734534586e+00
4.124294851300329690e-01
2.126982664894732977e+00
6.881917602218476482e+00
9.765348385386171115e-01
9.804596032324923272e+00
1.738042854521323788e+00
1.184902358561943370e+00
1.616993501979806958e+00
5.504453417940807780e-01
8.894244412188785365e-01
6.792221814728041096e+00
3.478184443238865331e+00
1.183035939582240736e+00
3.334881814723646976e+00
1.769826818504377064e+00
9.539357352363902365e+00
9.524298909295633164e-01
6.429165928669430485e+00
1.798018567407283053e+00
3.918746477095785274e-01
2.869620851949643114e+00
3.868060783083701715e+00
4.090050799364144396e+00
5.399711880512023665e-01
3.733160712179187657e-01
7.410500238210563362e-01
1.459704018940864545e+00
7.695142539613628152e+00
1.452582148012345975e+00
6.511657149270054790e-01
2.855256632422325858e+00
2.354638294223012629e+00
6.466409359389300171e-01
1.214806677739581176e+00
2.547726599860008267e+00
1.598331980424667620e+00
1.124771482782671583e+00
5.605171270864868216e-01
3.620855845601775314e-01
1.716711362158619858e+00
1.598054987151573236e+00
3.681400169369767994e+00
2.224370669250836929e+00
2.557529371189632528e+00
2.044409334859487171e+00
1.913111763798748033e+00
3.541910142386340277e-01
3.325825530699235699e+00
1.858562746182787162e+00
2.670216582172183273e+00
5.524573970375282750e-01
3.032082590965297975e+00
6.875068179778247579e-01
3.185910555592401217e+00
4.016881569819804598e-01
2.520550144678240123e+00
1.140998795127832421e+00
1.156227999031312459e+00
4.562116059520317513e-01
1.629581752853682231e+00
3.256375949942722503e+00
5.949920431514841290e+00
7.353928099114941830e+00
8.909595600763167145e-01
1.877161822570676986e+00
1.678128713506311653e+00
5.296479505192920323e-01
2.722532506339656155e+00
2.668059232346040588e+00
5.590628585350425617e-01
9.079527439847787651e-01
7.824753253910303741e+00
3.408269841831051750e+00
6.963718119977916565e+00
5.059726581486921226e+00
9.557232020869939504e+00
1.964487981495174562e+00
4.896946313635607839e-01
6.729976664334700764e+00
2.036764846382290273e+00
9.883054842891588754e-01
6.722952017607203068e+00
8.908921423361477743e-01
1.295199233458328214e+00
2.397903981061358714e+00
5.486050224058851565e-01
6.869051677228848796e+00
7.435756297613851373e+00
4.957145839386186026e+00
5.468216419302808218e-01
4.021768361589042939e+00
6.457918423816739306e+00
9.607310145384467148e+00
8.766925866690375990e-01
3.052129741512694228e+00
2.198587076875929025e+00
9.738992973695347333e-01
1.530802097110989912e+00
5.790145116413927262e-01
2.649594400024127161e+00
8.140151238648234866e+00
5.382803435231521272e-01
2.195159406494431753e+00
4.428267738935470099e+00
1.156727940284279166e+00
7.183501587817301415e-01
7.441133458424711300e-01
4.888347062873493520e+00
1.157701067145662677e+00
3.036381600446773632e+00
4.951563719827080656e-01
1.560372807724549116e+00
2.503675377599970719e+00
2.246111172865875805e+00
4.050078904208112895e+00
1.837053497366307520e+00
1.552010183216353090e+00
2.257662022142135960e+00
1.100464256811042318e+00
5.740779951463197861e+00
1.093098227555595159e+00
1.080111200521866710e+00
2.876424069937913774e+00
9.186286146058890711e-01
3.171671407495205042e+00
4.197107155808225798e+00
2.781912518962005976e+00
9.774962160273339418e-01
6.302252771083286298e+00
5.666236503772385191e+00
7.901991372683776937e+00
1.338845636432802300e+00
3.102585033890906896e+00
5.299423856490408369e+00
3.900907875056476737e+00
6.315683868986876615e-01
4.346292945136364660e-01
2.989874723238045817e+00
3.218413411523053935e-01
4.913625690310821081e-01
2.668924830419841410e+00
2.989369833154378320e+00
1.045511819257015196e+00
5.187587545820123935e+00
4.323935055786622073e+00
1.240324387889964131e+00
1.528378665644100520e+00
8.817612832675758128e+00
3.977804949151976466e+00
4.584044588483900395e-01
1.270082706090791103e+00
1.027016069395697784e+00
2.451296230396490472e+00
4.530732996097770915e+00
1.995329430333542708e+00
6.594260710347596977e+00
2.305093515354688982e+00
1.464903291728668622e+00
7.879073820385458227e+00
6.654121057230932834e-01
3.939920869378302992e+00
1.424651266765307955e+00
8.844786172629582666e+00
2.523459575918092668e+00
7.686108210938506602e+00
4.322134208193337823e-01
1.215110562213404188e+00
1.843065352398525425e+00
1.206215092322401317e+00
2.079660582839097938e+00
1.708837750968887237e+00
4.493846817440878993e+00
7.911031959863358276e-01
2.809459940993001670e+00
3.902433366388317726e+00
9.519418778473075493e-01
4.127039805738789369e+00
1.426919148911136581e+00
4.622496614637628731e+00
7.317268199432390707e-01
4.010765077134868406e+00
4.459578165733028676e+00
3.966038591614505116e+00
6.975702310824759556e-01
7.586246552551247468e+00
1.738873736943843618e+00
4.221496000073584831e+00
1.361907529212552426e+00
5.420544502652849594e+00
4.843246362526484106e+00
2.265151421864496584e+00
3.763394202474763972e+00
4.053401363446150540e+00
4.704033034849340211e+00
4.605453660405746108e-01
6.233510955443889445e-01
2.057197986017768709e+00
1.452819267601823006e+00
4.931791704236188956e+00
9.590484108761244686e-01
6.441583215875058777e+00
1.145866101410383253e+00
1.975121424606073317e+00
6.090642505398097262e-01
1.438455288505633201e+00
3.949546414843136066e+00
1.603788571773903326e+00
1.448999059515357235e+00
2.061291394171045788e+00
5.465713926092288233e-01
6.088661340469084804e-01
5.151301379000599034e+00
3.226443401150233203e+00
2.942470124138791832e+00
3.978341697563423818e+00
8.361431265772750976e+00
3.575058492837031032e+00
2.034000288991190342e+00
2.315814362638973112e+00
4.931927399020303859e-01
1.081088794286630739e+00
5.442622965878419983e+00
7.167104104322567615e+00
6.700605301746545450e+00
7.826627027833149342e+00
1.271906991317786062e+00
3.566852798568550753e+00
4.185883432298475038e-01
7.270456850898103784e-01
1.450441013130250756e+00
1.278578913451983157e+00
2.314604218197080066e+00
4.331378623549550611e+00
7.292349614005885217e-01
4.406875694828143786e+00
1.307924587862650201e+00
7.770355996996460846e+00
7.788285352427545050e+00
3.080176236356104269e+00
9.306940888507273968e+00
2.277859689595747472e+00
6.167705482964812580e-01
3.253452257869276831e+00
7.909689668381382432e+00
6.821340877322706886e-01
4.969889359365335935e+00
1.077370888177076047e+00
9.635900115331149651e-01
7.566628253091778333e-01
9.804981260336684823e-01
5.116341971323430826e+00
2.703360877874878998e+00
3.487255875753279000e+00
4.487936853849823216e+00
2.292544739090307981e+00
3.218413411523053935e-01
3.617504069344565365e-01
7.702696012699226102e+00
1.121195160479288688e+00
8.065269568712835069e-01
4.308576690665443465e+00
5.672996018937833895e+00
6.408863975475003194e+00
2.234779525955994828e+00
8.633186186038173116e-01
1.282731987428747722e+00
7.335840281835056542e-01
3.239905690127236615e-01
5.389908244001873072e+00
5.872256051231039109e+00
1.320155337246993854e+00
1.420339585166358498e+00
5.087186017156108520e+00
1.341439419947115574e+00
7.054261904572953767e-01
5.778419737349540508e-01
4.614136387771754499e+00
1.108500213084626207e+00
2.376633038841378109e+00
7.637095359586751897e-01
4.506475109272535251e-01
3.153493708818413843e+00
3.859850391150262627e+00
6.663985463599272352e-01
4.014394593727272031e+00
3.528983967379506037e+00
2.877322158138112318e+00
2.915477142824105528e+00
6.010799053454871643e-01
1.161403511457129500e+00
4.338536826820517112e-01
2.243163221824414855e+00
5.401999547100906351e-01
1.008789416968735031e+00
1.503523297221498245e+00
5.923492479033118485e+00
1.580646045294188617e+00
3.615516483991440655e+00
3.086082710737525492e+00
1.973962479122077340e+00
7.800243484706391506e+00
5.469290183337447431e+00
5.809240012655848773e+00
9.023392184688655560e-01
3.884444580473907505e-01
2.750419779818023880e+00
5.609460889725892407e-01
4.020754494292603454e+00
2.018035129781559078e+00
1.543603687153989990e+00
5.605555852479203516e+00
6.819613459673213640e+00
5.669902183801641016e+00
4.829384937983393633e-01
4.985890113921324085e-01
2.822390978011430462e+00
1.135941420235042632e+00
2.649088101547633745e+00
9.136528644905387297e-01
6.902919765659830675e-01
9.759080584841980377e-01
7.906904077866337310e+00
2.329725272092452393e+00
1.780773003436004753e+00
8.677544015654843346e-01
7.529696027868175712e+00
1.296051486927374929e+00
3.372446924851819183e+00
4.119465361873419162e+00
9.680994156539743045e+00
1.117618229803038377e+00
3.222362796404880658e+00
1.354701158354565615e+00
1.484150686371882966e+00
5.074313874828472848e+00
6.405390576568373184e+00
2.894786473575998276e+00
7.335775104429953508e-01
5.921691139633773915e+00
2.014354382884254058e+00
1.112519214397276635e+00
2.860919479792547016e+00
1.831555944838720196e+00
2.212907102757836419e+00
8.650145040220570181e+00
5.126049607162551425e+00
8.430331272421729416e-01
6.950431101349953122e-01
5.005613567425584165e+00
1.416811265890250748e+00
1.623420538339307884e+00
6.384780478293350825e+00
4.090502133318317135e+00
1.686312147533621353e+00
4.398388285244799079e+00
1.730139094335524597e+00
3.304025205030146850e+00
5.691978055799120639e+00
2.640979462493383778e+00
7.747079963147722736e-01
4.413911710256262388e+00
6.959578434047916096e-01
1.792600451406153983e+00
8.593039180057358450e+00
1.227370477499420076e+00
6.380763329812323414e-01
3.600794741898596829e+00
6.629967326949116613e-01
4.714993777944223585e-01
1.569981173513217199e+00
5.605183627933381096e+00
1.796549360332293066e+00
3.935249953244657206e+00
2.815252509208674425e+00
7.746510724619470878e+00
1.158753691696026600e+00
9.644032213833632072e-01
3.284308946925813988e+00
2.063129408827498512e+00
3.353274461050533839e-01
1.670914479664539876e+00
3.218413411523053935e-01
2.758600126966423538e+00
5.296736295208597234e+00
1.465830591207592182e+00
4.858821161403536482e-01
1.081287273915087166e+00
1.537352793376038473e+00
6.719568276575987875e-01
3.024310271193181077e+00
4.507188632885483770e-01
9.430382101648322468e-01
5.830851766351579535e+00
3.157246163350570622e+00
2.368421394966808702e+00
1.060439585306800270e+00
8.837112163981227786e-01
4.025464867164792793e+00
2.645086112056268313e+00
3.669716926487660014e-01
5.296435639441900101e+00
7.359770002842810577e+00
6.029178324131507338e+00
5.376472282664426228e-01
2.672350572674413449e+00
4.423006194200366004e+00
2.766671616332590400e+00
8.570775894626684988e+00
8.896497001974943419e-01
3.968039406596992613e+00
2.748706680544349190e+00
1.001366509495272172e+00
1.328792227547858307e+00
9.219433711076173710e-01
9.232737692530320617e-01
8.909886164448034274e-01
2.060749287496415949e+00
2.510821836583925215e+00
2.366986966613703114e+00
4.104437523630448670e-01
1.156445107576318465e+00
5.113121286569911383e+00
7.396539754134632716e+00
8.074421664069156179e+00
8.881454787683354724e+00
7.997386603990885856e-01
1.891847479160254641e+00
4.127339933262320848e+00
5.251688958115397377e+00
2.977753078206117898e+00
1.691430794615828237e+00
3.738308440506969088e+00
5.618184197746063369e-01
4.442939206895439863e-01
6.652637990986064453e-01
3.321170860846821005e-01
3.766626073293128041e+00
3.302407207524495347e-01
3.674181453009008891e-01
1.953291330042788321e+00
7.656803541697319027e-01
9.582976977881063618e+00
5.332263981260900731e-01
5.147436912118856789e-01
9.023306650470642509e+00
8.665369482137936785e+00
5.459553009711584082e+00
3.538299943714055651e+00
2.901025547788628423e+00
5.982827208733649815e-01
2.264146302025777935e+00
1.782801696186542051e+00
1.681637335154561930e+00
8.576730526300003987e+00
9.190616371181289379e-01
8.545845216771661423e-01
6.807897157721017889e-01
7.210338990764650902e+00
2.534904578789477725e+00
8.023543304582894109e+00
4.203478325294923712e-01
4.868370372661715351e+00
1.750656308900607527e+00
8.232739851620727300e-01
2.619488033266945681e+00
6.224188451653381859e-01
4.794291326068786940e-01
1.213363451706588769e+00
1.038306551807746336e+00
5.974646355221640004e-01
6.279411361864979391e-01
6.049089664870134442e+00
7.911079971074023165e-01
3.141084983503008132e+00
1.267056784067708275e+00
6.002901331859332723e-01
5.690319959914210024e+00
9.618612070887239796e+00
2.241596021474566491e+00
7.409950425291884635e+00
6.338810022481803363e-01
3.416548377511912982e+00
6.064077728477403895e+00
6.325175446791448941e+00
5.122852182225722251e-01
8.856916794309436236e-01
2.295934420382673480e+00
3.925474647059647992e+00
6.298576343050164006e-01
2.981063395977728625e+00
6.508834595329812123e-01
1.817396581905005748e+00
6.498420857704285680e-01
3.271361683331894366e+00
8.477359827884930477e-01
4.408105919012483831e+00
4.792146772119551201e+00
7.266707540663775999e-01
1.477233666303334747e+00
7.606428248995752206e+00
4.280252183711093394e+00
8.114656143980152336e+00
3.310201630048358323e-01
1.121928731734963769e+00
2.478417214359424303e+00
2.661623180389219190e+00
2.515532504959035354e+00
2.369450720692512391e+00
2.289307929137062825e+00
5.955504681585562787e-01
9.462297305357063593e+00
3.547185239658356415e-01
6.023697435398378097e+00
1.248100990974519320e+00
2.437408271975641139e+00
6.256882714564335757e+00
3.099658848094063668e+00
6.701191338202630021e+00
3.367063481609028353e-01
3.195111382684829415e+00
4.499826838965603204e-01
1.422315203234384207e+00
2.681931455382918550e+00
8.928418106996657500e+00
4.742294886792002284e-01
7.637547012737366803e-01
6.745736517210541017e-01
4.167114914692050531e-01
1.331460072785661364e+00
3.046287284819388930e+00
4.637118835269237849e+00
4.376843828779825030e-01
8.599889596827535732e-01
1.703525200467748801e+00
1.043979325932170577e+00
1.310461857613577807e+00
1.273085577417913949e+00
2.287455650709933952e+00
2.740044483589605395e+00
7.822388278479820434e-01
1.530909099549762731e+00
3.335827937829726864e+00
1.103763696129947958e+00
9.927363295423011769e-01
1.975138969645449105e+00
7.580620167027077194e+00
8.231340265548098500e+00
8.383119851747938833e-01
2.247758500390106828e+00
4.868414515975894474e+00
3.671418156081530881e+00
5.508001644026928822e+00
8.731152367833822092e-01
1.489595668641541915e+00
8.793976958558180623e-01
1.429850972738315740e+00
1.659617720823074682e+00
1.201705004450516201e+00
1.638143759243352315e+00
4.513021479601681207e+00
7.831193589312314352e+00
6.623224534071657565e+00
3.513370481910199850e+00
1.584186498636317220e+00
4.986331689823163771e+00
1.336152278179707276e+00
2.717442551461915823e+00
2.424400035111276885e+00
7.723583340536265496e+00
5.995207277519390310e+00
6.233819519103185325e-01
8.305731869421993707e+00
2.574180533446562613e+00
7.107117720265834215e+00
3.564445855380433681e+00
6.725821534890860098e-01
2.120797326139924888e+00
3.747493923984944741e-01
3.420541111107339161e-01
5.142278847571583711e+00
4.860295442033779612e-01
4.646946515435050884e+00
8.542537713675909528e-01
1.510406735944603396e+00
1.344032345677141915e+00
4.645100325446406275e-01
7.783814411314144976e+00
5.151608959562965495e-01
3.656404076502322464e+00
5.002953598891728859e+00
2.774424668214778844e+00
2.937103397206338506e+00
3.588090376167561435e-01
2.268318153238219281e+00
1.491787005683441469e+00
1.505408234016674340e+00
7.112761854714786391e-01
3.586416022301821993e+00
3.857504416414659687e+00
4.348318243692815166e+00
1.052855944566309043e+00
6.765601429246824061e+00
7.811323973361632422e-01
5.302730661186629391e+00
3.611124432251023197e+00
8.973768165260821661e+00
1.037245225477254174e+00
4.411581614100078319e+00
8.506808143014498169e-01
2.313285577275178362e+00
5.870944727089306703e+00
3.297962744122164391e+00
9.733433137806308810e-01
5.627233050920749768e+00
7.682186654279119509e+00
2.987394857156696393e+00
7.067886497299870285e+00
1.258523426932231182e+00
4.860678630191697658e-01
2.179519621785364958e+00
3.147475035134625898e+00
3.923273699067070019e+00
3.968416190437069169e+00
7.221997122156106341e-01
1.926387106957534456e+00
7.375599714088352243e-01
5.331853983669364361e+00
4.710782933890306778e-01
3.912561835035645696e+00
7.969243288093641464e-01
1.731478870234590461e+00
5.747627934941617056e-01
8.305764613058447265e-01
4.272284026957551828e-01
1.162813391153497244e+00
1.779412958069657824e+00
2.645753522011721870e+00
7.119547827936374418e+00
5.355247474308798772e+00
1.190823387465334893e+00
4.502421597704759915e-01
8.020468435418008912e-01
4.466071266328720313e+00
6.815628363760361630e+00
3.774450210132956895e-01
2.085051542129458646e+00
3.154367124879933648e+00
2.268353492756468359e+00
4.320781891626798710e-01
2.510247658870102150e+00
5.789642614577130253e+00
3.420094928833794512e+00
9.405309656018113751e-01
7.420817138669338897e-01
7.718358582727774753e+00
7.632995344358839418e-01
5.537789193218576322e+00
2.665576536572313415e+00
4.947980602857495191e-01
7.026609856945134069e-01
3.465435781894210532e+00
5.275917376085261790e-01
4.978579253143455396e+00
2.677405997641725932e+00
5.003455535484881977e+00
7.072908444128576111e-01
3.457143127387674597e-01
4.750702707457140406e+00
1.169743510884247106e+00
2.534754685204749336e+00
5.357986552154525128e+00
9.080988263333477084e-01
2.230141027624433558e+00
2.659296790322439819e+00
4.183079483117891906e-01
2.875603491296677028e+00
9.819948919808883403e+00
5.860654094957594040e+00
5.499229979935554846e-01
1.510474040039605503e+00
3.977213946550631540e+00
3.897367456797125485e+00
2.948547543773667901e+00
5.254884889597208009e+00
6.743732057393256873e+00
1.841536949056051808e+00
1.328789978071836853e+00
8.237898419744726919e-01
2.043534128432959118e+00
4.753761808113377896e+00
2.203107574123720269e+00
1.919723032689993225e+00
8.349231993370975768e-01
3.226108178089972522e+00
2.696116652984992257e+00
5.114054089843794060e+00
4.411997491922095449e+00
6.886721873006938388e+00
2.485720275468276341e+00
6.391486297180438703e-01
1.454263192938117566e+00
4.245997472769972525e+00
6.367224207656289714e+00
1.372303477932737437e+00
2.216259296516151611e+00
9.125677040354146285e+00
3.124858015038828540e+00
2.489042567473833234e+00
7.376107352479948531e+00
1.694614168007862798e+00
9.980272979934942112e-01
7.836038074233613315e-01
3.524977783478385973e+00
2.210064827366945206e+00
3.165585686740317151e+00
9.894015912131420842e-01
3.942955152164999699e+00
7.357038025613805710e-01
1.487724194631746766e+00
3.748224006804658170e+00
2.108893996697196460e+00
6.081260682891191927e-01
7.820947478191154767e-01
9.852759453646965371e-01
3.660854843791685465e+00
5.833463620335103350e+00
3.732673074095252730e+00
2.073623947059259010e+00
4.184501132616506025e-01
5.287216248567286669e+00
4.594082923804928775e+00
3.305589614308280577e+00
8.532472345286183923e+00
3.950104337920400610e+00
9.225945471280487808e-01
2.481082983576115897e+00
2.045693128673232941e+00
1.447280729488455320e+00
8.502244458885004352e-01
2.440920040279181080e+00
4.443621622542960892e-01
8.569263647692481056e-01
5.152895168013045257e+00
9.524697669441577474e+00
8.658166890882945665e+00
3.505348164039864045e+00
1.274774993602925788e+00
2.050709097735991637e+00
1.164902968482769863e+00
1.808917691155792484e+00
5.907267402414596802e+00
2.436070280902908447e+00
2.017701191045246922e+00
1.940028087765689913e+00
2.368658726861743169e+00
4.684426257702217211e-01
9.544280763807117651e+00
2.964060002517530545e+00
6.220487467819539873e-01
8.895125676911037615e-01
4.191666612869468622e+00
2.924334417164126787e+00
4.508369983334598707e+00
4.225853906677304317e-01
2.930643894728136800e+00
2.810383189674896975e+00
5.383986634828156426e+00
1.869369086660326529e+00
3.882053215525964163e+00
6.164051915257099390e-01
1.227623670276394519e+00
3.440759213602876176e+00
3.192650842092993102e+00
8.638192784651754774e-01
2.331366989051461669e+00
8.497128620528867415e+00
3.372019399046154220e+00
3.150566001995102283e+00
3.014933885050170570e+00
7.770723971795856500e+00
9.822354544902701656e-01
4.334775709626756957e+00
7.650817820524754787e+00
6.039675050032414783e-01
1.066173489822779263e+00
8.540867651332346711e+00
1.209977912846869064e+00
3.797869648079902904e-01
6.439634446429954195e+00
1.368838815852349011e+00
3.314747412448096231e+00
6.307027784709250184e+00
7.656594723337215136e+00
1.891303996651110708e+00
4.050935556327850406e+00
5.005406092255140216e+00
1.484489501129205413e+00
1.005197681631871287e+00
5.252726119584687492e-01
1.066068230228264690e+00
4.579484132044357558e+00
1.276561708141216167e+00
1.100522311548498111e+00
9.687870066919240797e-01
1.083966169026038706e+00
3.845601116072281389e+00
3.148976806658710714e+00
3.893629636280502737e+00
6.330562919495883456e+00
3.489091381417395166e-01
2.115653029273990349e+00
6.874293673621129308e+00
3.182854817743234754e+00
6.262618318583177413e+00
5.326040259291684897e+00
1.677757083594849874e+00
1.023217090951369368e+00
9.055170507674129565e-01
6.905909403145689573e+00
5.040306679554487523e+00
2.772793818180239622e+00
3.239165684555548319e-01
4.084332930822107244e+00
5.096244399548734094e+00
3.283507361989006501e-01
2.095952374281169650e+00
5.459136256763370554e+00
3.068822543811470460e+00
8.519460853243963072e+00
2.487575124855884390e+00
1.675736313837426827e+00
2.389116748864492656e+00
8.244729574265968752e-01
6.021701584584489453e+00
1.000318333456587272e+00
6.901060563726068020e-01
1.665027376341093657e+00
7.776897147992164250e+00
2.469949238244363965e+00
1.129082644226519383e+00
3.706586955658353499e+00
4.645077949771356240e-01
4.803531871089133931e-01
5.318617918463125704e+00
3.218413411523053935e-01
1.415010658639171748e+00
6.313056992517495303e+00
1.018978091058273971e+00
1.303148126278192986e+00
4.093982726310552711e-01
2.953990254931211368e+00
9.810858247417794331e+00
4.518639608548256525e+00
3.730739424827699824e-01
9.358542697512008957e-01
2.122044764591045407e+00
9.971390266192545759e-01
8.991119196700257943e-01
3.102149657658960891e+00
8.317657155017538884e+00
4.210061561593660961e-01
8.340728492197943211e+00
1.209024286409943638e+00
1.531790013944772211e+00
9.797238912231284180e-01
2.447531215721489239e+00
2.155612539181589682e+00
9.563699091525895923e+00
5.647348358553739622e+00
8.288108657662689449e-01
1.594339198168309490e+00
4.968107954376694280e-01
5.704798862620335420e+00
1.924804314706060060e+00
8.687628117152218499e-01
1.841398422918724798e+00
7.180528520524076086e+00
1.365552267303409284e+00
6.792717880215966009e-01
8.559402582675156523e+00
6.411142624585807859e+00
3.712759896221656142e+00
9.032787761847853591e-01
7.667595742561825745e-01
3.627771805492691737e+00
2.677821723072196569e+00
4.227048631094702635e+00
5.325488399259944217e+00
7.775187774584082501e-01
2.291601517941831645e+00
1.844244171970242041e+00
3.143474409178586004e+00
1.564036686892896322e+00
8.185385072205665358e-01
1.594383131969499656e+00
7.204130144076849041e-01
1.591639580657890685e+00
3.734439221606819181e+00
5.372153867918209258e+00
4.143326349027734778e+00
4.056773856965141256e+00
4.117773681790081741e-01
3.797328769607343002e+00
4.425898188572721992e+00
3.825998701109698086e+00
1.759787984073939660e+00
7.603726711726486620e+00
9.225258088886585384e+00
2.906037217786588300e+00
9.152730031474598515e-01
7.708276653560388603e-01
2.663429127043515532e+00
6.559504256437505454e+00
8.096814914056746915e-01
7.519886404560157667e-01
3.192060145105888758e+00
4.759674910690522509e+00
4.424614916442307866e+00
1.526815712564758121e+00
4.126238959246131266e-01
1.161762667091990053e+00
3.218413411523053935e-01
3.218413411523053935e-01
1.559284880684964181e+00
8.640778059957606727e-01
1.534022556025319117e+00
2.610982753577012705e+00
4.059229479209117919e+00
6.668536064880528080e+00
5.833033423511686522e-01
9.685660737041090762e-01
3.121488921203299238e+00
6.493048753090661096e-01
1.206381014570320209e+00
8.393843122645906485e-01
4.269562459234759744e-01
7.383344235714967674e+00
4.404831069474436367e-01
4.200111348094631714e-01
4.556620620208430061e+00
1.187239700617323424e+00
8.124533119607479925e-01
1.375868579841535100e+00
3.233663408041828058e-01
2.822229653093048185e+00
3.117534446308835694e+00
1.200758118624135395e+00
8.266932980006215459e+00
7.839681879024221089e+00
6.672033168901986278e-01
5.332493892449752249e-01
3.710909788023990519e-01
1.477815599196309115e+00
3.095821814835490571e+00
1.045344652527941065e+00
3.218413411523053935e-01
4.398241144612194731e+00
9.213559535723542249e-01
1.278097862570751975e+00
5.308960124529865654e-01
1.985338186649606484e+00
7.659041612288801648e-01
1.462892203258507662e+00
1.570063927940777093e+00
3.028101189929448989e+00
1.069808237000587470e+00
5.284171555081273119e+00
1.989847087102382561e+00
5.059929218289981989e+00
3.601958736725119348e+00
5.896481708523495513e-01
5.387960462937052775e+00
7.148255557016615747e+00
1.262137918046626561e+00
5.170539414346764673e+00
1.196682532941876431e+00
4.656912715152558668e+00
1.265207128533828218e+00
9.396061033036924304e-01
1.374391294045167911e+00
8.842368902059531521e+00
1.223932886455854741e+00
1.142954469087202440e+00
1.039198251114209492e+00
2.043134962935605259e+00
8.819686417861041239e-01
2.907671534250105161e+00
1.281445251909493876e+00
2.523607087142113681e+00
3.419374684993617408e-01
6.092585034398677601e-01
6.308370081400090923e-01
4.592644458268198449e+00
2.473643449735009714e+00
1.912043914919080212e+00
3.204829882022047105e+00
7.181685034488228814e-01
8.423209921444001935e+00
2.552483239021763772e+00
4.684838704866950643e+00
4.027501998404039996e-01
4.744956383916587028e-01
4.902336513413315444e+00
2.683724284050722275e+00
7.906403267159519466e+00
3.324422104021113711e+00
1.595560735171344113e+00
2.768084863350724234e+00
7.829904358175679979e-01
1.504431812346815889e+00
1.181658886486990578e+00
5.709787019697237120e+00
6.514049968301552918e-01
5.556987126641995900e+00
2.190526948882593139e+00
3.462875727774147538e+00
1.990247477678862342e+00
4.648802377771409589e+00
1.454935812567565101e+00
5.088817421933918617e+00
2.456516311336418568e+00
1.285438379548290433e+00
1.675053067891727254e+00
4.449609482625828782e+00
1.562313617827165713e+00
6.369025158944092713e-01
6.950191894852997265e-01
6.896378947145145322e-01
1.808214734535115387e+00
4.230769358626615961e-01
2.903980639667781194e+00
7.564256786068344951e+00
2.164931427082140036e+00
2.640183529175879507e+00
4.460478808250815663e-01
6.891575672194015789e-01
1.364786117302140056e+00
3.667953509478419916e-01
1.228329005544646746e+00
4.707512557455128532e-01
2.543340710618331446e+00
9.869980696627185246e-01
1.658602523482275659e+00
6.828421221942544417e-01
6.192636611496552534e-01
1.675564850927272920e+00
6.046155693487282434e+00
3.802035827724436157e+00
3.493127261971310737e+00
5.917732938366447648e+00
1.410253330148377504e+00
7.134070905218324876e-01
1.640509354851788837e+00
2.347692913702518425e+00
3.720012648365183860e+00
1.299350303338564938e+00
2.700054954240064475e+00
5.333652861520207011e+00
4.498496051402124940e-01
3.294179040173720097e+00
2.131644850879585107e+00
1.541827149308649725e+00
8.585047526985511990e-01
1.467458763006083577e+00
1.397994754987073485e+00
9.447661681099280173e+00
1.631617673460324491e+00
6.451016397397446589e-01
4.409339857963469278e+00
7.742248884033126055e-01
1.036958181488574882e+00
6.643571587616967644e-01
4.438757947559902051e-01
5.985120643007562080e-01
3.619989301110195234e-01
3.037974097678459717e+00
1.021125473187024069e+00
3.746272310017298435e-01
1.798774415508246127e+00
6.935147198489604925e+00
1.421009436587631347e+00
7.088499214998926767e+00
4.113966938307152432e+00
7.772764774046063252e+00
6.953995544527852957e+00
6.948628399586765703e+00
9.438012607278899679e+00
1.308332924691200772e+00
1.835435132175711193e+00
4.491678497295189310e+00
2.450079736727039936e+00
6.522464823795501854e-01
3.249837342331594048e-01
3.596787481539430953e+00
6.591061431869875697e-01
2.131363753188368459e+00
9.501287922097580996e-01
9.340181790013334151e+00
2.348269248586139391e+00
9.215051027691463226e-01
3.218413411523053935e-01
1.804135622361386693e+00
9.062235048907785639e+00
1.312980922784543258e+00
1.264320410916207615e+00
1.317256560581353986e+00
7.348473289185302182e-01
3.218413411523053935e-01
2.061510920554734394e+00
3.338162393959629881e+00
5.432579232890324406e-01
3.639543815287347717e-01
1.359477420264313174e+00
7.280482676613765136e+00
2.757498616554978188e+00
2.296539447613111573e+00
2.953304020380491668e+00
1.129287647613572476e+00
2.562193651838551300e+00
1.318858859505896985e+00
8.438137279651913403e+00
1.342741834317536576e+00
3.346845954436494797e+00
1.734865651174152035e+00
1.387695018593101626e+00
6.080598272201843457e+00
5.954431009598754265e+00
3.387841056042444898e-01
6.674008147003031022e-01
7.845413551434038402e-01
2.574541485696960397e+00
2.037213216372051772e+00
2.446106832258515329e+00
9.362321733020331216e-01
3.397302693105806348e+00
1.291084453461974979e+00
9.468096778929622204e+00
3.196439865893217824e+00
5.784932020093908056e-01
2.195156840723294422e+00
3.367783916893434704e+00
5.180181185359470142e+00
3.385260940883881631e+00
2.996035533452303667e+00
2.053586433971972269e+00
1.394858653889345934e+00
8.732325168596173359e-01
3.179110261848864472e+00
7.592507687995364130e+00
4.123235710524420838e+00
3.084854852283144933e+00
5.358102342828390263e-01
6.114246952705591376e+00
2.481699829853714068e+00
5.604167569827220863e-01
6.903759949455112732e-01
1.701197846620447374e+00
2.589753198901374454e+00
4.696178946211474248e+00
3.518566796688462173e+00
6.687164114277966975e-01
6.833758978496072833e-01
6.097220086515815041e+00
2.072876870085837098e+00
8.312160344573843451e-01
5.414302612698090655e+00
9.393153897197515922e-01
8.259839949281021276e+00
2.474753621061941633e+00
6.874156114805710871e+00
5.915371829702952944e+00
6.611929697756200319e+00
1.426023951369189469e+00
9.557710593521612230e-01
5.431296439779853991e+00
7.168222731869137165e-01
2.409105151273854606e+00
7.977673661686267570e-01
2.758563496935245940e+00
5.040733331473521428e-01
3.776008607214351720e-01
2.791263970212406686e+00
3.906988539081163392e+00
1.011183937483959294e+00
9.628065560006856538e-01
2.702863114354591811e+00
1.494609494369894431e+00
6.899828859524146374e-01
2.262271109052260698e+00
2.479128799522416937e+00
3.977291208443534121e-01
5.364120942107723167e+00
1.030865397923223403e+00
4.465733066003348961e-01
5.391906337859729836e-01
3.282950176252689811e+00
1.860063360490463502e+00
1.729882421193321473e+00
3.100108829814438138e+00
4.274410924505201770e+00
2.913245342686384021e+00
4.258859350860214055e-01
1.242470795362915714e+00
1.212042654811069653e+00
1.697798410102509203e+00
1.621783517121114127e+00
5.433517679475417417e+00
4.524527192955419608e+00
1.299598508240234152e+00
8.382123425696480723e+00
2.356191018653840175e+00
1.411826057358043895e+00
2.954078017442897774e+00
2.741528304059013266e+00
1.590158399141366807e+00
4.069413338479536124e-01
7.019263739662117807e+00
5.613066982664257631e-01
4.220176359291086809e-01
9.054151504812182338e+00
3.309215390548419844e+00
6.384920242122965384e+00
8.767283430221988194e-01
9.631859030603814986e+00
4.491136480819189813e+00
2.460244787156495860e+00
2.317991612776212573e+00
4.300159080109456688e+00
2.781460871074152408e+00
2.126928759450687600e+00
2.212106710507541152e+00
